1695800346.76,-0.03,-0.01
1695800347.36,-0.03,-0.01
1695800347.96,-0.03,-0.01
1695800348.56,-0.03,-0.01
1695800349.16,-0.03,-0.01
1695800349.76,-0.03,-0.01
1695800350.36,-0.03,-0.01
1695800350.97,-0.03,-0.01
1695800351.57,-0.03,-0.01
1695800352.17,-0.03,-0.01
1695800352.77,-0.03,-0.01
1695800353.37,-0.03,-0.01
1695800353.97,-0.03,-0.01
1695800354.58,-0.03,-0.01
1695800355.18,-0.03,-0.01
1695800355.78,-0.03,-0.01
1695800356.39,-0.03,-0.01
1695800356.99,-0.03,-0.01
1695800357.59,-0.03,-0.01
1695800358.19,-0.03,-0.01
1695800358.79,-0.03,-0.01
1695800359.39,-0.03,-0.01
1695800359.99,-0.03,-0.01
1695800360.60,-0.03,-0.01
1695800361.20,-0.03,-0.01
1695800361.80,-0.03,-0.01
1695800362.40,-0.03,-0.01
1695800363.00,-0.03,-0.01
1695800363.60,-0.03,-0.01
1695800364.21,-0.03,-0.01
1695800364.81,-0.03,-0.01
1695800365.41,-0.03,-0.01
1695800366.01,-0.03,-0.01
1695800366.61,-0.03,-0.01
1695800367.21,-0.03,-0.01
1695800367.81,-0.03,-0.01
1695800368.41,-0.03,-0.01
1695800369.02,-0.03,-0.01
1695800369.62,-0.03,-0.01
1695800370.22,-0.03,-0.01
1695800370.82,-0.03,-0.01
1695800371.42,-0.03,-0.01
1695800372.03,-0.03,-0.01
1695800372.63,-0.03,-0.01
1695800373.23,-0.03,-0.01
1695800373.83,-0.03,-0.01
1695800374.44,-0.03,-0.01
1695800375.04,-0.03,-0.01
1695800375.64,-0.03,-0.01
1695800376.24,-0.03,-0.01
1695800376.84,-0.03,-0.01
1695800377.44,-0.03,-0.01
1695800378.04,-0.03,-0.01
1695800378.65,-0.03,-0.01
1695800379.25,-0.03,-0.01
1695800379.85,-0.03,-0.01
1695800380.45,-0.02,-0.02
1695800381.05,-0.01,-0.02
1695800381.66,-0.00,-0.02
1695800382.26,0.02,-0.03
1695800382.86,0.03,-0.03
1695800383.46,0.03,-0.04
1695800384.06,0.04,-0.04
1695800384.67,0.06,-0.04
1695800385.27,0.08,-0.04
1695800385.87,0.10,-0.05
1695800386.47,0.12,-0.05
1695800387.07,0.14,-0.05
1695800387.67,0.15,-0.05
1695800388.28,0.18,-0.05
1695800388.88,0.19,-0.04
1695800389.48,0.21,-0.04
1695800390.08,0.23,-0.04
1695800390.68,0.25,-0.03
1695800391.28,0.27,-0.03
1695800391.89,0.28,-0.02
1695800392.49,0.30,-0.02
1695800393.09,0.31,-0.01
1695800393.69,0.33,-0.00
1695800394.29,0.35,0.01
1695800394.89,0.36,0.02
1695800395.50,0.37,0.02
1695800396.10,0.39,0.03
1695800396.70,0.40,0.04
1695800397.30,0.41,0.05
1695800397.91,0.42,0.05
1695800398.51,0.43,0.06
1695800399.11,0.44,0.07
1695800399.71,0.44,0.07
1695800400.31,0.44,0.05
1695800400.91,0.44,0.04
1695800401.51,0.43,0.02
1695800402.12,0.43,0.00
1695800402.72,0.42,-0.02
1695800403.32,0.42,-0.04
1695800403.92,0.41,-0.06
1695800404.52,0.40,-0.07
1695800405.12,0.50,0.02
1695800405.73,0.50,0.02
1695800406.33,0.49,0.00
1695800406.93,0.53,0.04
1695800407.53,0.58,0.08
1695800408.14,0.69,0.16
1695800408.74,0.68,0.15
1695800409.34,0.72,0.17
1695800409.94,0.87,0.28
1695800410.54,0.92,0.31
1695800411.15,1.03,0.37
1695800411.75,1.04,0.37
1695800412.35,1.16,0.44
1695800412.95,1.22,0.48
1695800413.55,1.28,0.51
1695800414.15,1.41,0.57
1695800414.76,1.42,0.57
1695800415.36,1.55,0.63
1695800415.96,1.56,0.63
1695800416.56,1.57,0.63
1695800417.16,1.59,0.64
1695800417.76,1.60,0.64
1695800418.36,1.62,0.65
1695800418.97,1.63,0.65
1695800419.57,1.64,0.66
1695800420.17,1.66,0.66
1695800420.77,1.67,0.67
1695800421.38,1.68,0.68
1695800421.98,1.69,0.68
1695800422.59,1.70,0.69
1695800423.19,1.71,0.70
1695800423.80,1.72,0.71
1695800424.40,1.73,0.71
1695800425.00,1.75,0.72
1695800425.61,1.75,0.73
1695800426.21,1.76,0.74
1695800426.81,1.77,0.75
1695800427.41,1.78,0.76
1695800428.02,1.79,0.77
1695800428.62,1.79,0.78
1695800429.22,1.80,0.80
1695800429.82,1.81,0.81
1695800430.43,1.82,0.82
1695800431.03,1.82,0.83
1695800431.63,1.83,0.84
1695800432.23,1.83,0.85
1695800432.84,1.84,0.87
1695800433.44,1.84,0.88
1695800434.04,1.85,0.90
1695800434.64,1.85,0.90
1695800435.25,1.86,0.89
1695800435.85,1.86,0.87
1695800436.45,1.87,0.86
1695800437.05,1.87,0.84
1695800437.65,1.88,0.83
1695800438.25,1.89,0.86
1695800438.86,1.91,0.97
1695800439.46,1.91,0.96
1695800440.06,1.91,0.94
1695800440.66,1.91,0.93
1695800441.26,1.91,0.91
1695800441.86,1.91,0.90
1695800442.46,1.91,0.88
1695800443.06,1.91,0.86
1695800443.67,1.90,0.85
1695800444.27,1.90,0.83
1695800444.87,1.90,0.81
1695800445.47,1.89,0.79
1695800446.07,1.89,0.78
1695800446.68,1.88,0.76
1695800447.28,1.87,0.75
1695800447.88,1.86,0.73
1695800448.48,1.85,0.71
1695800449.09,1.84,0.70
1695800449.69,1.84,0.69
1695800450.29,1.82,0.67
1695800450.89,1.80,0.65
1695800451.49,1.79,0.64
1695800452.10,1.76,0.62
1695800452.70,1.75,0.60
1695800453.30,1.73,0.59
1695800453.90,1.70,0.57
1695800454.51,1.68,0.56
1695800455.11,1.66,0.54
1695800455.71,1.64,0.53
1695800456.31,1.66,0.53
1695800456.91,1.75,0.57
1695800457.51,1.75,0.56
1695800458.12,1.76,0.56
1695800458.72,1.77,0.56
1695800459.33,1.79,0.56
1695800459.93,1.81,0.57
1695800460.53,1.83,0.57
1695800461.13,1.84,0.58
1695800461.73,1.86,0.58
1695800462.33,1.88,0.59
1695800462.94,1.89,0.60
1695800463.54,1.91,0.61
1695800464.14,1.92,0.61
1695800464.74,1.94,0.62
1695800465.35,1.95,0.63
1695800465.95,1.97,0.64
1695800466.55,1.98,0.65
1695800467.15,1.99,0.65
1695800467.75,2.00,0.67
1695800468.35,2.01,0.68
1695800468.95,2.02,0.69
1695800469.56,2.03,0.69
1695800470.16,2.04,0.70
1695800470.76,2.05,0.71
1695800471.36,2.05,0.73
1695800471.97,2.06,0.74
1695800472.57,2.07,0.75
1695800473.17,2.08,0.77
1695800473.77,2.08,0.78
1695800474.37,2.09,0.79
1695800474.97,2.09,0.80
1695800475.58,2.10,0.82
1695800476.18,2.10,0.84
1695800476.78,2.11,0.85
1695800477.38,2.11,0.87
1695800477.99,2.11,0.89
1695800478.59,2.11,0.91
1695800479.19,2.11,0.92
1695800479.79,2.11,0.94
1695800480.39,2.12,0.96
1695800480.99,2.12,0.97
1695800481.60,2.11,0.99
1695800482.20,2.11,1.01
1695800482.80,2.11,1.03
1695800483.40,2.06,1.11
1695800484.00,2.02,1.18
1695800484.60,2.02,1.19
1695800485.21,1.92,1.32
1695800485.81,1.89,1.36
1695800486.41,1.77,1.51
1695800487.01,1.69,1.61
1695800487.61,1.69,1.61
1695800488.21,1.69,1.61
1695800488.81,1.69,1.61
1695800489.42,1.69,1.61
1695800490.02,1.69,1.61
1695800490.62,1.69,1.61
1695800491.22,1.69,1.61
1695800491.83,1.69,1.61
1695800492.43,1.69,1.61
1695800493.03,1.69,1.61
1695800493.63,1.69,1.61
1695800494.24,1.69,1.61
1695800494.84,1.69,1.61
1695800495.44,1.69,1.61
1695800496.04,1.69,1.60
1695800496.64,1.71,1.59
1695800497.24,1.72,1.58
1695800497.85,1.74,1.57
1695800498.45,1.75,1.56
1695800499.05,1.76,1.55
1695800499.65,1.77,1.54
1695800500.25,1.78,1.52
1695800500.85,1.79,1.51
1695800501.46,1.80,1.50
1695800502.06,1.81,1.48
1695800502.66,1.82,1.47
1695800503.26,1.82,1.45
1695800503.86,1.83,1.44
1695800504.47,1.84,1.42
1695800505.07,1.85,1.39
1695800505.67,1.85,1.38
1695800506.27,1.85,1.37
1695800506.87,1.86,1.35
1695800507.48,1.86,1.34
1695800508.08,1.86,1.32
1695800508.68,1.87,1.31
1695800509.28,1.87,1.29
1695800509.88,1.87,1.28
1695800510.48,1.90,1.36
1695800511.08,1.91,1.40
1695800511.69,1.96,1.53
1695800512.29,2.01,1.66
1695800512.89,2.03,1.71
1695800513.49,2.09,1.86
1695800514.09,2.10,1.89
1695800514.70,2.16,2.03
1695800515.30,2.18,2.05
1695800515.90,2.26,2.22
1695800516.50,2.33,2.37
1695800517.10,2.41,2.53
1695800517.70,2.48,2.68
1695800518.31,2.55,2.82
1695800518.91,2.56,2.84
1695800519.51,2.57,2.85
1695800520.11,2.58,2.86
1695800520.72,2.59,2.86
1695800521.32,2.59,2.87
1695800521.92,2.60,2.89
1695800522.52,2.61,2.90
1695800523.12,2.61,2.91
1695800523.72,2.62,2.92
1695800524.33,2.62,2.93
1695800524.93,2.63,2.94
1695800525.53,2.63,2.95
1695800526.14,2.64,2.97
1695800526.74,2.64,2.98
1695800527.34,2.65,2.99
1695800527.94,2.65,3.00
1695800528.54,2.65,3.01
1695800529.15,2.65,3.03
1695800529.75,2.66,3.04
1695800530.35,2.66,3.05
1695800530.95,2.66,3.06
1695800531.55,2.66,3.08
1695800532.16,2.66,3.09
1695800532.76,2.66,3.11
1695800533.36,2.65,3.12
1695800533.96,2.65,3.14
1695800534.56,2.64,3.15
1695800535.17,2.64,3.17
1695800535.77,2.63,3.19
1695800536.37,2.63,3.20
1695800536.97,2.62,3.22
1695800537.57,2.62,3.23
1695800538.17,2.61,3.25
1695800538.78,2.60,3.26
1695800539.38,2.59,3.27
1695800539.98,2.59,3.28
1695800540.58,2.58,3.30
1695800541.18,2.59,3.29
1695800541.79,2.61,3.28
1695800542.39,2.62,3.28
1695800542.99,2.64,3.27
1695800543.59,2.65,3.26
1695800544.19,2.66,3.25
1695800544.79,2.68,3.25
1695800545.40,2.69,3.24
1695800546.00,2.70,3.23
1695800546.60,2.71,3.22
1695800547.20,2.72,3.21
1695800547.80,2.73,3.21
1695800548.41,2.74,3.20
1695800549.01,2.75,3.19
1695800549.61,2.76,3.18
1695800550.21,2.77,3.17
1695800550.81,2.77,3.17
1695800551.41,2.76,3.23
1695800552.02,2.72,3.38
1695800552.62,2.72,3.40
1695800553.22,2.72,3.39
1695800553.82,2.73,3.37
1695800554.42,2.74,3.37
1695800555.03,2.72,3.46
1695800555.63,2.70,3.65
1695800556.23,2.68,3.80
1695800556.83,2.68,3.82
1695800557.43,2.67,3.90
1695800558.03,2.66,3.98
1695800558.64,2.66,4.00
1695800559.24,2.66,4.01
1695800559.84,2.66,4.03
1695800560.44,2.63,4.11
1695800561.04,2.60,4.19
1695800561.64,2.60,4.21
1695800562.24,2.60,4.22
1695800562.85,2.59,4.24
1695800563.45,2.59,4.26
1695800564.05,2.52,4.35
1695800564.65,2.50,4.40
1695800565.25,2.41,4.52
1695800565.85,2.40,4.54
1695800566.45,2.39,4.55
1695800567.06,2.38,4.57
1695800567.66,2.38,4.58
1695800568.26,2.34,4.62
1695800568.86,2.25,4.70
1695800569.46,2.24,4.71
1695800570.07,2.23,4.73
1695800570.67,2.22,4.74
1695800571.27,2.21,4.75
1695800571.87,2.20,4.76
1695800572.47,2.19,4.78
1695800573.07,2.18,4.78
1695800573.68,2.17,4.80
1695800574.28,2.16,4.80
1695800574.88,2.15,4.81
1695800575.48,2.13,4.82
1695800576.08,2.12,4.83
1695800576.69,2.10,4.84
1695800577.29,2.09,4.84
1695800577.89,2.08,4.85
1695800578.49,2.07,4.86
1695800579.09,2.05,4.86
1695800579.69,2.04,4.87
1695800580.30,2.04,4.87
1695800580.90,2.03,4.88
1695800581.50,2.02,4.88
1695800582.10,2.00,4.88
1695800582.70,1.98,4.88
1695800583.31,1.97,4.89
1695800583.91,1.94,4.89
1695800584.51,1.93,4.88
1695800585.11,1.91,4.88
1695800585.71,1.89,4.88
1695800586.31,1.87,4.88
1695800586.91,1.85,4.87
1695800587.52,1.83,4.87
1695800588.12,1.81,4.86
1695800588.72,1.79,4.86
1695800589.32,1.78,4.85
1695800589.92,1.76,4.84
1695800590.53,1.75,4.84
1695800591.13,1.73,4.83
1695800591.73,1.72,4.82
1695800592.33,1.71,4.82
1695800592.93,1.72,4.84
1695800593.54,1.73,4.86
1695800594.14,1.73,4.87
1695800594.74,1.74,4.88
1695800595.34,1.75,4.89
1695800595.94,1.76,4.91
1695800596.54,1.78,4.92
1695800597.15,1.79,4.94
1695800597.75,1.80,4.95
1695800598.35,1.81,4.96
1695800598.95,1.83,4.98
1695800599.55,1.84,4.99
1695800600.15,1.85,5.00
1695800600.76,1.86,5.01
1695800601.37,1.87,5.01
1695800601.97,1.88,5.02
1695800602.57,1.90,5.03
1695800603.17,1.91,5.04
1695800603.77,1.92,5.04
1695800604.38,1.94,5.05
1695800604.98,1.95,5.05
1695800605.58,1.96,5.06
1695800606.19,1.98,5.06
1695800606.79,1.99,5.07
1695800607.39,2.00,5.07
1695800607.99,2.01,5.07
1695800608.59,2.03,5.08
1695800609.19,2.05,5.08
1695800609.79,2.07,5.08
1695800610.40,2.09,5.08
1695800611.00,2.10,5.08
1695800611.60,2.11,5.08
1695800612.20,1.98,5.13
1695800612.81,1.95,5.15
1695800613.41,1.86,5.19
1695800614.01,1.76,5.24
1695800614.61,1.74,5.26
1695800615.21,1.60,5.33
1695800615.81,1.58,5.35
1695800616.41,1.49,5.40
1695800617.02,1.41,5.46
1695800617.62,1.38,5.48
1695800618.22,1.40,5.47
1695800618.83,1.37,5.50
1695800619.43,1.30,5.57
1695800620.03,1.31,5.56
1695800620.63,1.22,5.65
1695800621.23,1.20,5.68
1695800621.83,1.19,5.69
1695800622.44,1.19,5.70
1695800623.04,1.18,5.71
1695800623.64,1.17,5.73
1695800624.25,1.16,5.74
1695800624.85,1.15,5.75
1695800625.46,1.14,5.76
1695800626.06,1.12,5.78
1695800626.66,1.11,5.79
1695800627.26,1.10,5.79
1695800627.86,1.09,5.81
1695800628.46,1.07,5.82
1695800629.06,1.06,5.83
1695800629.67,1.04,5.84
1695800630.27,1.04,5.84
1695800630.87,1.06,5.84
1695800631.47,1.08,5.84
1695800632.07,1.09,5.84
1695800632.68,1.11,5.84
1695800633.28,1.13,5.84
1695800633.88,1.14,5.84
1695800634.48,1.17,5.83
1695800635.08,1.19,5.83
1695800635.69,1.20,5.82
1695800636.29,1.22,5.82
1695800636.89,1.24,5.81
1695800637.49,1.26,5.80
1695800638.10,1.27,5.79
1695800638.70,1.29,5.79
1695800639.30,1.30,5.78
1695800639.90,1.31,5.77
1695800640.50,1.33,5.76
1695800641.11,1.34,5.75
1695800641.71,1.35,5.74
1695800642.31,1.36,5.73
1695800642.91,1.38,5.72
1695800643.51,1.39,5.71
1695800644.12,1.40,5.69
1695800644.72,1.40,5.68
1695800645.32,1.41,5.67
1695800645.93,1.42,5.67
1695800646.53,1.42,5.66
1695800647.14,1.43,5.64
1695800647.74,1.43,5.64
1695800648.35,1.44,5.63
1695800648.95,1.44,5.62
1695800649.55,1.45,5.61
1695800650.15,1.45,5.61
1695800650.76,1.45,5.63
1695800651.36,1.46,5.64
1695800651.96,1.46,5.66
1695800652.56,1.46,5.68
1695800653.16,1.46,5.69
1695800653.76,1.46,5.70
1695800654.37,1.46,5.71
1695800654.97,1.46,5.72
1695800655.57,1.46,5.74
1695800656.17,1.46,5.75
1695800656.78,1.46,5.76
1695800657.38,1.46,5.78
1695800657.98,1.46,5.79
1695800658.59,1.45,5.81
1695800659.19,1.45,5.82
1695800659.79,1.44,5.83
1695800660.39,1.44,5.85
1695800660.99,1.43,5.86
1695800661.59,1.43,5.88
1695800662.19,1.42,5.89
1695800662.80,1.41,5.91
1695800663.40,1.40,5.92
1695800664.00,1.39,5.93
1695800664.60,1.38,5.94
1695800665.20,1.37,5.96
1695800665.81,1.36,5.96
1695800666.42,1.35,5.97
1695800667.02,1.34,5.98
1695800667.62,1.33,5.99
1695800668.23,1.32,6.00
1695800668.83,1.31,6.01
1695800669.44,1.31,6.01
1695800670.04,1.32,6.01
1695800670.65,1.34,6.01
1695800671.25,1.34,6.01
1695800671.85,1.36,6.00
1695800672.45,1.37,6.00
1695800673.05,1.39,6.00
1695800673.66,1.41,5.99
1695800674.26,1.42,5.99
1695800674.86,1.43,5.98
1695800675.46,1.45,5.98
1695800676.07,1.47,5.97
1695800676.67,1.48,5.96
1695800677.27,1.49,5.96
1695800677.87,1.51,5.95
1695800678.47,1.52,5.94
1695800679.07,1.53,5.93
1695800679.68,1.54,5.92
1695800680.28,1.55,5.91
1695800680.88,1.57,5.90
1695800681.48,1.58,5.89
1695800682.09,1.59,5.88
1695800682.69,1.60,5.87
1695800683.29,1.60,5.86
1695800683.89,1.61,5.84
1695800684.50,1.62,5.83
1695800685.10,1.63,5.81
1695800685.70,1.64,5.80
1695800686.30,1.64,5.78
1695800686.90,1.65,5.76
1695800687.51,1.66,5.75
1695800688.11,1.66,5.73
1695800688.71,1.67,5.88
1695800689.31,1.68,5.90
1695800689.91,1.68,5.92
1695800690.52,1.69,5.94
1695800691.12,1.69,5.95
1695800691.72,1.69,5.97
1695800692.32,1.70,5.98
1695800692.93,1.70,6.00
1695800693.53,1.70,6.01
1695800694.13,1.70,6.02
1695800694.73,1.70,6.04
1695800695.33,1.70,6.06
1695800695.94,1.70,6.08
1695800696.54,1.70,6.10
1695800697.14,1.69,6.12
1695800697.74,1.69,6.13
1695800698.34,1.68,6.15
1695800698.94,1.68,6.17
1695800699.54,1.67,6.18
1695800700.15,1.66,6.20
1695800700.75,1.65,6.22
1695800701.35,1.65,6.23
1695800701.95,1.64,6.24
1695800702.56,1.64,6.25
1695800703.16,1.63,6.27
1695800703.76,1.62,6.28
1695800704.36,1.61,6.29
1695800704.96,1.59,6.31
1695800705.56,1.58,6.32
1695800706.17,1.56,6.33
1695800706.77,1.55,6.34
1695800707.37,1.53,6.35
1695800707.98,1.52,6.36
1695800708.58,1.50,6.37
1695800709.18,1.52,6.37
1695800709.78,1.54,6.37
1695800710.38,1.56,6.37
1695800710.99,1.58,6.37
1695800711.59,1.59,6.37
1695800712.19,1.61,6.37
1695800712.79,1.63,6.36
1695800713.40,1.65,6.36
1695800714.00,1.67,6.35
1695800714.60,1.69,6.34
1695800715.20,1.70,6.34
1695800715.80,1.72,6.33
1695800716.41,1.74,6.32
1695800717.01,1.75,6.31
1695800717.61,1.77,6.30
1695800718.21,1.78,6.30
1695800718.81,1.79,6.29
1695800719.42,1.81,6.27
1695800720.02,1.82,6.26
1695800720.62,1.83,6.25
1695800721.22,1.84,6.23
1695800721.82,1.85,6.22
1695800722.42,1.86,6.21
1695800723.02,1.87,6.19
1695800723.62,1.88,6.17
1695800724.23,1.89,6.16
1695800724.83,1.90,6.14
1695800725.43,1.90,6.21
1695800726.04,1.89,6.28
1695800726.64,1.90,6.27
1695800727.24,1.89,6.44
1695800727.84,1.90,6.42
1695800728.44,1.90,6.40
1695800729.05,1.91,6.38
1695800729.65,1.91,6.37
1695800730.25,1.91,6.35
1695800730.85,1.92,6.34
1695800731.45,1.92,6.31
1695800732.05,1.92,6.29
1695800732.65,1.92,6.28
1695800733.26,1.91,6.26
1695800733.86,1.91,6.24
1695800734.46,1.91,6.22
1695800735.06,1.90,6.21
1695800735.66,1.90,6.19
1695800736.26,1.89,6.17
1695800736.87,1.88,6.15
1695800737.47,1.87,6.13
1695800738.07,1.86,6.11
1695800738.67,1.84,6.08
1695800739.27,1.84,6.07
1695800739.88,1.82,6.06
1695800740.48,1.82,6.05
1695800741.08,1.80,6.03
1695800741.68,1.80,6.01
1695800742.28,1.79,6.01
1695800742.89,1.78,6.00
1695800743.49,1.77,5.98
1695800744.10,1.76,5.97
1695800744.70,1.75,5.96
1695800745.30,1.73,5.95
1695800745.90,1.72,5.94
1695800746.51,1.71,5.93
1695800747.11,1.84,5.97
1695800747.71,2.03,6.04
1695800748.31,2.21,6.10
1695800748.91,2.40,6.16
1695800749.52,2.59,6.22
1695800750.12,2.76,6.28
1695800750.72,2.93,6.34
1695800751.32,3.05,6.38
1695800751.93,3.03,6.37
1695800752.53,3.02,6.36
1695800753.13,3.00,6.35
1695800753.73,3.16,6.38
1695800754.33,3.15,6.37
1695800754.93,3.23,6.38
1695800755.53,3.31,6.39
1695800756.14,3.33,6.39
1695800756.74,3.35,6.39
1695800757.34,3.36,6.39
1695800757.94,3.38,6.39
1695800758.55,3.40,6.39
1695800759.15,3.41,6.40
1695800759.75,3.43,6.40
1695800760.36,3.45,6.40
1695800760.96,3.47,6.41
1695800761.57,3.48,6.41
1695800762.17,3.50,6.42
1695800762.77,3.52,6.42
1695800763.37,3.53,6.43
1695800763.98,3.54,6.43
1695800764.58,3.56,6.44
1695800765.18,3.57,6.45
1695800765.78,3.58,6.45
1695800766.39,3.59,6.46
1695800766.99,3.60,6.47
1695800767.59,3.61,6.47
1695800768.20,3.62,6.48
1695800768.80,3.63,6.48
1695800769.40,3.64,6.49
1695800770.01,3.64,6.50
1695800770.61,3.65,6.50
1695800771.22,3.66,6.51
1695800771.82,3.66,6.52
1695800772.43,3.67,6.53
1695800773.03,3.68,6.54
1695800773.63,3.68,6.55
1695800774.23,3.69,6.56
1695800774.84,3.69,6.56
1695800775.44,3.70,6.57
1695800776.04,3.71,6.59
1695800776.64,3.71,6.60
1695800777.24,3.71,6.61
1695800777.84,3.72,6.62
1695800778.45,3.72,6.63
1695800779.05,3.73,6.65
1695800779.65,3.73,6.66
1695800780.25,3.74,6.68
1695800780.85,3.74,6.68
1695800781.46,3.74,6.69
1695800782.07,3.74,6.71
1695800782.67,3.74,6.73
1695800783.27,3.74,6.75
1695800783.88,3.74,6.77
1695800784.48,3.74,6.78
1695800785.08,3.74,6.80
1695800785.69,3.74,6.81
1695800786.29,3.74,6.83
1695800786.89,3.73,6.85
1695800787.49,3.73,6.87
1695800788.09,3.72,6.88
1695800788.70,3.71,6.90
1695800789.30,3.71,6.92
1695800789.90,3.70,6.94
1695800790.50,3.69,6.95
1695800791.11,3.68,6.97
1695800791.71,3.67,6.98
1695800792.31,3.67,6.99
1695800792.91,3.65,7.01
1695800793.51,3.65,7.02
1695800794.11,3.63,7.04
1695800794.71,3.62,7.05
1695800795.32,3.60,7.06
1695800795.92,3.59,7.07
1695800796.52,3.58,7.08
1695800797.12,3.60,7.08
1695800797.72,3.61,7.08
1695800798.33,3.63,7.07
1695800798.93,3.65,7.07
1695800799.53,3.66,7.06
1695800800.13,3.68,7.06
1695800800.74,3.70,7.05
1695800801.34,3.71,7.05
1695800801.95,3.73,7.04
1695800802.55,3.74,7.03
1695800803.15,3.76,7.02
1695800803.75,3.77,7.01
1695800804.35,3.79,7.00
1695800804.96,3.80,7.00
1695800805.56,3.81,6.98
1695800806.16,3.82,6.98
1695800806.76,3.83,6.96
1695800807.37,3.84,6.95
1695800807.97,3.86,6.94
1695800808.57,3.86,6.93
1695800809.17,3.87,6.92
1695800809.77,3.88,6.91
1695800810.37,3.89,6.90
1695800810.97,3.90,6.88
1695800811.58,3.90,6.87
1695800812.18,3.91,6.85
1695800812.78,3.92,6.83
1695800813.39,3.92,6.82
1695800813.99,3.93,6.80
1695800814.59,3.93,6.79
1695800815.19,3.94,6.77
1695800815.79,3.94,6.76
1695800816.39,3.94,6.73
1695800816.99,3.95,6.72
1695800817.60,3.95,6.70
1695800818.20,3.95,6.68
1695800818.80,3.95,6.66
1695800819.40,3.95,6.64
1695800820.00,3.95,6.63
1695800820.61,3.94,6.61
1695800821.21,3.94,6.59
1695800821.81,3.94,6.57
1695800822.41,3.93,6.56
1695800823.01,3.93,6.54
1695800823.62,3.92,6.52
1695800824.22,3.92,6.51
1695800824.82,4.01,6.61
1695800825.42,4.01,6.60
1695800826.03,4.07,6.65
1695800826.63,4.10,6.68
1695800827.23,4.09,6.67
1695800827.83,4.12,6.69
1695800828.43,4.21,6.76
1695800829.04,4.23,6.76
1695800829.64,4.22,6.75
1695800830.24,4.21,6.74
1695800830.84,4.23,6.75
1695800831.44,4.25,6.76
1695800832.04,4.26,6.76
1695800832.65,4.27,6.77
1695800833.25,4.28,6.78
1695800833.86,4.29,6.78
1695800834.46,4.33,6.84
1695800835.06,4.42,6.98
1695800835.67,4.45,7.01
1695800836.27,4.55,7.17
1695800836.87,4.64,7.32
1695800837.47,4.74,7.48
1695800838.07,4.83,7.63
1695800838.68,4.84,7.63
1695800839.28,4.92,7.75
1695800839.88,4.92,7.74
1695800840.48,4.91,7.72
1695800841.08,4.90,7.70
1695800841.68,4.90,7.69
1695800842.29,4.89,7.67
1695800842.89,4.88,7.66
1695800843.49,4.87,7.64
1695800844.09,4.86,7.63
1695800844.69,4.85,7.62
1695800845.30,4.84,7.60
1695800845.90,4.83,7.59
1695800846.50,4.82,7.58
1695800847.11,4.82,7.57
1695800847.71,4.80,7.56
1695800848.31,4.79,7.55
1695800848.91,4.78,7.54
1695800849.51,4.77,7.53
1695800850.12,4.76,7.52
1695800850.72,4.74,7.52
1695800851.32,4.73,7.51
1695800851.92,4.71,7.50
1695800852.53,4.70,7.49
1695800853.13,4.69,7.49
1695800853.73,4.68,7.48
1695800854.33,4.66,7.48
1695800854.93,4.65,7.47
1695800855.53,4.64,7.47
1695800856.14,4.62,7.46
1695800856.74,4.60,7.46
1695800857.34,4.58,7.46
1695800857.94,4.56,7.45
1695800858.54,4.54,7.45
1695800859.14,4.52,7.45
1695800859.74,4.51,7.46
1695800860.35,4.49,7.46
1695800860.95,4.46,7.46
1695800861.55,4.45,7.47
1695800862.15,4.43,7.47
1695800862.76,4.41,7.48
1695800863.36,4.40,7.48
1695800863.96,4.38,7.48
1695800864.56,4.37,7.49
1695800865.17,4.36,7.49
1695800865.77,4.36,7.49
1695800866.38,4.37,7.47
1695800866.98,4.38,7.46
1695800867.58,4.39,7.45
1695800868.18,4.40,7.44
1695800868.78,4.41,7.43
1695800869.38,4.42,7.41
1695800869.98,4.43,7.40
1695800870.59,4.45,7.39
1695800871.19,4.46,7.38
1695800871.79,4.47,7.37
1695800872.39,4.48,7.36
1695800873.00,4.49,7.36
1695800873.60,4.50,7.35
1695800874.20,4.51,7.34
1695800874.80,4.53,7.34
1695800875.40,4.54,7.33
1695800876.01,4.55,7.33
1695800876.61,4.56,7.32
1695800877.21,4.58,7.32
1695800877.81,4.59,7.31
1695800878.41,4.60,7.31
1695800879.01,4.62,7.30
1695800879.62,4.64,7.30
1695800880.22,4.66,7.30
1695800880.82,4.68,7.30
1695800881.42,4.69,7.30
1695800882.03,4.72,7.30
1695800882.63,4.74,7.31
1695800883.23,4.76,7.31
1695800883.83,4.78,7.32
1695800884.44,4.79,7.32
1695800885.04,4.81,7.33
1695800885.64,4.83,7.33
1695800886.24,4.84,7.34
1695800886.84,4.86,7.34
1695800887.44,4.88,7.35
1695800888.05,4.89,7.36
1695800888.65,4.91,7.37
1695800889.25,4.92,7.38
1695800889.85,4.94,7.39
1695800890.45,4.99,7.47
1695800891.06,5.10,7.63
1695800891.66,5.21,7.79
1695800892.26,5.31,7.94
1695800892.86,5.42,8.10
1695800893.47,5.53,8.26
1695800894.07,5.56,8.30
1695800894.67,5.56,8.29
1695800895.28,5.55,8.27
1695800895.88,5.58,8.29
1695800896.48,5.65,8.37
1695800897.08,5.64,8.35
1695800897.68,5.64,8.34
1695800898.28,5.66,8.35
1695800898.89,5.80,8.46
1695800899.49,5.87,8.52
1695800900.09,5.86,8.50
1695800900.69,5.85,8.49
1695800901.29,5.83,8.47
1695800901.89,5.81,8.45
1695800902.50,5.89,8.50
1695800903.10,5.94,8.52
1695800903.70,5.93,8.51
1695800904.30,6.06,8.57
1695800904.90,6.08,8.58
1695800905.51,6.10,8.58
1695800906.11,6.12,8.59
1695800906.71,6.14,8.60
1695800907.31,6.16,8.61
1695800907.91,6.18,8.62
1695800908.52,6.19,8.62
1695800909.12,6.21,8.64
1695800909.72,6.22,8.64
1695800910.32,6.23,8.65
1695800910.92,6.24,8.65
1695800911.53,6.25,8.66
1695800912.13,6.26,8.67
1695800912.73,6.27,8.68
1695800913.34,6.28,8.69
1695800913.94,6.29,8.70
1695800914.54,6.30,8.71
1695800915.14,6.31,8.73
1695800915.74,6.31,8.73
1695800916.34,6.32,8.75
1695800916.94,6.33,8.76
1695800917.55,6.33,8.77
1695800918.15,6.34,8.78
1695800918.75,6.35,8.80
1695800919.35,6.35,8.82
1695800919.95,6.36,8.84
1695800920.56,6.36,8.86
1695800921.16,6.36,8.88
1695800921.76,6.36,8.89
1695800922.36,6.37,8.91
1695800922.96,6.37,8.93
1695800923.57,6.36,8.95
1695800924.17,6.37,8.94
1695800924.77,6.38,8.93
1695800925.37,6.39,8.92
1695800925.98,6.40,8.91
1695800926.58,6.41,8.89
1695800927.18,6.42,8.87
1695800927.78,6.42,8.86
1695800928.39,6.43,8.84
1695800928.99,6.43,8.83
1695800929.59,6.44,8.81
1695800930.19,6.44,8.80
1695800930.79,6.45,8.78
1695800931.40,6.45,8.77
1695800932.00,6.45,8.75
1695800932.60,6.45,8.73
1695800933.20,6.45,8.71
1695800933.81,6.45,8.70
1695800934.41,6.45,8.68
1695800935.01,6.45,8.66
1695800935.61,6.45,8.64
1695800936.21,6.44,8.63
1695800936.82,6.44,8.61
1695800937.42,6.43,8.59
1695800938.02,6.43,8.57
1695800938.63,6.42,8.56
1695800939.23,6.44,8.57
1695800939.83,6.53,8.66
1695800940.43,6.52,8.65
1695800941.04,6.52,8.63
1695800941.64,6.60,8.70
1695800942.24,6.60,8.70
1695800942.84,6.59,8.68
1695800943.45,6.65,8.72
1695800944.05,6.77,8.81
1695800944.65,6.79,8.82
1695800945.25,6.78,8.80
1695800945.86,6.77,8.79
1695800946.46,6.76,8.78
1695800947.06,6.75,8.77
1695800947.66,6.73,8.76
1695800948.26,6.71,8.74
1695800948.87,6.68,8.73
1695800949.47,6.66,8.71
1695800950.07,6.63,8.70
1695800950.67,6.61,8.69
1695800951.27,6.58,8.68
1695800951.88,6.56,8.66
1695800952.48,6.53,8.65
1695800953.08,6.51,8.64
1695800953.68,6.49,8.63
1695800954.29,6.50,8.63
1695800954.89,6.52,8.63
1695800955.49,6.54,8.63
1695800956.09,6.54,8.62
1695800956.69,6.52,8.62
1695800957.29,6.54,8.62
1695800957.90,6.54,8.61
1695800958.50,6.52,8.60
1695800959.10,6.49,8.59
1695800959.70,6.47,8.57
1695800960.30,6.45,8.57
1695800960.91,6.43,8.56
1695800961.51,6.42,8.55
1695800962.11,6.41,8.54
1695800962.71,6.40,8.54
1695800963.32,6.38,8.53
1695800963.92,6.37,8.53
1695800964.52,6.36,8.52
1695800965.12,6.34,8.52
1695800965.73,6.33,8.51
1695800966.33,6.31,8.51
1695800966.93,6.30,8.50
1695800967.53,6.29,8.50
1695800968.13,6.27,8.50
1695800968.74,6.25,8.50
1695800969.34,6.23,8.50
1695800969.94,6.21,8.50
1695800970.54,6.19,8.50
1695800971.14,6.18,8.50
1695800971.74,6.16,8.50
1695800972.35,6.15,8.50
1695800972.95,6.13,8.51
1695800973.55,6.27,8.43
1695800974.15,6.42,8.34
1695800974.75,6.50,8.29
1695800975.36,6.51,8.28
1695800975.96,6.60,8.22
1695800977.38,6.98,8.02
1695800977.98,7.14,7.94
1695800978.58,7.29,7.86
1695800979.19,7.46,7.77
1695800979.79,7.48,7.75
1695800980.39,7.56,7.70
1695800980.99,7.54,7.71
1695800981.59,7.52,7.72
1695800982.20,7.50,7.72
1695800982.80,7.49,7.73
1695800983.40,7.47,7.74
1695800984.01,7.47,7.73
1695800984.61,7.49,7.71
1695800985.21,7.50,7.69
1695800985.82,7.55,7.65
1695800986.42,7.65,7.57
1695800987.02,7.76,7.49
1695800987.62,7.94,7.37
1695800988.22,8.10,7.26
1695800988.83,8.27,7.15
1695800989.43,8.43,7.03
1695800990.03,8.51,6.98
1695800990.63,8.52,6.97
1695800991.24,8.53,6.95
1695800991.84,8.53,6.94
1695800992.44,8.55,6.93
1695800993.05,8.56,6.92
1695800993.65,8.58,6.91
1695800994.25,8.59,6.90
1695800994.85,8.60,6.89
1695800995.46,8.62,6.88
1695800996.06,8.63,6.87
1695800996.66,8.64,6.87
1695800997.26,8.65,6.86
1695800997.86,8.66,6.86
1695800998.46,8.67,6.85
1695800999.06,8.68,6.84
1695800999.66,8.69,6.84
1695801000.27,8.70,6.84
1695801000.87,8.71,6.83
1695801001.47,8.72,6.83
1695801002.07,8.74,6.83
1695801002.67,8.75,6.82
1695801003.30,8.76,6.82
1695801003.90,8.76,6.82
1695801004.50,8.77,6.82
1695801005.10,8.79,6.82
1695801005.70,8.80,6.82
1695801006.31,8.82,6.82
1695801006.91,8.84,6.83
1695801007.51,8.86,6.83
1695801008.11,8.87,6.83
1695801008.72,8.89,6.84
1695801009.32,8.90,6.84
1695801009.92,8.91,6.84
1695801010.53,8.93,6.85
1695801011.13,8.94,6.85
1695801011.73,8.96,6.86
1695801012.33,8.97,6.87
1695801012.94,8.98,6.87
1695801013.54,8.99,6.88
1695801014.15,9.00,6.88
1695801014.75,9.01,6.89
1695801015.35,9.02,6.90
1695801015.96,9.03,6.90
1695801016.56,9.04,6.91
1695801017.16,9.05,6.92
1695801017.76,9.06,6.93
1695801018.36,9.07,6.94
1695801018.97,9.08,6.95
1695801019.57,9.09,6.96
1695801020.17,9.10,6.98
1695801020.77,9.11,6.99
1695801021.38,9.12,7.01
1695801021.98,9.12,7.02
1695801022.58,9.13,7.03
1695801023.18,9.13,7.04
1695801023.79,9.14,7.05
1695801024.39,9.14,7.06
1695801025.00,9.15,7.07
1695801025.60,9.15,7.09
1695801026.20,9.15,7.11
1695801026.80,9.16,7.12
1695801027.40,9.16,7.13
1695801028.00,9.16,7.15
1695801028.60,9.16,7.17
1695801029.21,9.16,7.18
1695801029.81,9.16,7.20
1695801030.41,9.16,7.22
1695801031.01,9.16,7.23
1695801031.62,9.16,7.24
1695801032.22,9.15,7.26
1695801032.82,9.15,7.27
1695801033.42,9.15,7.29
1695801034.03,9.14,7.30
1695801034.63,9.14,7.32
1695801035.25,9.13,7.34
1695801035.85,9.01,7.48
1695801036.45,8.88,7.62
1695801037.05,8.83,7.69
1695801037.66,8.82,7.71
1695801038.26,8.70,7.83
1695801038.86,8.69,7.85
1695801039.46,8.61,7.92
1695801040.06,8.50,8.01
1695801040.66,8.50,8.01
1695801041.26,8.50,8.01
1695801041.87,8.50,8.01
1695801042.47,8.50,8.01
1695801043.07,8.50,8.01
1695801043.67,8.50,8.02
1695801044.27,8.48,8.03
1695801044.87,8.47,8.05
1695801045.47,8.46,8.06
1695801046.08,8.44,8.08
1695801046.68,8.43,8.09
1695801047.28,8.41,8.11
1695801047.88,8.40,8.12
1695801048.49,8.39,8.13
1695801049.09,8.38,8.13
1695801049.69,8.37,8.14
1695801050.29,8.35,8.15
1695801050.90,8.34,8.16
1695801051.50,8.33,8.17
1695801052.10,8.31,8.17
1695801052.70,8.30,8.18
1695801053.30,8.29,8.19
1695801053.90,8.28,8.19
1695801054.51,8.26,8.20
1695801055.11,8.25,8.20
1695801055.71,8.23,8.20
1695801056.31,8.21,8.21
1695801056.92,8.19,8.21
1695801057.52,8.18,8.21
1695801058.12,8.16,8.21
1695801058.72,8.14,8.21
1695801059.32,8.12,8.20
1695801059.92,8.09,8.20
1695801060.52,8.07,8.19
1695801061.13,8.05,8.18
1695801061.73,8.03,8.18
1695801062.33,8.02,8.17
1695801062.93,8.00,8.16
1695801063.53,7.98,8.16
1695801064.14,7.97,8.15
1695801064.74,7.96,8.14
1695801065.34,7.95,8.14
1695801065.94,7.94,8.14
1695801066.54,7.92,8.12
1695801067.14,7.91,8.11
1695801067.75,7.90,8.10
1695801068.35,7.89,8.09
1695801068.95,7.88,8.08
1695801069.55,7.87,8.06
1695801070.15,7.86,8.05
1695801070.76,7.85,8.03
1695801071.36,7.84,8.01
1695801071.96,7.83,8.00
1695801072.56,7.82,7.85
1695801073.16,7.81,7.63
1695801073.76,7.80,7.43
1695801074.36,7.79,7.30
1695801074.97,7.79,7.31
1695801075.57,7.79,7.33
1695801076.17,7.78,7.35
1695801076.77,7.78,7.36
1695801077.37,7.78,7.38
1695801077.98,7.78,7.40
1695801078.58,7.78,7.42
1695801079.18,7.78,7.44
1695801079.78,7.78,7.46
1695801080.39,7.79,7.48
1695801080.99,7.79,7.50
1695801081.59,7.80,7.52
1695801082.19,7.81,7.54
1695801082.80,7.81,7.55
1695801083.40,7.81,7.57
1695801084.00,7.82,7.58
1695801084.61,7.82,7.59
1695801085.21,7.83,7.61
1695801085.81,7.84,7.62
1695801086.41,7.85,7.64
1695801087.02,7.86,7.65
1695801087.62,7.87,7.67
1695801088.22,7.88,7.68
1695801088.82,7.90,7.70
1695801089.42,7.91,7.71
1695801090.02,7.91,7.72
1695801090.63,7.93,7.73
1695801091.23,7.95,7.75
1695801091.83,7.96,7.76
1695801092.43,7.98,7.77
1695801093.04,7.99,7.78
1695801093.64,8.01,7.79
1695801094.24,8.02,7.79
1695801094.84,8.04,7.80
1695801095.44,8.06,7.81
1695801096.04,8.07,7.82
1695801096.65,8.09,7.82
1695801097.25,8.10,7.83
1695801097.85,8.12,7.83
1695801098.46,8.14,7.83
1695801099.06,8.15,7.84
1695801099.66,8.18,7.84
1695801100.26,8.20,7.84
1695801100.86,8.22,7.84
1695801101.47,8.24,7.84
1695801102.07,8.26,7.83
1695801102.67,8.28,7.83
1695801103.27,8.30,7.83
1695801103.88,8.32,7.82
1695801104.48,8.32,7.82
1695801105.08,8.32,7.84
1695801105.68,8.31,7.84
1695801106.28,8.29,7.86
1695801106.88,8.28,7.87
1695801107.48,8.26,7.88
1695801108.09,8.25,7.89
1695801108.69,8.24,7.90
1695801109.29,8.22,7.91
1695801109.89,8.21,7.92
1695801110.49,8.20,7.92
1695801111.09,8.19,7.93
1695801111.70,8.18,7.93
1695801112.30,8.16,7.94
1695801112.90,8.15,7.94
1695801113.50,8.14,7.95
1695801114.10,8.13,7.95
1695801114.70,8.11,7.95
1695801115.31,8.10,7.96
1695801115.91,8.08,7.96
1695801116.51,8.06,7.96
1695801117.11,8.04,7.96
1695801117.71,8.02,7.96
1695801118.31,8.00,7.96
1695801118.92,7.98,7.95
1695801119.52,7.96,7.95
1695801120.12,7.95,7.94
1695801120.72,7.93,7.94
1695801121.32,7.91,7.94
1695801121.92,7.90,7.93
1695801122.52,7.88,7.92
1695801123.13,7.87,7.92
1695801123.73,7.86,7.91
1695801124.33,7.84,7.90
1695801124.94,7.83,7.90
1695801125.55,7.82,7.89
1695801126.15,7.80,7.88
1695801126.75,7.79,7.86
1695801127.35,7.78,7.85
1695801127.95,7.76,7.84
1695801128.55,7.75,7.83
1695801129.16,7.74,7.82
1695801129.76,7.73,7.80
1695801130.36,7.73,7.79
1695801130.96,7.72,7.78
1695801131.56,7.71,7.77
1695801132.16,7.70,7.75
1695801132.76,7.70,7.73
1695801133.37,7.69,7.71
1695801133.97,7.69,7.69
1695801134.57,7.68,7.67
1695801135.17,7.68,7.65
1695801135.77,7.68,7.64
1695801136.38,7.67,7.62
1695801136.98,7.67,7.61
1695801137.58,7.67,7.59
1695801138.19,7.67,7.57
1695801138.79,7.67,7.55
1695801139.39,7.67,7.53
1695801139.99,7.68,7.52
1695801140.59,7.68,7.50
1695801141.20,7.69,7.48
1695801141.80,7.69,7.46
1695801142.40,7.70,7.45
1695801143.00,7.70,7.44
1695801143.60,7.71,7.42
1695801144.21,7.72,7.41
1695801144.81,7.72,7.40
1695801145.41,7.74,7.38
1695801146.01,7.75,7.36
1695801146.61,7.75,7.35
1695801147.21,7.76,7.34
1695801147.82,7.78,7.32
1695801148.42,7.79,7.31
1695801149.03,7.81,7.30
1695801149.63,7.94,7.24
1695801150.23,7.99,7.21
1695801150.83,8.11,7.16
1695801151.43,8.20,7.13
1695801152.04,8.39,7.06
1695801152.64,8.44,7.04
1695801153.24,8.44,7.04
1695801153.84,8.42,7.04
1695801154.44,8.40,7.04
1695801155.05,8.39,7.04
1695801155.65,8.37,7.05
1695801156.25,8.35,7.05
1695801156.85,8.34,7.06
1695801157.46,8.33,7.06
1695801158.06,8.31,7.07
1695801158.66,8.29,7.08
1695801159.26,8.28,7.08
1695801159.86,8.27,7.09
1695801160.46,8.25,7.10
1695801161.07,8.24,7.10
1695801161.67,8.23,7.11
1695801162.27,8.22,7.12
1695801162.87,8.21,7.13
1695801163.47,8.20,7.13
1695801164.07,8.19,7.14
1695801164.67,8.18,7.15
1695801165.27,8.17,7.16
1695801165.88,8.17,7.17
1695801166.48,8.16,7.18
1695801167.08,8.15,7.19
1695801167.69,8.14,7.20
1695801168.29,8.13,7.21
1695801168.89,8.13,7.22
1695801169.49,8.12,7.24
1695801170.09,8.11,7.25
1695801170.70,8.11,7.23
1695801171.30,8.12,7.04
1695801171.90,8.12,6.86
1695801172.50,8.11,6.81
1695801173.11,8.11,6.82
1695801173.71,8.11,6.84
1695801174.31,8.10,6.85
1695801174.91,8.10,6.87
1695801175.51,8.06,6.72
1695801176.11,8.01,6.54
1695801176.72,7.96,6.37
1695801177.32,7.90,6.21
1695801177.92,7.83,6.04
1695801178.52,7.76,5.89
1695801179.12,7.69,5.73
1695801179.73,7.60,5.57
1695801180.33,7.53,5.45
1695801180.93,7.47,5.36
1695801181.53,7.47,5.38
1695801182.13,7.48,5.39
1695801182.74,7.48,5.41
1695801183.34,7.49,5.42
1695801183.94,7.49,5.43
1695801184.54,7.50,5.44
1695801185.14,7.51,5.46
1695801185.75,7.51,5.47
1695801186.35,7.52,5.48
1695801186.95,7.53,5.49
1695801187.55,7.54,5.50
1695801188.16,7.55,5.52
1695801188.76,7.56,5.53
1695801189.36,7.41,5.44
1695801189.97,7.28,5.35
1695801190.57,7.28,5.36
1695801191.17,7.30,5.38
1695801191.77,7.15,5.30
1695801192.37,6.98,5.21
1695801192.97,6.83,5.13
1695801193.58,6.68,5.04
1695801194.18,6.51,4.95
1695801194.78,6.37,4.88
1695801195.38,6.27,4.83
1695801195.98,6.28,4.84
1695801196.59,6.30,4.85
1695801197.19,6.31,4.86
1695801197.79,6.32,4.87
1695801198.39,6.34,4.88
1695801198.99,6.35,4.89
1695801199.60,6.37,4.90
1695801200.20,6.38,4.91
1695801200.80,6.38,4.91
1695801201.40,6.40,4.92
1695801202.01,6.41,4.93
1695801202.61,6.42,4.93
1695801203.21,6.43,4.94
1695801203.82,6.44,4.94
1695801204.42,6.46,4.95
1695801205.02,6.47,4.95
1695801205.62,6.48,4.95
1695801206.23,6.49,4.96
1695801206.83,6.51,4.96
1695801207.43,6.53,4.96
1695801208.03,6.54,4.97
1695801208.64,6.56,4.97
1695801209.24,6.57,4.97
1695801209.84,6.59,4.97
1695801210.45,6.61,4.97
1695801211.05,6.62,4.96
1695801211.65,6.64,4.96
1695801212.26,6.66,4.96
1695801212.86,6.67,4.96
1695801213.46,6.69,4.95
1695801214.07,6.68,4.96
1695801214.67,6.67,4.97
1695801215.27,6.66,4.98
1695801215.88,6.65,4.99
1695801216.48,6.64,5.00
1695801217.09,6.63,5.01
1695801217.69,6.62,5.02
1695801218.29,6.61,5.03
1695801218.89,6.60,5.03
1695801219.50,6.59,5.04
1695801220.10,6.57,5.05
1695801220.71,6.56,5.06
1695801221.31,6.55,5.06
1695801221.92,6.54,5.07
1695801222.52,6.52,5.07
1695801223.12,6.52,5.08
1695801223.72,6.50,5.08
1695801224.33,6.49,5.09
1695801224.94,6.49,5.09
1695801225.54,6.48,5.09
1695801226.14,6.46,5.09
1695801226.75,6.44,5.10
1695801227.35,6.42,5.10
1695801227.95,6.40,5.10
1695801228.55,6.38,5.10
1695801229.15,6.37,5.10
1695801229.76,6.35,5.09
1695801230.36,6.33,5.09
1695801230.96,6.31,5.08
1695801231.56,6.29,5.08
1695801232.16,6.27,5.07
1695801232.77,6.25,5.06
1695801233.37,6.23,5.06
1695801233.97,6.21,5.05
1695801234.57,6.20,5.04
1695801235.18,6.19,5.03
1695801235.78,6.17,5.02
1695801236.38,6.13,4.97
1695801236.98,6.05,4.88
1695801237.58,5.97,4.77
1695801238.18,5.85,4.61
1695801238.79,5.75,4.46
1695801239.39,5.68,4.37
1695801239.99,5.62,4.28
1695801240.59,5.60,4.25
1695801241.19,5.60,4.27
1695801241.79,5.61,4.29
1695801242.41,5.61,4.30
1695801243.01,5.62,4.32
1695801243.61,5.63,4.33
1695801244.21,5.64,4.35
1695801244.82,5.65,4.36
1695801245.42,5.65,4.37
1695801246.02,5.66,4.39
1695801246.62,5.67,4.40
1695801247.22,5.68,4.41
1695801247.83,5.69,4.42
1695801248.43,5.71,4.44
1695801249.03,5.72,4.45
1695801249.63,5.73,4.46
1695801250.24,5.75,4.47
1695801250.84,5.77,4.48
1695801251.44,5.79,4.49
1695801252.04,5.81,4.50
1695801252.65,5.83,4.52
1695801253.25,5.85,4.53
1695801253.85,5.88,4.54
1695801254.45,5.90,4.55
1695801255.05,5.92,4.56
1695801255.65,5.94,4.57
1695801256.26,5.95,4.58
1695801256.86,5.97,4.58
1695801257.46,5.98,4.59
1695801258.07,5.99,4.60
1695801258.67,6.00,4.60
1695801259.28,6.01,4.61
1695801259.88,6.01,4.61
1695801260.48,6.03,4.62
1695801261.08,6.04,4.62
1695801261.68,6.05,4.62
1695801262.28,6.07,4.63
1695801262.88,6.09,4.63
1695801263.48,6.10,4.63
1695801264.09,6.12,4.63
1695801264.69,6.13,4.63
1695801265.30,6.15,4.63
1695801265.90,6.16,4.63
1695801266.50,6.18,4.63
1695801267.10,6.19,4.63
1695801267.70,6.20,4.63
1695801268.30,6.21,4.62
1695801268.91,6.23,4.62
1695801269.51,6.24,4.62
1695801270.11,6.26,4.61
1695801270.71,6.28,4.61
1695801271.31,6.30,4.60
1695801271.91,6.31,4.59
1695801272.52,6.33,4.58
1695801273.12,6.34,4.58
1695801273.72,6.35,4.57
1695801274.32,6.37,4.56
1695801274.92,6.38,4.55
1695801275.53,6.40,4.54
1695801276.13,6.41,4.53
1695801276.73,6.42,4.53
1695801277.33,6.43,4.52
1695801277.94,6.43,4.51
1695801278.54,6.44,4.50
1695801279.14,6.45,4.49
1695801279.74,6.46,4.48
1695801280.36,6.47,4.47
1695801280.96,6.48,4.46
1695801281.56,6.48,4.44
1695801282.17,6.49,4.43
1695801282.77,6.49,4.42
1695801283.37,6.50,4.41
1695801283.98,6.50,4.39
1695801284.58,6.51,4.38
1695801285.18,6.51,4.37
1695801285.78,6.52,4.35
1695801286.39,6.52,4.34
1695801286.99,6.52,4.32
1695801287.59,6.53,4.31
1695801288.20,6.53,4.29
1695801288.80,6.53,4.27
1695801289.40,6.53,4.25
1695801290.00,6.52,4.23
1695801290.61,6.52,4.21
1695801291.21,6.52,4.19
1695801291.81,6.52,4.17
1695801292.41,6.51,4.16
1695801293.02,6.51,4.14
1695801293.62,6.51,4.12
1695801294.22,6.50,4.11
1695801294.83,6.50,4.10
1695801295.43,6.54,4.14
1695801296.03,6.57,4.17
1695801296.64,6.57,4.16
1695801297.24,6.63,4.22
1695801297.84,6.63,4.22
1695801298.45,6.69,4.26
1695801299.05,6.72,4.29
1695801299.66,6.80,4.35
1695801300.26,6.80,4.34
1695801300.87,6.85,4.38
1695801301.47,6.92,4.42
1695801302.07,7.02,4.49
1695801302.67,7.05,4.50
1695801303.27,7.06,4.51
1695801303.88,7.07,4.51
1695801304.48,7.08,4.52
1695801305.09,7.10,4.52
1695801305.69,7.11,4.53
1695801306.29,7.12,4.54
1695801306.89,7.13,4.54
1695801307.50,7.14,4.55
1695801308.10,7.15,4.56
1695801308.70,7.15,4.56
1695801309.30,7.16,4.56
1695801309.90,7.17,4.57
1695801310.51,7.18,4.58
1695801311.11,7.18,4.59
1695801311.71,7.19,4.60
1695801312.31,7.20,4.60
1695801312.92,7.21,4.61
1695801313.52,7.21,4.62
1695801314.12,7.22,4.62
1695801314.72,7.23,4.63
1695801315.33,7.23,4.64
1695801315.93,7.23,4.64
1695801316.53,7.24,4.65
1695801317.13,7.25,4.67
1695801317.73,7.25,4.68
1695801318.34,7.26,4.69
1695801318.94,7.26,4.71
1695801319.54,7.27,4.72
1695801320.15,7.27,4.73
1695801320.75,7.28,4.74
1695801321.35,7.28,4.76
1695801321.95,7.28,4.77
1695801322.56,7.28,4.78
1695801323.16,7.29,4.79
1695801323.76,7.29,4.81
1695801324.36,7.29,4.81
1695801324.96,7.29,4.83
1695801325.56,7.29,4.85
1695801326.17,7.29,4.86
1695801326.77,7.28,4.88
1695801327.37,7.28,4.89
1695801327.97,7.28,4.90
1695801328.58,7.25,4.96
1695801329.18,7.15,5.11
1695801329.78,7.05,5.26
1695801330.38,6.95,5.42
1695801330.99,6.95,5.43
1695801331.59,6.94,5.45
1695801332.19,6.93,5.47
1695801332.79,6.93,5.49
1695801333.39,6.92,5.51
1695801333.99,6.91,5.52
1695801334.60,6.90,5.53
1695801335.20,6.77,5.65
1695801335.80,6.73,5.69
1695801336.40,6.73,5.69
1695801337.00,6.73,5.69
1695801337.61,6.73,5.69
1695801338.21,6.73,5.69
1695801338.81,6.73,5.69
1695801339.41,6.73,5.69
1695801340.42,6.73,5.69
1695801341.02,6.73,5.69
1695801341.62,6.73,5.69
1695801342.22,6.73,5.69
1695801342.82,6.73,5.69
1695801343.42,6.73,5.69
1695801344.03,6.73,5.69
1695801344.63,6.73,5.69
1695801345.23,6.73,5.69
1695801345.83,6.73,5.69
1695801346.43,6.73,5.69
1695801347.04,6.73,5.69
1695801347.64,6.73,5.69
1695801348.24,6.73,5.69
1695801348.84,6.73,5.69
1695801349.44,6.73,5.69
1695801350.05,6.73,5.69
1695801350.65,6.73,5.69
1695801351.25,6.72,5.71
1695801351.85,6.71,5.72
1695801352.45,6.70,5.73
1695801353.06,6.69,5.74
1695801353.66,6.68,5.76
1695801354.27,6.67,5.77
1695801354.87,6.65,5.78
1695801355.47,6.64,5.80
1695801356.07,6.62,5.81
1695801356.67,6.61,5.82
1695801357.27,6.59,5.83
1695801357.87,6.57,5.84
1695801358.48,6.56,5.85
1695801359.08,6.55,5.85
1695801359.68,6.54,5.86
1695801360.29,6.52,5.87
1695801360.89,6.50,5.87
1695801361.49,6.49,5.88
1695801362.09,6.48,5.88
1695801362.69,6.47,5.89
1695801363.29,6.45,5.89
1695801363.89,6.44,5.89
1695801364.50,6.42,5.90
1695801365.10,6.41,5.90
1695801365.70,6.40,5.90
1695801366.31,6.38,5.90
1695801366.91,6.37,5.90
1695801367.51,6.36,5.90
1695801368.11,6.34,5.90
1695801368.72,6.32,5.89
1695801369.32,6.30,5.89
1695801369.92,6.29,5.89
1695801370.53,6.28,5.89
1695801371.13,6.26,5.88
1695801371.73,6.24,5.87
1695801372.34,6.23,5.87
1695801372.94,6.22,5.86
1695801373.54,6.20,5.86
1695801374.15,6.18,5.85
1695801374.75,6.17,5.84
1695801375.35,6.16,5.83
1695801375.95,6.14,5.83
1695801376.56,6.13,5.82
1695801377.16,6.12,5.81
1695801377.76,6.11,5.80
1695801378.37,6.10,5.79
1695801378.97,6.09,5.78
1695801379.57,6.08,5.77
1695801380.17,6.07,5.76
1695801380.77,6.06,5.75
1695801381.37,6.05,5.73
1695801381.98,6.04,5.72
1695801382.58,6.04,5.71
1695801383.18,6.03,5.70
1695801383.78,6.02,5.68
1695801384.38,6.01,5.66
1695801384.99,6.01,5.65
1695801385.59,6.00,5.64
1695801386.19,6.00,5.62
1695801386.79,6.00,5.61
1695801387.39,5.99,5.60
1695801388.00,5.99,5.58
1695801388.60,5.99,5.57
1695801389.20,5.98,5.56
1695801389.80,5.98,5.55
1695801390.41,5.98,5.54
1695801391.02,5.98,5.53
1695801391.62,5.98,5.52
1695801392.23,5.97,5.52
1695801392.83,5.96,5.54
1695801393.43,5.96,5.55
1695801394.03,5.95,5.56
1695801394.63,5.94,5.58
1695801395.24,5.94,5.58
1695801395.84,5.93,5.59
1695801396.44,5.92,5.61
1695801397.04,5.92,5.63
1695801397.64,5.92,5.64
1695801398.25,5.91,5.66
1695801398.85,5.91,5.67
1695801399.45,5.91,5.69
1695801400.05,5.91,5.71
1695801400.65,5.90,5.73
1695801401.26,5.90,5.74
1695801401.86,5.90,5.76
1695801402.46,5.91,5.78
1695801403.07,5.91,5.80
1695801403.67,5.91,5.81
1695801404.27,5.91,5.83
1695801404.87,5.92,5.85
1695801405.47,5.92,5.87
1695801406.08,5.93,5.88
1695801406.68,5.93,5.90
1695801407.28,5.94,5.91
1695801407.89,5.95,5.93
1695801408.49,5.96,5.94
1695801409.09,5.97,5.96
1695801409.69,5.98,5.98
1695801410.29,5.98,5.99
1695801410.89,5.99,6.00
1695801411.50,6.00,6.01
1695801412.10,6.01,6.02
1695801412.70,6.02,6.03
1695801413.31,6.03,6.04
1695801413.91,6.03,6.05
1695801414.51,6.04,6.06
1695801415.12,6.05,6.06
1695801415.72,6.07,6.08
1695801416.32,6.02,6.06
1695801416.92,5.91,6.03
1695801417.52,5.92,6.04
1695801418.13,5.93,6.05
1695801418.73,5.94,6.06
1695801419.34,5.95,6.06
1695801419.94,5.97,6.07
1695801420.55,5.98,6.07
1695801421.15,5.97,6.08
1695801421.75,5.96,6.08
1695801422.35,5.94,6.09
1695801422.96,5.96,6.09
1695801423.56,5.97,6.10
1695801424.16,5.98,6.10
1695801424.77,6.00,6.11
1695801425.37,5.94,6.11
1695801425.97,5.78,6.11
1695801426.57,5.59,6.12
1695801427.17,5.40,6.12
1695801427.77,5.24,6.12
1695801428.38,5.25,6.12
1695801428.98,5.17,6.13
1695801429.58,5.11,6.14
1695801430.19,4.96,6.15
1695801430.79,4.76,6.17
1695801431.39,4.57,6.19
1695801432.00,4.41,6.20
1695801432.60,4.34,6.21
1695801433.20,4.33,6.22
1695801433.80,4.28,6.22
1695801434.41,4.16,6.23
1695801435.01,4.06,6.22
1695801435.61,4.01,6.23
1695801436.21,4.02,6.23
1695801436.81,4.01,6.24
1695801437.41,4.03,6.24
1695801438.02,4.04,6.25
1695801438.62,4.02,6.25
1695801439.22,4.01,6.26
1695801439.82,4.00,6.26
1695801440.43,3.98,6.26
1695801441.03,3.96,6.26
1695801441.63,3.94,6.26
1695801442.23,3.92,6.27
1695801442.83,3.90,6.26
1695801443.44,3.90,6.27
1695801444.04,3.91,6.28
1695801444.64,3.92,6.28
1695801445.24,3.93,6.29
1695801445.84,3.94,6.30
1695801446.45,3.95,6.30
1695801447.05,3.96,6.31
1695801447.66,3.97,6.31
1695801448.26,3.98,6.32
1695801448.86,3.99,6.33
1695801449.47,4.00,6.33
1695801450.07,4.02,6.34
1695801450.67,4.03,6.34
1695801451.27,4.04,6.34
1695801451.88,4.05,6.35
1695801452.48,4.06,6.35
1695801453.08,4.07,6.35
1695801453.69,4.08,6.36
1695801454.29,4.10,6.36
1695801454.89,4.12,6.36
1695801455.49,4.13,6.36
1695801456.10,4.14,6.36
1695801456.70,4.16,6.36
1695801457.30,4.18,6.36
1695801457.90,4.20,6.36
1695801458.50,4.21,6.35
1695801459.11,4.23,6.35
1695801459.71,4.21,6.36
1695801460.31,4.20,6.38
1695801460.91,4.18,6.39
1695801461.52,4.17,6.40
1695801462.12,4.16,6.41
1695801462.72,4.15,6.42
1695801463.32,4.13,6.42
1695801463.92,4.12,6.43
1695801464.52,4.10,6.44
1695801465.13,4.09,6.45
1695801465.73,4.08,6.45
1695801466.33,4.06,6.46
1695801466.93,4.05,6.46
1695801467.54,4.04,6.47
1695801468.14,4.03,6.47
1695801468.74,4.02,6.48
1695801469.34,4.01,6.48
1695801469.95,3.99,6.48
1695801470.55,3.98,6.49
1695801471.15,3.96,6.49
1695801471.75,3.95,6.49
1695801472.36,3.93,6.49
1695801472.96,3.92,6.48
1695801473.56,3.90,6.48
1695801474.17,3.88,6.48
1695801474.77,3.85,6.47
1695801475.38,3.73,6.41
1695801475.98,3.71,6.40
1695801476.58,3.71,6.41
1695801477.19,3.72,6.42
1695801477.79,3.73,6.43
1695801478.39,3.74,6.44
1695801479.00,3.75,6.45
1695801479.60,3.76,6.46
1695801480.20,3.77,6.47
1695801480.80,3.79,6.48
1695801481.41,3.81,6.49
1695801482.01,3.82,6.49
1695801482.62,3.83,6.50
1695801483.22,3.85,6.51
1695801483.82,3.85,6.52
1695801484.43,3.86,6.52
1695801485.03,3.88,6.53
1695801485.63,3.89,6.53
1695801486.24,3.90,6.54
1695801486.84,3.91,6.54
1695801487.44,3.93,6.55
1695801488.04,3.94,6.55
1695801488.65,3.94,6.55
1695801489.25,3.96,6.56
1695801489.85,3.98,6.56
1695801490.45,4.00,6.56
1695801491.06,4.02,6.56
1695801491.66,4.04,6.56
1695801492.26,4.05,6.56
1695801492.87,4.07,6.56
1695801493.47,4.08,6.56
1695801494.07,4.10,6.55
1695801494.68,4.12,6.55
1695801495.28,4.13,6.55
1695801495.88,4.12,6.56
1695801496.49,4.11,6.57
1695801497.09,4.10,6.58
1695801497.69,4.12,6.58
1695801498.29,4.10,6.59
1695801498.89,4.10,6.59
1695801499.49,4.10,6.60
1695801500.10,4.11,6.60
1695801500.70,4.12,6.60
1695801501.30,4.11,6.61
1695801501.91,4.10,6.61
1695801502.51,4.10,6.62
1695801503.11,4.08,6.63
1695801503.71,4.07,6.64
1695801504.31,4.06,6.64
1695801504.92,4.04,6.65
1695801505.52,4.03,6.66
1695801506.12,4.02,6.66
1695801506.72,4.01,6.67
1695801507.33,4.00,6.67
1695801507.93,3.99,6.68
1695801508.53,3.99,6.68
1695801509.13,3.97,6.69
1695801509.73,3.96,6.69
1695801510.34,3.94,6.70
1695801510.94,3.92,6.70
1695801511.54,3.90,6.70
1695801512.14,3.88,6.70
1695801512.74,3.86,6.70
1695801513.34,3.84,6.69
1695801513.94,3.83,6.69
1695801514.55,3.81,6.69
1695801515.15,3.79,6.69
1695801515.75,3.77,6.68
1695801516.36,3.76,6.68
1695801516.96,3.74,6.67
1695801517.56,3.72,6.67
1695801518.16,3.70,6.65
1695801518.76,3.59,6.55
1695801519.37,3.57,6.55
1695801519.97,3.55,6.54
1695801520.57,3.54,6.53
1695801521.17,3.54,6.53
1695801521.77,3.50,6.49
1695801522.38,3.43,6.39
1695801522.98,3.44,6.40
1695801523.58,3.44,6.42
1695801524.18,3.45,6.44
1695801524.79,3.46,6.45
1695801525.39,3.46,6.46
1695801526.00,3.47,6.48
1695801526.60,3.48,6.49
1695801527.20,3.49,6.50
1695801527.81,3.50,6.51
1695801528.41,3.51,6.53
1695801529.02,3.51,6.54
1695801529.62,3.52,6.55
1695801530.22,3.53,6.56
1695801530.83,3.54,6.57
1695801531.43,3.55,6.58
1695801532.04,3.56,6.58
1695801532.65,3.57,6.59
1695801533.25,3.58,6.60
1695801533.85,3.60,6.61
1695801534.45,3.61,6.62
1695801535.06,3.63,6.63
1695801535.67,3.65,6.64
1695801536.28,3.66,6.64
1695801536.88,3.67,6.65
1695801537.48,3.69,6.66
1695801538.08,3.70,6.66
1695801538.68,3.72,6.67
1695801539.28,3.73,6.68
1695801539.89,3.74,6.69
1695801540.49,3.75,6.69
1695801541.09,3.77,6.70
1695801541.69,3.78,6.71
1695801542.30,3.80,6.71
1695801542.90,3.81,6.72
1695801543.51,3.82,6.72
1695801544.11,3.83,6.73
1695801544.72,3.85,6.73
1695801545.32,3.87,6.73
1695801545.93,3.88,6.74
1695801546.53,3.90,6.74
1695801547.13,3.92,6.74
1695801547.73,3.94,6.74
1695801548.33,3.96,6.74
1695801548.93,3.98,6.74
1695801549.54,4.00,6.73
1695801550.14,4.01,6.73
1695801550.74,4.03,6.73
1695801553.43,4.04,6.75
1695801554.03,4.04,6.75
1695801554.63,4.03,6.77
1695801555.23,4.02,6.78
1695801555.84,4.00,6.79
1695801556.44,3.98,6.80
1695801557.04,3.97,6.81
1695801557.64,3.96,6.82
1695801558.25,3.94,6.83
1695801558.85,3.92,6.84
1695801559.45,3.91,6.84
1695801560.05,3.90,6.85
1695801560.66,3.89,6.86
1695801561.26,3.87,6.86
1695801561.86,3.85,6.87
1695801562.46,3.84,6.87
1695801563.06,3.83,6.88
1695801563.66,3.81,6.88
1695801564.26,3.79,6.88
1695801564.87,3.77,6.89
1695801565.47,3.76,6.89
1695801566.07,3.74,6.88
1695801566.67,3.72,6.88
1695801567.27,3.70,6.88
1695801567.88,3.68,6.88
1695801568.48,3.66,6.87
1695801569.08,3.63,6.87
1695801569.68,3.62,6.86
1695801570.28,3.60,6.85
1695801570.88,3.58,6.85
1695801571.49,3.56,6.84
1695801572.09,3.55,6.83
1695801572.69,3.54,6.82
1695801573.29,3.52,6.82
1695801573.89,3.51,6.81
1695801574.50,3.50,6.80
1695801575.10,3.49,6.79
1695801575.70,3.40,6.65
1695801576.30,3.38,6.64
1695801576.91,3.38,6.63
1695801577.51,3.36,6.62
1695801578.11,3.36,6.62
1695801578.71,3.35,6.61
1695801579.31,3.35,6.61
1695801579.92,3.35,6.62
1695801580.52,3.35,6.64
1695801581.12,3.35,6.66
1695801581.72,3.35,6.68
1695801582.33,3.35,6.70
1695801582.93,3.36,6.72
1695801583.53,3.36,6.73
1695801584.13,3.28,6.62
1695801584.73,3.26,6.60
1695801585.34,3.19,6.51
1695801585.94,3.13,6.45
1695801586.54,3.01,6.30
1695801587.14,2.89,6.16
1695801587.74,2.88,6.15
1695801588.34,2.78,6.04
1695801588.95,2.79,6.06
1695801589.55,2.71,5.99
1695801590.16,2.57,5.85
1695801590.76,2.57,5.86
1695801591.36,2.58,5.88
1695801591.96,2.52,5.83
1695801592.57,2.39,5.73
1695801593.17,2.36,5.72
1695801593.77,2.35,5.72
1695801594.37,2.26,5.66
1695801594.97,2.27,5.67
1695801595.58,2.16,5.61
1695801596.18,2.02,5.53
1695801596.78,2.03,5.54
1695801597.38,2.04,5.55
1695801597.98,1.96,5.52
1695801598.59,1.92,5.50
1695801599.19,1.83,5.47
1695801599.79,1.73,5.42
1695801600.39,1.74,5.43
1695801601.00,1.75,5.44
1695801601.60,1.76,5.45
1695801602.20,1.77,5.46
1695801602.80,1.79,5.47
1695801603.40,1.80,5.47
1695801604.00,1.81,5.48
1695801604.60,1.82,5.49
1695801605.21,1.83,5.49
1695801605.81,1.69,5.48
1695801606.41,1.71,5.49
1695801607.02,1.71,5.49
1695801607.62,1.57,5.50
1695801608.22,1.40,5.50
1695801608.82,1.22,5.50
1695801609.43,1.03,5.50
1695801610.03,0.87,5.50
1695801610.63,0.69,5.50
1695801611.24,0.52,5.50
1695801611.84,0.54,5.50
1695801612.44,0.54,5.51
1695801613.04,0.56,5.51
1695801613.65,0.57,5.51
1695801614.25,0.59,5.52
1695801614.85,0.61,5.52
1695801615.45,0.63,5.52
1695801616.05,0.65,5.52
1695801616.66,0.66,5.52
1695801617.26,0.64,5.53
1695801617.86,0.47,5.60
1695801618.46,0.40,5.63
1695801619.06,0.41,5.63
1695801619.67,0.42,5.62
1695801620.27,0.42,5.63
1695801620.87,0.31,5.69
1695801621.47,0.18,5.76
1695801622.07,0.11,5.80
1695801622.68,0.10,5.81
1695801623.28,0.09,5.83
1695801623.88,0.07,5.84
1695801624.48,0.06,5.85
1695801625.08,0.05,5.86
1695801625.69,0.04,5.86
1695801626.29,0.03,5.87
1695801626.89,0.03,5.87
1695801627.49,0.03,5.88
1695801628.09,0.02,5.89
1695801628.69,0.01,5.89
1695801629.30,-0.01,5.90
1695801629.90,-0.02,5.90
1695801630.50,-0.04,5.91
1695801631.10,-0.05,5.91
1695801631.70,-0.07,5.92
1695801632.30,-0.08,5.92
1695801632.91,-0.10,5.92
1695801633.51,-0.12,5.92
1695801634.11,-0.14,5.93
1695801634.72,-0.16,5.93
1695801635.32,-0.17,5.93
1695801635.92,-0.19,5.92
1695801636.52,-0.21,5.92
1695801637.12,-0.22,5.92
1695801637.73,-0.24,5.92
1695801638.33,-0.26,5.91
1695801638.93,-0.27,5.91
1695801639.53,-0.29,5.90
1695801640.14,-0.30,5.90
1695801640.74,-0.32,5.89
1695801641.34,-0.33,5.89
1695801641.94,-0.32,5.91
1695801642.54,-0.31,5.92
1695801643.15,-0.30,5.93
1695801643.75,-0.29,5.95
1695801644.35,-0.27,5.97
1695801644.95,-0.25,5.98
1695801645.55,-0.23,6.00
1695801646.16,-0.21,6.02
1695801646.76,-0.18,6.04
1695801647.36,-0.16,6.05
1695801647.96,-0.14,6.07
1695801648.56,-0.11,6.08
1695801649.16,-0.09,6.10
1695801649.77,-0.07,6.11
1695801650.37,-0.04,6.12
1695801650.97,-0.02,6.14
1695801651.57,0.00,6.15
1695801652.18,0.03,6.16
1695801652.78,0.05,6.17
1695801653.38,0.08,6.18
1695801653.98,0.10,6.19
1695801654.58,0.12,6.20
1695801655.18,0.14,6.21
1695801655.79,0.15,6.22
1695801656.39,0.16,6.22
1695801656.99,0.18,6.23
1695801657.60,0.19,6.24
1695801658.20,0.20,6.24
1695801658.81,0.21,6.25
1695801659.41,0.21,6.25
1695801660.01,0.23,6.25
1695801660.61,0.24,6.26
1695801661.21,0.26,6.26
1695801661.82,0.27,6.26
1695801662.42,0.26,6.27
1695801663.02,0.24,6.28
1695801663.62,0.23,6.28
1695801664.22,0.22,6.29
1695801664.82,0.20,6.30
1695801665.42,0.20,6.30
1695801666.03,0.18,6.30
1695801666.63,0.17,6.31
1695801667.23,0.15,6.31
1695801667.83,0.12,6.31
1695801668.44,0.10,6.31
1695801669.04,0.09,6.32
1695801669.64,0.07,6.31
1695801670.24,0.06,6.31
1695801670.85,0.04,6.31
1695801671.45,0.02,6.31
1695801672.05,0.00,6.31
1695801673.44,-0.04,6.29
1695801674.04,-0.06,6.29
1695801674.64,-0.07,6.28
1695801675.24,-0.09,6.28
1695801675.85,-0.10,6.27
1695801676.45,-0.11,6.27
1695801677.05,-0.12,6.26
1695801677.65,-0.13,6.26
1695801678.25,-0.15,6.25
1695801678.86,-0.16,6.24
1695801679.46,-0.16,6.24
1695801680.06,-0.18,6.23
1695801680.66,-0.18,6.22
1695801681.26,-0.19,6.22
1695801681.86,-0.20,6.21
1695801682.47,-0.21,6.20
1695801683.08,-0.22,6.19
1695801683.68,-0.23,6.17
1695801684.28,-0.24,6.14
1695801684.88,-0.28,5.97
1695801685.48,-0.33,5.79
1695801686.09,-0.37,5.63
1695801686.69,-0.41,5.44
1695801687.29,-0.45,5.30
1695801687.90,-0.46,5.29
1695801688.50,-0.46,5.28
1695801689.10,-0.47,5.27
1695801689.70,-0.48,5.26
1695801690.30,-0.48,5.25
1695801690.91,-0.48,5.23
1695801691.51,-0.49,5.22
1695801692.11,-0.49,5.20
1695801692.72,-0.50,5.19
1695801693.33,-0.50,5.17
1695801693.93,-0.50,5.15
1695801694.53,-0.50,5.14
1695801695.13,-0.51,5.13
1695801695.73,-0.51,5.11
1695801696.33,-0.51,5.11
1695801696.94,-0.51,5.09
1695801697.54,-0.51,5.08
1695801698.14,-0.51,5.07
1695801698.76,-0.51,5.06
1695801699.36,-0.51,5.04
1695801699.96,-0.51,5.03
1695801700.57,-0.51,5.02
1695801701.17,-0.51,5.01
1695801701.77,-0.50,4.99
1695801702.37,-0.50,4.98
1695801702.97,-0.49,4.97
1695801703.58,-0.49,4.96
1695801704.18,-0.48,4.95
1695801704.78,-0.48,4.93
1695801705.38,-0.47,4.92
1695801705.99,-0.47,4.91
1695801706.59,-0.46,4.90
1695801707.19,-0.45,4.89
1695801707.80,-0.45,4.88
1695801708.40,-0.44,4.87
1695801709.00,-0.43,4.85
1695801709.61,-0.42,4.84
1695801710.21,-0.41,4.83
1695801710.81,-0.40,4.82
1695801711.41,-0.39,4.81
1695801712.02,-0.38,4.80
1695801712.62,-0.37,4.79
1695801713.22,-0.36,4.79
1695801713.82,-0.39,4.79
1695801714.43,-0.40,4.79
1695801715.03,-0.42,4.80
1695801715.63,-0.43,4.80
1695801716.23,-0.45,4.81
1695801716.84,-0.47,4.81
1695801717.44,-0.49,4.82
1695801718.04,-0.50,4.83
1695801718.64,-0.51,4.83
1695801719.24,-0.53,4.84
1695801719.85,-0.54,4.85
1695801720.45,-0.56,4.86
1695801721.05,-0.57,4.87
1695801721.65,-0.58,4.87
1695801722.25,-0.49,4.75
1695801722.86,-0.41,4.64
1695801723.46,-0.38,4.58
1695801724.06,-0.29,4.44
1695801724.66,-0.19,4.28
1695801725.26,-0.18,4.27
1695801725.87,-0.08,4.10
1695801726.47,-0.04,4.03
1695801727.07,0.01,3.94
1695801727.68,0.01,3.93
1695801728.28,0.00,3.94
1695801728.88,-0.01,3.95
1695801729.48,-0.02,3.96
1695801730.09,-0.03,3.97
1695801730.69,-0.03,3.98
1695801731.29,-0.04,3.99
1695801731.89,-0.05,4.00
1695801732.49,-0.06,4.02
1695801733.10,-0.06,4.03
1695801733.70,-0.07,4.05
1695801734.30,-0.07,4.06
1695801734.90,-0.08,4.08
1695801735.50,-0.08,4.09
1695801736.10,-0.09,4.11
1695801736.71,-0.09,4.13
1695801737.31,-0.10,4.10
1695801737.91,-0.13,3.92
1695801738.51,-0.14,3.85
1695801739.11,-0.17,3.73
1695801739.72,-0.20,3.56
1695801740.32,-0.23,3.41
1695801740.92,-0.26,3.25
1695801741.52,-0.28,3.16
1695801742.12,-0.28,3.16
1695801742.72,-0.29,3.14
1695801743.33,-0.29,3.09
1695801743.93,-0.30,3.01
1695801744.53,-0.31,3.00
1695801745.14,-0.31,2.99
1695801745.74,-0.31,2.97
1695801746.34,-0.32,2.97
1695801746.94,-0.32,2.96
1695801747.54,-0.32,2.96
1695801748.15,-0.33,2.94
1695801748.75,-0.33,2.94
1695801749.36,-0.33,2.92
1695801749.97,-0.33,2.91
1695801750.57,-0.33,2.90
1695801751.18,-0.33,2.88
1695801751.78,-0.33,2.87
1695801752.38,-0.33,2.85
1695801752.98,-0.33,2.84
1695801753.58,-0.33,2.82
1695801754.18,-0.33,2.81
1695801754.78,-0.32,2.79
1695801755.39,-0.32,2.78
1695801755.99,-0.31,2.76
1695801756.59,-0.31,2.75
1695801757.19,-0.31,2.74
1695801757.80,-0.30,2.73
1695801758.40,-0.29,2.71
1695801759.01,-0.29,2.70
1695801759.61,-0.28,2.68
1695801760.21,-0.27,2.67
1695801760.81,-0.26,2.65
1695801761.42,-0.25,2.64
1695801762.02,-0.24,2.63
1695801762.62,-0.22,2.61
1695801763.22,-0.22,2.60
1695801763.82,-0.21,2.60
1695801764.43,-0.20,2.59
1695801765.03,-0.19,2.58
1695801765.63,-0.19,2.57
1695801766.23,-0.18,2.56
1695801766.84,-0.17,2.55
1695801767.44,-0.15,2.54
1695801768.04,-0.14,2.53
1695801768.65,-0.12,2.53
1695801769.25,-0.11,2.52
1695801769.85,-0.11,2.51
1695801770.45,-0.10,2.51
1695801771.06,-0.09,2.50
1695801771.66,-0.08,2.49
1695801772.26,-0.07,2.49
1695801772.86,-0.06,2.49
1695801773.47,-0.05,2.48
1695801774.07,-0.04,2.48
1695801774.68,-0.03,2.48
1695801775.28,-0.03,2.47
1695801775.89,-0.03,2.47
1695801776.49,-0.01,2.47
1695801777.09,-0.02,2.46
1695801777.70,-0.02,2.46
1695801778.30,-0.03,2.45
1695801778.90,-0.05,2.45
1695801779.50,-0.05,2.45
1695801780.11,-0.07,2.44
1695801780.71,-0.08,2.44
1695801781.31,-0.09,2.43
1695801781.91,-0.11,2.43
1695801782.51,-0.13,2.43
1695801783.11,-0.15,2.43
1695801783.72,-0.16,2.43
1695801784.32,-0.18,2.43
1695801784.92,-0.20,2.43
1695801785.52,-0.22,2.43
1695801786.12,-0.24,2.44
1695801786.72,-0.26,2.44
1695801787.33,-0.27,2.44
1695801787.93,-0.29,2.45
1695801788.53,-0.30,2.45
1695801789.13,-0.31,2.45
1695801789.74,-0.33,2.46
1695801790.34,-0.34,2.46
1695801790.94,-0.35,2.47
1695801791.54,-0.36,2.48
1695801792.14,-0.38,2.49
1695801792.74,-0.39,2.50
1695801793.35,-0.40,2.51
1695801793.95,-0.41,2.51
1695801794.55,-0.42,2.52
1695801795.15,-0.43,2.53
1695801795.75,-0.44,2.54
1695801796.36,-0.45,2.55
1695801796.96,-0.46,2.55
1695801797.56,-0.46,2.55
1695801798.16,-0.46,2.53
1695801798.77,-0.46,2.53
1695801799.37,-0.46,2.51
1695801799.97,-0.45,2.49
1695801800.57,-0.45,2.48
1695801801.17,-0.44,2.46
1695801801.78,-0.43,2.44
1695801802.38,-0.43,2.43
1695801802.98,-0.42,2.41
1695801803.58,-0.42,2.40
1695801804.19,-0.41,2.39
1695801804.79,-0.40,2.38
1695801805.39,-0.39,2.36
1695801805.99,-0.38,2.35
1695801806.60,-0.37,2.34
1695801807.20,-0.36,2.33
1695801807.80,-0.35,2.32
1695801808.41,-0.35,2.31
1695801809.01,-0.33,2.30
1695801809.61,-0.32,2.29
1695801810.21,-0.31,2.28
1695801810.81,-0.29,2.27
1695801811.42,-0.28,2.26
1695801812.02,-0.27,2.25
1695801812.62,-0.26,2.25
1695801813.22,-0.24,2.24
1695801813.83,-0.23,2.23
1695801814.43,-0.22,2.23
1695801815.03,-0.21,2.22
1695801815.64,-0.19,2.22
1695801816.24,-0.18,2.21
1695801816.84,-0.17,2.21
1695801817.44,-0.15,2.20
1695801818.05,-0.14,2.20
1695801818.65,-0.14,2.20
1695801819.25,-0.13,2.19
1695801819.86,-0.13,2.19
1695801820.46,-0.12,2.19
1695801821.06,-0.10,2.19
1695801821.66,-0.08,2.19
1695801822.26,-0.07,2.19
1695801822.87,-0.05,2.19
1695801823.47,-0.04,2.19
1695801824.07,-0.02,2.19
1695801824.67,-0.00,2.19
1695801825.27,0.01,2.19
1695801825.88,0.03,2.20
1695801826.48,0.05,2.20
1695801827.08,0.06,2.21
1695801827.69,0.06,2.20
1695801828.29,0.05,2.19
1695801828.89,0.07,2.19
1695801829.49,0.08,2.20
1695801830.10,0.10,2.20
1695801830.70,0.09,2.19
1695801831.30,0.08,2.18
1695801831.90,0.10,2.18
1695801832.50,0.11,2.19
1695801833.11,0.13,2.19
1695801833.71,0.14,2.20
1695801834.31,0.16,2.21
1695801834.91,0.17,2.21
1695801835.51,0.18,2.22
1695801836.12,0.19,2.23
1695801836.72,0.20,2.23
1695801837.32,0.21,2.23
1695801837.92,0.22,2.24
1695801838.52,0.23,2.25
1695801839.13,0.24,2.26
1695801839.73,0.26,2.28
1695801840.33,0.27,2.29
1695801840.93,0.27,2.30
1695801841.53,0.28,2.30
1695801842.14,0.28,2.30
1695801842.74,0.29,2.32
1695801843.34,0.29,2.32
1695801843.94,0.29,2.32
1695801844.55,0.30,2.31
1695801847.45,0.30,2.27
1695801848.05,0.31,2.26
1695801848.65,0.31,2.25
1695801849.25,0.31,2.24
1695801849.86,0.31,2.23
1695801850.46,0.32,2.22
1695801851.06,0.32,2.22
1695801851.66,0.32,2.24
1695801852.26,0.32,2.26
1695801852.87,0.33,2.27
1695801853.47,0.33,2.29
1695801854.07,0.33,2.29
1695801854.67,0.32,2.31
1695801855.28,0.32,2.33
1695801855.88,0.32,2.34
1695801856.48,0.32,2.35
1695801857.09,0.32,2.36
1695801857.69,0.31,2.38
1695801858.29,0.31,2.40
1695801858.89,0.30,2.41
1695801859.49,0.29,2.43
1695801860.10,0.29,2.44
1695801860.70,0.28,2.46
1695801861.30,0.27,2.47
1695801861.90,0.27,2.48
1695801862.50,0.26,2.50
1695801863.10,0.26,2.50
1695801863.71,0.26,2.49
1695801864.31,0.26,2.49
1695801864.91,0.26,2.48
1695801865.53,0.27,2.47
1695801866.13,0.27,2.46
1695801866.73,0.15,2.53
1695801867.33,0.01,2.61
1695801867.93,-0.14,2.69
1695801868.53,-0.28,2.77
1695801869.14,-0.30,2.78
1695801869.74,-0.30,2.79
1695801870.34,-0.38,2.85
1695801870.94,-0.37,2.84
1695801871.54,-0.35,2.83
1695801872.15,-0.44,2.91
1695801872.75,-0.43,2.91
1695801873.35,-0.42,2.90
1695801873.96,-0.46,2.95
1695801874.56,-0.50,2.99
1695801875.16,-0.49,2.98
1695801875.76,-0.58,3.10
1695801876.37,-0.57,3.09
1695801876.97,-0.55,3.08
1695801877.57,-0.55,3.08
1695801878.17,-0.62,3.20
1695801878.77,-0.62,3.22
1695801879.37,-0.62,3.23
1695801879.97,-0.61,3.22
1695801880.57,-0.61,3.22
1695801881.18,-0.61,3.24
1695801881.78,-0.62,3.26
1695801882.38,-0.62,3.27
1695801882.98,-0.61,3.27
1695801883.58,-0.62,3.28
1695801884.18,-0.62,3.29
1695801884.78,-0.63,3.31
1695801885.39,-0.64,3.32
1695801885.99,-0.64,3.34
1695801886.59,-0.65,3.35
1695801887.19,-0.66,3.37
1695801887.79,-0.67,3.38
1695801888.39,-0.68,3.39
1695801889.00,-0.70,3.40
1695801889.60,-0.71,3.42
1695801890.20,-0.72,3.43
1695801890.80,-0.73,3.44
1695801891.41,-0.74,3.45
1695801892.01,-0.75,3.46
1695801892.61,-0.76,3.46
1695801893.21,-0.77,3.47
1695801893.82,-0.79,3.48
1695801894.42,-0.79,3.49
1695801895.02,-0.80,3.49
1695801895.62,-0.80,3.50
1695801896.23,-0.81,3.50
1695801896.83,-0.82,3.51
1695801897.43,-0.83,3.51
1695801898.04,-0.85,3.52
1695801898.64,-0.86,3.52
1695801899.25,-0.87,3.52
1695801899.85,-0.88,3.53
1695801900.46,-0.89,3.53
1695801901.06,-0.90,3.53
1695801901.66,-0.91,3.54
1695801902.27,-1.04,3.52
1695801902.87,-1.19,3.50
1695801903.47,-1.33,3.48
1695801904.08,-1.40,3.46
1695801904.68,-1.48,3.45
1695801905.29,-1.50,3.45
1695801905.90,-1.52,3.46
1695801906.50,-1.53,3.46
1695801907.11,-1.54,3.46
1695801907.71,-1.55,3.46
1695801908.31,-1.56,3.46
1695801908.92,-1.57,3.46
1695801909.52,-1.58,3.45
1695801910.12,-1.59,3.45
1695801910.74,-1.60,3.45
1695801911.34,-1.61,3.45
1695801911.94,-1.63,3.45
1695801912.55,-1.64,3.45
1695801913.16,-1.65,3.44
1695801913.76,-1.66,3.44
1695801914.37,-1.67,3.44
1695801914.97,-1.68,3.43
1695801915.57,-1.70,3.43
1695801916.18,-1.71,3.42
1695801916.78,-1.72,3.42
1695801917.38,-1.73,3.41
1695801917.99,-1.73,3.41
1695801918.59,-1.74,3.41
1695801919.19,-1.75,3.40
1695801919.79,-1.76,3.40
1695801920.40,-1.77,3.39
1695801921.00,-1.79,3.38
1695801921.62,-1.80,3.37
1695801922.22,-1.80,3.37
1695801922.83,-1.81,3.36
1695801923.43,-1.82,3.36
1695801924.03,-1.82,3.35
1695801924.64,-1.83,3.35
1695801925.25,-1.83,3.34
1695801925.85,-1.84,3.34
1695801926.45,-1.84,3.34
1695801927.07,-1.85,3.33
1695801927.68,-1.85,3.33
1695801928.29,-1.86,3.32
1695801928.89,-1.86,3.31
1695801929.49,-1.87,3.30
1695801931.46,-1.89,3.27
1695801932.06,-1.90,3.26
1695801932.66,-1.90,3.25
1695801933.27,-1.90,3.24
1695801933.87,-1.91,3.23
1695801934.47,-1.91,3.22
1695801935.08,-1.92,3.21
1695801935.68,-1.92,3.20
1695801936.28,-1.92,3.18
1695801936.88,-1.92,3.18
1695801937.48,-1.93,3.16
1695801938.09,-1.93,3.15
1695801938.69,-1.93,3.13
1695801939.30,-1.93,3.12
1695801939.90,-1.93,3.10
1695801940.51,-1.93,3.08
1695801941.11,-1.93,3.07
1695801941.72,-1.93,3.06
1695801942.32,-1.93,3.05
1695801942.92,-1.92,3.03
1695801943.52,-1.92,3.02
1695801944.12,-1.92,3.01
1695801944.72,-1.92,3.00
1695801945.33,-1.91,2.99
1695801945.93,-1.91,2.97
1695801946.53,-1.91,2.96
1695801947.13,-1.90,2.95
1695801947.74,-1.89,2.93
1695801948.34,-1.89,2.93
1695801948.94,-1.89,2.93
1695801949.54,-1.89,2.92
1695801950.15,-1.88,2.91
1695801950.75,-1.87,2.89
1695801951.35,-1.87,2.88
1695801951.95,-1.86,2.87
1695801952.56,-1.84,2.86
1695801953.17,-1.84,2.85
1695801953.77,-1.83,2.84
1695801954.37,-1.85,2.85
1695801954.98,-1.86,2.85
1695801955.58,-1.88,2.86
1695801956.18,-1.89,2.86
1695801956.78,-1.91,2.87
1695801957.38,-1.92,2.88
1695801957.98,-1.93,2.88
1695801958.59,-1.95,2.89
1695801959.19,-1.96,2.90
1695801959.79,-1.97,2.91
1695801960.40,-1.98,2.92
1695801961.00,-2.00,2.93
1695801961.60,-2.01,2.94
1695801962.20,-2.02,2.95
1695801962.80,-2.03,2.96
1695801963.41,-2.04,2.97
1695801964.01,-2.05,2.98
1695801964.61,-2.06,3.00
1695801965.21,-2.07,3.02
1695801965.82,-2.07,3.03
1695801966.42,-2.08,3.04
1695801967.02,-2.09,3.05
1695801967.62,-2.09,3.06
1695801968.22,-2.10,3.07
1695801968.83,-2.10,3.09
1695801969.43,-2.11,3.10
1695801970.03,-2.11,3.12
1695801970.64,-2.12,3.13
1695801971.24,-2.12,3.14
1695801971.85,-2.12,3.15
1695801972.45,-2.13,3.16
1695801973.05,-2.13,3.17
1695801973.65,-2.13,3.19
1695801974.26,-2.13,3.20
1695801974.86,-2.13,3.22
1695801975.46,-2.13,3.23
1695801976.06,-2.13,3.25
1695801976.67,-2.13,3.26
1695801977.28,-2.13,3.27
1695801977.88,-2.13,3.28
1695801978.48,-2.12,3.30
1695801979.08,-2.12,3.32
1695801979.68,-2.12,3.33
1695801980.29,-2.11,3.35
1695801980.89,-2.11,3.36
1695801981.49,-2.10,3.38
1695801982.09,-2.10,3.39
1695801982.69,-2.09,3.41
1695801983.30,-2.08,3.42
1695801983.90,-2.07,3.44
1695801984.50,-2.06,3.45
1695801985.10,-2.06,3.46
1695801985.70,-2.04,3.48
1695801986.31,-2.02,3.50
1695801986.91,-2.00,3.51
1695801987.51,-1.99,3.53
1695801988.11,-1.97,3.55
1695801988.71,-1.95,3.56
1695801989.32,-1.93,3.58
1695801989.92,-1.92,3.59
1695801990.52,-1.90,3.61
1695801991.13,-2.00,3.55
1695801991.73,-2.00,3.56
1695801992.33,-1.99,3.57
1695801992.94,-1.99,3.57
1695801993.54,-1.98,3.58
1695801994.15,-1.97,3.59
1695801994.75,-1.98,3.58
1695801995.35,-2.00,3.58
1695801995.95,-2.01,3.58
1695801996.56,-2.03,3.58
1695801997.16,-2.04,3.57
1695801997.76,-2.06,3.57
1695801998.36,-2.07,3.56
1695801998.96,-2.09,3.56
1695801999.57,-2.10,3.55
1695802000.17,-2.11,3.55
1695802000.77,-2.13,3.54
1695802001.37,-2.14,3.53
1695802001.98,-2.15,3.53
1695802002.58,-2.16,3.52
1695802003.18,-2.17,3.51
1695802003.78,-2.19,3.50
1695802004.39,-2.19,3.50
1695802004.99,-2.20,3.49
1695802005.59,-2.21,3.48
1695802006.19,-2.23,3.47
1695802006.80,-2.23,3.46
1695802007.40,-2.24,3.45
1695802008.00,-2.25,3.44
1695802008.60,-2.26,3.43
1695802009.20,-2.27,3.42
1695802009.81,-2.27,3.41
1695802010.41,-2.28,3.40
1695802011.01,-2.28,3.39
1695802011.62,-2.29,3.37
1695802012.22,-2.30,3.24
1695802012.82,-2.31,3.14
1695802013.42,-2.32,3.13
1695802014.02,-2.32,3.11
1695802014.63,-2.32,3.10
1695802015.23,-2.33,3.09
1695802015.83,-2.32,3.04
1695802016.43,-2.31,2.86
1695802017.03,-2.31,2.79
1695802017.64,-2.31,2.81
1695802018.24,-2.32,2.83
1695802018.85,-2.32,2.84
1695802019.45,-2.33,2.86
1695802020.05,-2.33,2.88
1695802020.65,-2.33,2.89
1695802021.25,-2.33,2.91
1695802021.85,-2.33,2.93
1695802022.46,-2.33,2.95
1695802023.06,-2.33,2.96
1695802023.66,-2.33,2.98
1695802024.27,-2.33,3.00
1695802024.87,-2.33,3.01
1695802025.47,-2.33,3.03
1695802026.07,-2.32,3.05
1695802026.68,-2.32,3.06
1695802027.28,-2.31,3.08
1695802027.88,-2.31,3.10
1695802028.49,-2.30,3.11
1695802029.09,-2.29,3.12
1695802029.70,-2.29,3.13
1695802030.30,-2.29,3.14
1695802030.90,-2.28,3.16
1695802031.51,-2.27,3.17
1695802032.12,-2.26,3.18
1695802032.72,-2.26,3.19
1695802033.32,-2.25,3.20
1695802033.92,-2.24,3.21
1695802034.52,-2.23,3.22
1695802035.12,-2.22,3.23
1695802035.73,-2.21,3.24
1695802036.33,-2.20,3.25
1695802036.93,-2.19,3.26
1695802037.53,-2.18,3.26
1695802038.14,-2.17,3.27
1695802038.74,-2.17,3.28
1695802039.34,-2.16,3.29
1695802039.94,-2.15,3.29
1695802040.55,-2.14,3.30
1695802041.15,-2.14,3.30
1695802041.75,-2.13,3.31
1695802042.35,-2.11,3.32
1695802042.95,-2.18,3.32
1695802043.55,-2.37,3.31
1695802044.15,-2.38,3.32
1695802044.76,-2.40,3.32
1695802045.36,-2.51,3.32
1695802045.96,-2.60,3.33
1695802046.56,-2.65,3.34
1695802047.17,-2.64,3.34
1695802047.77,-2.63,3.35
1695802048.37,-2.61,3.35
1695802048.98,-2.59,3.35
1695802049.58,-2.68,3.37
1695802050.18,-2.71,3.38
1695802050.79,-2.69,3.38
1695802051.39,-2.68,3.38
1695802052.00,-2.66,3.38
1695802052.60,-2.65,3.38
1695802053.20,-2.65,3.38
1695802053.81,-2.76,3.44
1695802054.41,-2.74,3.43
1695802055.01,-2.71,3.43
1695802055.62,-2.80,3.48
1695802056.22,-2.93,3.57
1695802056.82,-2.92,3.56
1695802057.42,-2.97,3.60
1695802058.03,-3.10,3.69
1695802058.63,-3.12,3.71
1695802059.23,-3.11,3.71
1695802059.84,-3.10,3.71
1695802060.44,-3.10,3.71
1695802061.04,-3.11,3.72
1695802061.64,-3.11,3.73
1695802062.25,-3.12,3.74
1695802062.85,-3.13,3.76
1695802063.45,-3.14,3.77
1695802064.05,-3.15,3.78
1695802064.66,-3.16,3.79
1695802065.26,-3.17,3.80
1695802065.86,-3.18,3.81
1695802066.46,-3.20,3.82
1695802067.07,-3.20,3.83
1695802067.67,-3.21,3.84
1695802068.27,-3.22,3.84
1695802068.87,-3.23,3.85
1695802069.47,-3.24,3.86
1695802070.07,-3.25,3.87
1695802070.68,-3.27,3.87
1695802071.28,-3.28,3.88
1695802071.88,-3.29,3.88
1695802072.48,-3.29,3.89
1695802073.08,-3.40,3.89
1695802073.69,-3.46,3.90
1695802074.29,-3.59,3.89
1695802074.89,-3.60,3.90
1695802075.50,-3.62,3.90
1695802076.10,-3.63,3.91
1695802076.71,-3.65,3.91
1695802077.31,-3.70,3.90
1695802077.91,-3.87,3.87
1695802078.51,-3.93,3.86
1695802079.12,-3.94,3.86
1695802079.72,-3.96,3.86
1695802080.32,-3.97,3.86
1695802080.93,-3.99,3.86
1695802081.53,-4.00,3.86
1695802082.13,-4.01,3.86
1695802082.74,-4.02,3.86
1695802083.34,-4.04,3.85
1695802083.94,-4.05,3.85
1695802084.55,-4.06,3.85
1695802085.15,-4.08,3.84
1695802085.75,-4.09,3.84
1695802086.35,-4.11,3.83
1695802086.96,-4.11,3.83
1695802087.56,-4.13,3.83
1695802088.16,-4.14,3.82
1695802088.76,-4.15,3.82
1695802089.37,-4.16,3.81
1695802089.97,-4.17,3.80
1695802090.57,-4.18,3.80
1695802091.17,-4.19,3.80
1695802091.78,-4.20,3.79
1695802092.38,-4.20,3.79
1695802092.98,-4.21,3.78
1695802093.58,-4.22,3.77
1695802094.19,-4.23,3.77
1695802094.79,-4.24,3.76
1695802095.39,-4.25,3.75
1695802096.00,-4.25,3.74
1695802096.60,-4.26,3.73
1695802097.20,-4.27,3.73
1695802097.80,-4.27,3.72
1695802098.41,-4.28,3.70
1695802099.01,-4.29,3.69
1695802099.61,-4.30,3.68
1695802100.21,-4.30,3.67
1695802100.82,-4.31,3.66
1695802101.42,-4.31,3.66
1695802102.02,-4.31,3.65
1695802102.62,-4.32,3.64
1695802103.22,-4.32,3.62
1695802103.83,-4.33,3.61
1695802104.43,-4.33,3.60
1695802105.03,-4.33,3.59
1695802105.63,-4.34,3.58
1695802106.24,-4.34,3.56
1695802106.85,-4.34,3.55
1695802107.45,-4.34,3.54
1695802108.05,-4.34,3.52
1695802108.65,-4.34,3.51
1695802109.26,-4.34,3.50
1695802109.86,-4.34,3.48
1695802110.46,-4.34,3.46
1695802111.07,-4.34,3.45
1695802111.67,-4.34,3.44
1695802112.27,-4.34,3.42
1695802112.87,-4.33,3.41
1695802113.47,-4.32,3.38
1695802114.07,-4.32,3.37
1695802114.68,-4.31,3.35
1695802115.28,-4.31,3.33
1695802115.88,-4.30,3.32
1695802116.48,-4.29,3.30
1695802117.08,-4.29,3.29
1695802117.68,-4.28,3.27
1695802118.29,-4.27,3.26
1695802118.89,-4.26,3.25
1695802119.49,-4.25,3.24
1695802120.10,-4.24,3.23
1695802120.70,-4.22,3.21
1695802121.30,-4.21,3.20
1695802121.90,-4.19,3.19
1695802122.50,-4.18,3.18
1695802123.10,-4.17,3.17
1695802123.70,-4.16,3.16
1695802124.30,-4.14,3.16
1695802124.91,-4.13,3.15
1695802125.51,-4.12,3.14
1695802126.12,-4.11,3.14
1695802126.72,-4.09,3.13
1695802127.32,-4.09,3.13
1695802127.92,-4.08,3.12
1695802128.53,-4.06,3.12
1695802129.13,-4.07,3.11
1695802129.73,-4.08,3.11
1695802130.33,-4.09,3.10
1695802130.93,-4.10,3.10
1695802131.54,-4.11,3.10
1695802132.14,-4.13,3.09
1695802132.74,-4.15,3.09
1695802133.34,-4.17,3.09
1695802133.94,-4.18,3.09
1695802134.55,-4.20,3.09
1695802135.15,-4.22,3.09
1695802135.75,-4.23,3.09
1695802136.35,-4.25,3.09
1695802136.95,-4.26,3.10
1695802137.56,-4.28,3.10
1695802138.16,-4.30,3.11
1695802138.76,-4.32,3.11
1695802139.37,-4.33,3.12
1695802139.97,-4.35,3.13
1695802140.57,-4.37,3.14
1695802141.17,-4.38,3.14
1695802141.78,-4.40,3.15
1695802142.38,-4.41,3.16
1695802142.98,-4.42,3.17
1695802143.58,-4.43,3.17
1695802144.18,-4.45,3.18
1695802144.79,-4.46,3.19
1695802145.40,-4.46,3.20
1695802146.00,-4.47,3.21
1695802146.60,-4.48,3.22
1695802147.21,-4.49,3.23
1695802147.81,-4.50,3.24
1695802148.41,-4.51,3.25
1695802149.01,-4.52,3.26
1695802149.62,-4.52,3.27
1695802150.22,-4.53,3.28
1695802150.82,-4.54,3.29
1695802151.42,-4.54,3.30
1695802152.03,-4.55,3.32
1695802152.63,-4.54,3.20
1695802153.23,-4.53,3.10
1695802153.84,-4.53,3.09
1695802156.47,-4.53,2.63
1695802157.07,-4.53,2.51
1695802157.67,-4.54,2.36
1695802158.28,-4.54,2.25
1695802158.88,-4.54,2.24
1695802159.48,-4.55,2.23
1695802160.08,-4.55,2.21
1695802160.69,-4.55,2.20
1695802161.29,-4.56,2.19
1695802161.89,-4.56,2.18
1695802162.50,-4.56,2.17
1695802163.10,-4.56,2.16
1695802163.70,-4.56,2.15
1695802164.30,-4.56,2.14
1695802164.91,-4.56,2.13
1695802165.51,-4.56,2.11
1695802166.11,-4.56,2.11
1695802166.72,-4.56,2.11
1695802167.32,-4.56,2.11
1695802167.92,-4.56,2.11
1695802168.52,-4.56,2.11
1695802169.12,-4.56,2.11
1695802169.72,-4.56,2.11
1695802170.33,-4.56,2.11
1695802170.93,-4.56,2.11
1695802171.53,-4.56,2.11
1695802172.13,-4.56,2.11
1695802172.74,-4.56,2.11
1695802173.34,-4.56,2.11
1695802173.94,-4.56,2.11
1695802174.55,-4.57,2.12
1695802175.15,-4.58,2.14
1695802175.75,-4.59,2.15
1695802176.35,-4.60,2.16
1695802176.96,-4.60,2.18
1695802177.56,-4.61,2.19
1695802178.16,-4.61,2.20
1695802178.77,-4.62,2.22
1695802179.37,-4.63,2.23
1695802179.97,-4.63,2.24
1695802180.57,-4.64,2.25
1695802181.18,-4.64,2.11
1695802181.78,-4.65,1.98
1695802182.38,-4.66,1.93
1695802182.98,-4.68,1.75
1695802183.59,-4.70,1.56
1695802184.19,-4.70,1.55
1695802184.79,-4.72,1.40
1695802185.39,-4.74,1.33
1695802186.00,-4.75,1.25
1695802186.60,-4.76,1.24
1695802187.20,-4.76,1.23
1695802187.81,-4.77,1.22
1695802188.41,-4.77,1.20
1695802189.01,-4.78,1.19
1695802189.62,-4.78,1.17
1695802190.22,-4.78,1.16
1695802190.82,-4.79,1.14
1695802191.42,-4.79,1.13
1695802192.03,-4.79,1.13
1695802192.63,-4.79,1.13
1695802193.23,-4.79,1.13
1695802193.83,-4.79,1.13
1695802194.43,-4.79,1.13
1695802195.04,-4.79,1.13
1695802195.64,-4.79,1.13
1695802196.25,-4.79,1.13
1695802196.85,-4.79,1.13
1695802197.45,-4.80,1.15
1695802198.06,-4.80,1.16
1695802198.66,-4.81,1.17
1695802199.26,-4.81,1.18
1695802199.86,-4.82,1.20
1695802200.47,-4.82,1.20
1695802201.07,-4.84,1.11
1695802201.67,-4.84,1.08
1695802202.27,-4.86,0.94
1695802202.88,-4.86,0.95
1695802203.48,-4.88,0.88
1695802204.08,-4.90,0.83
1695802204.68,-4.93,0.69
1695802205.28,-4.94,0.67
1695802205.89,-4.97,0.55
1695802206.49,-4.97,0.57
1695802207.09,-5.02,0.46
1695802207.69,-5.02,0.44
1695802208.30,-5.09,0.27
1695802208.90,-5.14,0.16
1695802209.50,-5.15,0.15
1695802210.10,-5.15,0.15
1695802210.71,-5.16,0.14
1695802211.31,-5.16,0.13
1695802211.91,-5.17,0.13
1695802212.52,-5.17,0.11
1695802213.12,-5.18,0.11
1695802213.72,-5.19,0.09
1695802214.32,-5.19,0.08
1695802214.93,-5.19,0.07
1695802215.53,-5.19,0.07
1695802216.13,-5.19,0.07
1695802216.74,-5.19,0.07
1695802217.34,-5.19,0.07
1695802217.94,-5.19,0.07
1695802218.55,-5.20,0.06
1695802219.15,-5.20,0.04
1695802219.75,-5.21,0.03
1695802220.36,-5.21,0.02
1695802220.96,-5.21,0.00
1695802221.56,-5.22,-0.01
1695802222.16,-5.22,-0.02
1695802222.77,-5.22,-0.03
1695802223.37,-5.22,-0.05
1695802223.97,-5.22,-0.07
1695802224.58,-5.22,-0.08
1695802225.19,-5.22,-0.09
1695802225.79,-5.22,-0.11
1695802226.39,-5.22,-0.12
1695802227.00,-5.21,-0.13
1695802227.60,-5.21,-0.15
1695802228.20,-5.20,-0.16
1695802228.81,-5.20,-0.18
1695802229.41,-5.19,-0.20
1695802230.01,-5.18,-0.22
1695802230.61,-5.18,-0.23
1695802231.22,-5.17,-0.24
1695802231.82,-5.17,-0.25
1695802232.42,-5.16,-0.26
1695802233.03,-5.15,-0.28
1695802233.63,-5.13,-0.29
1695802234.23,-5.13,-0.30
1695802234.83,-5.13,-0.31
1695802235.44,-5.11,-0.32
1695802236.04,-5.10,-0.33
1695802236.64,-5.09,-0.34
1695802237.25,-5.08,-0.35
1695802237.85,-5.07,-0.36
1695802238.45,-5.06,-0.37
1695802239.05,-5.04,-0.38
1695802239.66,-5.03,-0.38
1695802240.26,-5.02,-0.39
1695802240.86,-5.01,-0.40
1695802241.46,-5.00,-0.40
1695802242.06,-4.98,-0.41
1695802242.67,-4.97,-0.42
1695802243.27,-4.96,-0.42
1695802243.87,-4.95,-0.42
1695802244.47,-4.94,-0.43
1695802245.07,-4.92,-0.43
1695802245.68,-4.91,-0.43
1695802246.28,-4.90,-0.44
1695802246.88,-4.88,-0.44
1695802247.48,-4.87,-0.44
1695802248.09,-4.85,-0.44
1695802248.69,-4.83,-0.44
1695802249.30,-4.81,-0.43
1695802249.90,-4.79,-0.43
1695802250.50,-4.77,-0.43
1695802251.10,-4.76,-0.43
1695802251.70,-4.74,-0.42
1695802252.30,-4.73,-0.42
1695802252.91,-4.71,-0.41
1695802253.51,-4.70,-0.41
1695802254.11,-4.68,-0.40
1695802254.71,-4.67,-0.40
1695802255.31,-4.65,-0.39
1695802255.92,-4.65,-0.38
1695802256.52,-4.63,-0.38
1695802257.12,-4.62,-0.37
1695802257.72,-4.60,-0.36
1695802258.32,-4.59,-0.35
1695802258.93,-4.58,-0.34
1695802259.53,-4.57,-0.33
1695802260.13,-4.57,-0.32
1695802260.74,-4.56,-0.32
1695802261.34,-4.55,-0.31
1695802261.94,-4.55,-0.31
1695802262.55,-4.54,-0.29
1695802263.15,-4.53,-0.28
1695802263.76,-4.52,-0.27
1695802264.36,-4.52,-0.27
1695802264.96,-4.51,-0.25
1695802265.56,-4.50,-0.24
1695802266.17,-4.50,-0.22
1695802266.77,-4.49,-0.21
1695802267.37,-4.48,-0.19
1695802267.98,-4.48,-0.18
1695802268.58,-4.47,-0.16
1695802269.19,-4.47,-0.15
1695802269.79,-4.47,-0.14
1695802270.39,-4.46,-0.13
1695802270.99,-4.46,-0.11
1695802271.60,-4.46,-0.11
1695802272.20,-4.46,-0.09
1695802272.80,-4.46,-0.07
1695802273.40,-4.46,-0.06
1695802274.01,-4.46,-0.04
1695802274.61,-4.50,0.07
1695802275.21,-4.51,0.12
1695802275.81,-4.57,0.26
1695802276.41,-4.60,0.34
1695802277.02,-4.67,0.49
1695802277.62,-4.75,0.66
1695802278.22,-4.82,0.81
1695802278.82,-4.84,0.85
1695802279.47,-4.88,0.95
1695802280.07,-4.88,0.94
1695802280.68,-4.87,0.93
1695802281.28,-4.86,0.92
1695802281.88,-4.85,0.91
1695802282.49,-4.85,0.90
1695802283.09,-4.84,0.90
1695802283.70,-4.84,0.89
1695802284.30,-4.83,0.88
1695802284.90,-4.83,0.87
1695802285.51,-4.82,0.86
1695802286.11,-4.81,0.84
1695802286.71,-4.81,0.83
1695802287.31,-4.81,0.83
1695802287.92,-4.80,0.84
1695802288.52,-4.80,0.86
1695802289.12,-4.79,0.85
1695802289.72,-4.79,0.84
1695802290.32,-4.78,0.86
1695802290.93,-4.78,0.86
1695802291.53,-4.77,0.84
1695802292.13,-4.76,0.85
1695802292.73,-4.76,0.86
1695802293.34,-4.76,0.87
1695802293.94,-4.75,0.86
1695802294.54,-4.75,0.86
1695802295.14,-4.74,0.88
1695802295.74,-4.74,0.86
1695802296.34,-4.73,0.86
1695802296.95,-4.72,0.87
1695802297.55,-4.72,0.88
1695802298.15,-4.72,0.89
1695802298.75,-4.71,0.88
1695802299.36,-4.70,0.88
1695802300.48,-4.70,0.88
1695802301.08,-4.69,0.88
1695802301.68,-4.68,0.87
1695802302.28,-4.68,0.88
1695802302.88,-4.68,0.89
1695802303.48,-4.67,0.88
1695802304.09,-4.67,0.89
1695802304.69,-4.66,0.91
1695802305.29,-4.66,0.91
1695802305.89,-4.65,0.91
1695802306.49,-4.65,0.93
1695802307.09,-4.65,0.95
1695802307.70,-4.65,0.96
1695802308.30,-4.65,0.97
1695802308.91,-4.65,0.98
1695802309.51,-4.65,1.00
1695802310.11,-4.65,1.01
1695802310.71,-4.66,1.03
1695802311.32,-4.66,1.04
1695802311.92,-4.66,1.06
1695802312.52,-4.66,1.07
1695802313.12,-4.67,1.09
1695802313.72,-4.68,1.11
1695802314.32,-4.68,1.12
1695802314.93,-4.69,1.14
1695802315.53,-4.70,1.15
1695802316.13,-4.70,1.15
1695802316.73,-4.68,1.15
1695802317.34,-4.67,1.14
1695802317.95,-4.66,1.13
1695802318.55,-4.65,1.12
1695802319.15,-4.64,1.12
1695802319.75,-4.62,1.11
1695802320.35,-4.61,1.10
1695802320.96,-4.60,1.09
1695802321.56,-4.59,1.08
1695802322.16,-4.58,1.07
1695802322.76,-4.57,1.06
1695802323.37,-4.57,1.05
1695802323.97,-4.56,1.04
1695802324.57,-4.55,1.03
1695802325.17,-4.54,1.02
1695802325.82,-4.54,1.00
1695802326.42,-4.53,0.99
1695802327.02,-4.52,0.98
1695802327.63,-4.52,0.97
1695802328.23,-4.51,0.95
1695802328.83,-4.51,0.94
1695802329.43,-4.50,0.93
1695802330.04,-4.50,0.94
1695802330.64,-4.49,0.95
1695802333.48,-4.48,0.98
1695802334.08,-4.47,0.99
1695802334.68,-4.47,1.01
1695802335.28,-4.47,1.02
1695802335.89,-4.47,1.03
1695802336.49,-4.47,1.04
1695802337.09,-4.47,1.06
1695802337.69,-4.47,1.08
1695802338.29,-4.47,1.09
1695802338.89,-4.47,1.10
1695802339.50,-4.47,1.12
1695802340.10,-4.48,1.14
1695802340.70,-4.48,1.15
1695802341.31,-4.48,1.16
1695802341.91,-4.49,1.17
1695802342.51,-4.49,1.18
1695802343.13,-4.50,1.20
1695802343.73,-4.50,1.21
1695802344.33,-4.51,1.23
1695802344.93,-4.52,1.24
1695802345.54,-4.53,1.25
1695802346.14,-4.54,1.27
1695802346.75,-4.55,1.28
1695802347.35,-4.56,1.29
1695802347.95,-4.57,1.30
1695802348.56,-4.67,1.36
1695802349.16,-4.82,1.44
1695802349.77,-4.85,1.46
1695802350.37,-4.98,1.52
1695802350.98,-5.12,1.59
1695802351.58,-5.29,1.67
1695802352.18,-5.43,1.74
1695802352.78,-5.45,1.76
1695802353.39,-5.46,1.76
1695802353.99,-5.47,1.77
1695802354.59,-5.48,1.78
1695802355.20,-5.49,1.78
1695802355.80,-5.49,1.79
1695802356.41,-5.50,1.79
1695802357.01,-5.51,1.80
1695802357.61,-5.51,1.80
1695802358.22,-5.52,1.81
1695802358.82,-5.54,1.81
1695802359.42,-5.54,1.82
1695802360.02,-5.56,1.83
1695802360.63,-5.56,1.83
1695802361.23,-5.58,1.84
1695802361.83,-5.58,1.84
1695802362.43,-5.59,1.85
1695802363.03,-5.60,1.85
1695802363.64,-5.61,1.85
1695802364.24,-5.62,1.86
1695802364.84,-5.63,1.86
1695802365.45,-5.64,1.86
1695802366.05,-5.65,1.86
1695802366.65,-5.67,1.87
1695802367.25,-5.69,1.87
1695802367.86,-5.70,1.87
1695802368.46,-5.72,1.87
1695802369.07,-5.73,1.87
1695802369.67,-5.75,1.86
1695802370.27,-5.76,1.86
1695802370.87,-5.78,1.86
1695802372.48,-5.81,1.85
1695802373.09,-5.83,1.85
1695802373.69,-5.84,1.84
1695802374.29,-5.86,1.84
1695802374.89,-5.87,1.83
1695802375.49,-5.88,1.83
1695802376.10,-5.89,1.82
1695802376.70,-5.90,1.82
1695802377.30,-5.91,1.81
1695802377.90,-5.92,1.81
1695802378.51,-5.93,1.80
1695802379.11,-5.94,1.79
1695802379.71,-5.95,1.79
1695802380.32,-5.95,1.78
1695802380.92,-5.96,1.78
1695802381.52,-5.96,1.78
1695802382.13,-5.97,1.77
1695802382.73,-5.98,1.76
1695802383.34,-5.99,1.75
1695802383.94,-6.00,1.75
1695802384.54,-6.00,1.74
1695802385.14,-6.01,1.73
1695802385.75,-6.02,1.72
1695802386.35,-6.03,1.71
1695802386.95,-6.03,1.70
1695802387.56,-6.04,1.70
1695802388.16,-6.04,1.69
1695802388.77,-6.04,1.68
1695802389.37,-6.05,1.68
1695802389.97,-6.05,1.70
1695802390.57,-6.05,1.72
1695802391.18,-6.05,1.74
1695802391.78,-6.05,1.76
1695802392.38,-6.05,1.78
1695802392.99,-6.05,1.80
1695802393.59,-6.05,1.82
1695802394.19,-6.05,1.84
1695802394.79,-6.05,1.86
1695802395.39,-6.04,1.87
1695802395.99,-6.04,1.89
1695802396.60,-6.03,1.91
1695802397.20,-6.02,1.92
1695802397.80,-6.02,1.94
1695802398.40,-6.01,1.95
1695802399.01,-6.00,1.97
1695802399.61,-5.99,1.99
1695802400.21,-5.98,2.00
1695802400.82,-5.97,2.02
1695802401.42,-5.96,2.02
1695802402.02,-5.96,2.03
1695802402.63,-5.95,2.04
1695802403.23,-5.93,2.06
1695802403.83,-5.92,2.07
1695802404.43,-5.91,2.07
1695802405.03,-5.90,2.08
1695802405.64,-5.89,2.09
1695802406.24,-5.87,2.10
1695802406.84,-5.86,2.11
1695802407.44,-5.85,2.12
1695802408.05,-5.83,2.13
1695802408.65,-5.81,2.14
1695802409.25,-5.80,2.14
1695802409.85,-5.78,2.15
1695802410.46,-5.76,2.16
1695802411.06,-5.75,2.16
1695802411.66,-5.74,2.17
1695802412.26,-5.73,2.17
1695802412.87,-5.71,2.17
1695802413.47,-5.70,2.18
1695802414.07,-5.69,2.18
1695802414.67,-5.67,2.18
1695802415.28,-5.65,2.18
1695802415.88,-5.63,2.18
1695802416.48,-5.61,2.18
1695802417.08,-5.60,2.18
1695802417.68,-5.58,2.18
1695802418.29,-5.56,2.17
1695802418.89,-5.54,2.17
1695802419.50,-5.53,2.16
1695802420.10,-5.65,2.23
1695802420.70,-5.64,2.23
1695802421.30,-5.67,2.26
1695802421.90,-5.75,2.31
1695802422.51,-5.74,2.31
1695802423.11,-5.83,2.38
1695802423.71,-5.95,2.47
1695802424.31,-5.94,2.47
1695802424.92,-5.96,2.49
1695802425.52,-6.08,2.60
1695802426.13,-6.12,2.64
1695802426.73,-6.13,2.66
1695802427.33,-6.14,2.67
1695802427.94,-6.15,2.68
1695802428.54,-6.16,2.70
1695802429.14,-6.17,2.71
1695802429.74,-6.18,2.72
1695802430.34,-6.20,2.73
1695802430.95,-6.21,2.74
1695802431.55,-6.22,2.75
1695802432.15,-6.23,2.76
1695802432.75,-6.25,2.77
1695802433.35,-6.26,2.78
1695802433.96,-6.28,2.79
1695802434.56,-6.29,2.79
1695802435.16,-6.29,2.80
1695802435.77,-6.31,2.81
1695802436.37,-6.32,2.81
1695802436.97,-6.33,2.82
1695802437.57,-6.33,2.82
1695802438.17,-6.48,2.82
1695802438.77,-6.67,2.82
1695802439.38,-6.84,2.82
1695802439.98,-7.03,2.82
1695802440.58,-7.22,2.82
1695802441.19,-7.25,2.82
1695802441.79,-7.25,2.83
1695802442.39,-7.27,2.83
1695802442.99,-7.28,2.83
1695802443.59,-7.30,2.84
1695802444.20,-7.31,2.84
1695802444.80,-7.32,2.84
1695802445.40,-7.34,2.84
1695802446.01,-7.35,2.84
1695802446.61,-7.36,2.84
1695802447.21,-7.38,2.84
1695802447.82,-7.39,2.84
1695802448.42,-7.40,2.84
1695802449.02,-7.42,2.83
1695802449.62,-7.43,2.83
1695802450.22,-7.44,2.83
1695802450.82,-7.46,2.82
1695802451.43,-7.47,2.82
1695802452.03,-7.48,2.82
1695802452.63,-7.49,2.81
1695802453.24,-7.50,2.81
1695802453.84,-7.51,2.81
1695802454.44,-7.53,2.80
1695802455.05,-7.54,2.79
1695802455.65,-7.56,2.78
1695802456.26,-7.57,2.78
1695802456.86,-7.58,2.77
1695802457.46,-7.59,2.76
1695802458.06,-7.60,2.76
1695802458.67,-7.61,2.75
1695802459.27,-7.62,2.74
1695802459.88,-7.63,2.73
1695802460.48,-7.64,2.73
1695802461.09,-7.64,2.72
1695802461.69,-7.65,2.71
1695802462.30,-7.66,2.71
1695802462.90,-7.67,2.70
1695802463.50,-7.67,2.69
1695802464.11,-7.68,2.68
1695802464.71,-7.69,2.67
1695802465.31,-7.69,2.67
1695802465.92,-7.70,2.65
1695802466.52,-7.70,2.64
1695802467.12,-7.71,2.63
1695802467.72,-7.71,2.62
1695802468.33,-7.72,2.60
1695802468.93,-7.72,2.60
1695802469.53,-7.73,2.58
1695802470.14,-7.73,2.57
1695802470.74,-7.73,2.57
1695802471.34,-7.73,2.56
1695802471.94,-7.74,2.55
1695802472.54,-7.71,2.43
1695802473.15,-7.68,2.26
1695802473.75,-7.64,2.09
1695802474.35,-7.60,1.92
1695802474.95,-7.58,1.82
1695802475.56,-7.57,1.73
1695802476.16,-7.57,1.70
1695802476.76,-7.55,1.55
1695802477.36,-7.55,1.51
1695802477.96,-7.54,1.43
1695802478.56,-7.54,1.33
1695802479.17,-7.54,1.32
1695802479.77,-7.55,1.31
1695802480.37,-7.55,1.18
1695802480.97,-7.55,1.16
1695802481.57,-7.55,1.15
1695802482.17,-7.55,1.15
1695802482.78,-7.55,1.15
1695802483.38,-7.55,1.15
1695802483.99,-7.55,1.15
1695802484.59,-7.55,1.15
1695802485.19,-7.55,1.15
1695802485.79,-7.55,1.15
1695802486.39,-7.55,1.15
1695802486.99,-7.55,1.15
1695802487.60,-7.55,1.15
1695802488.20,-7.55,1.15
1695802488.80,-7.55,1.15
1695802489.40,-7.55,1.15
1695802490.00,-7.55,1.15
1695802490.61,-7.55,1.15
1695802491.21,-7.55,1.15
1695802491.81,-7.55,1.15
1695802492.41,-7.55,1.15
1695802493.01,-7.55,1.15
1695802493.62,-7.55,1.15
1695802494.22,-7.55,1.15
1695802494.82,-7.55,1.11
1695802495.42,-7.54,0.99
1695802496.02,-7.53,0.80
1695802496.63,-7.52,0.64
1695802497.23,-7.51,0.46
1695802497.83,-7.50,0.28
1695802498.43,-7.49,0.11
1695802499.03,-7.49,0.10
1695802499.63,-7.49,0.12
1695802500.24,-7.50,0.13
1695802500.85,-7.50,0.15
1695802501.45,-7.51,0.16
1695802502.05,-7.51,0.16
1695802502.65,-7.51,0.16
1695802503.26,-7.51,0.16
1695802503.86,-7.51,0.16
1695802504.47,-7.51,0.16
1695802505.07,-7.51,0.16
1695802505.67,-7.51,0.16
1695802506.27,-7.51,0.16
1695802506.88,-7.51,0.16
1695802507.48,-7.51,0.16
1695802508.08,-7.51,0.16
1695802508.68,-7.51,0.16
1695802509.29,-7.51,0.16
1695802509.89,-7.51,0.16
1695802510.50,-7.51,0.16
1695802511.10,-7.51,0.16
1695802511.70,-7.51,0.16
1695802512.30,-7.51,0.16
1695802512.91,-7.51,0.16
1695802513.51,-7.50,0.16
1695802514.11,-7.50,0.16
1695802514.71,-7.50,0.16
1695802515.31,-7.50,0.16
1695802515.91,-7.50,0.16
1695802516.52,-7.50,0.16
1695802517.12,-7.50,0.16
1695802517.72,-7.50,0.16
