1,0.336753,-0.0685328,0.15506,-0.00846463,-0.0100636,-0.0015627,0.999912,-0.0791495,-0.120194,-0.465478,0.105082,-0.0273311,0.038066,0.993359
3,0.31394,-0.0835506,0.163034,0.105144,-0.0270606,0.0344976,0.99349,-0.0983096,-0.122776,-0.468042,0.105097,-0.0270012,0.0346867,0.99349
14,0.213651,-0.120832,0.151205,0.101906,-0.0301887,0.0167589,0.994195,-0.201828,-0.132146,-0.48086,0.101848,-0.030314,0.0163072,0.994204
25,0.110228,-0.149693,0.146269,0.0937034,-0.0403057,0.00160864,0.994783,-0.307348,-0.134329,-0.492466,0.0935507,-0.0406075,-0.000956164,0.994786
46,0.379113,-0.00367103,0.180161,0.0985171,-0.0292668,0.129685,0.986215,0.00520849,-0.114513,-0.453636,0.0991701,-0.0313629,0.129117,0.986159
47,0.85667,-0.112213,0.212623,0.110425,-0.0474326,-0.0577453,0.991071,0.4809,-0.166968,-0.428405,0.110656,-0.0465362,-0.0835158,0.98925
48,1.39283,-0.148902,0.243552,0.0980058,-0.0519078,0.0133245,0.993742,1.01073,-0.288765,-0.399088,0.0978835,-0.0523508,0.00590629,0.993802
49,1.80237,-0.0913915,0.289187,0.100096,-0.0522389,0.0100744,0.993554,1.36912,-0.29194,-0.360258,0.0998154,-0.052765,0.00431328,0.993597
54,1.96471,-0.0818369,0.30975,0.0983127,-0.0569883,0.00432194,0.993513,1.53628,-0.298603,-0.342596,0.0979197,-0.0576037,-0.0022212,0.993523
67,1.8593,-0.096052,0.29387,0.097132,-0.0543425,0.0119298,0.993715,1.4299,-0.305046,-0.357084,0.0967976,-0.0549187,0.00597533,0.99377
81,1.75563,-0.144613,0.273675,0.0985637,-0.0501842,-0.0117635,0.993795,1.32464,-0.320974,-0.372003,0.0982825,-0.0507046,-0.0171143,0.993719
94,1.64825,-0.162409,0.260535,0.0966555,-0.0506556,-0.00473449,0.994017,1.21588,-0.330006,-0.386091,0.0963806,-0.0512019,-0.010015,0.993976
112,1.54575,-0.177036,0.248933,0.0956926,-0.0511355,0.00175277,0.994095,1.11277,-0.336223,-0.398488,0.0953982,-0.0516647,-0.00367224,0.994091
133,1.44392,-0.194704,0.237103,0.0953229,-0.0511426,0.00173959,0.99413,1.01044,-0.340527,-0.410277,0.0950364,-0.0516586,-0.00370726,0.994126
153,1.34175,-0.213877,0.224929,0.0948757,-0.0511445,0.00171637,0.994173,0.906953,-0.346342,-0.422503,0.0945814,-0.051662,-0.00371591,0.994169
174,1.23942,-0.231841,0.212978,0.0944951,-0.0511397,0.00172254,0.994209,0.80414,-0.350848,-0.434376,0.0942173,-0.0516607,-0.00373318,0.994203
195,1.13781,-0.2494,0.20121,0.0941408,-0.0511455,0.00170065,0.994243,0.701257,-0.355178,-0.446225,0.0938548,-0.0516592,-0.00374601,0.994238
216,1.0349,-0.267342,0.189227,0.0937718,-0.0511433,0.00169665,0.994278,0.597717,-0.359612,-0.458165,0.09349,-0.051661,-0.00377018,0.994272
238,0.982674,-0.335517,0.169576,0.0935942,-0.0420727,-0.0495183,0.993488,0.54536,-0.380689,-0.466617,0.0934379,-0.0423882,-0.0537827,0.993267
258,0.958728,-0.399368,0.153228,0.093639,-0.0335945,-0.102604,0.989735,0.524834,-0.399944,-0.472077,0.093564,-0.0337655,-0.10514,0.98947
273,1.03519,-0.370752,0.165973,0.0908315,-0.0431649,-0.0455679,0.993886,0.615177,-0.453866,-0.473775,0.0875531,-0.048278,0.0104445,0.994934
274,1.01821,-0.267601,0.179527,0.0685017,-0.0667912,0.255988,0.961934,0.611116,-0.596453,-0.501721,0.0644618,-0.0711155,0.286866,0.95315
275,0.896085,-0.242987,0.175062,0.0587429,-0.0807429,0.456652,0.884024,0.582026,-0.654576,-0.509091,0.0579361,-0.0809624,0.481469,0.87079
276,0.591472,-0.188222,0.169165,0.0454883,-0.077311,0.677707,0.72984,0.460186,-0.649413,-0.50953,0.0434353,-0.0765948,0.698565,0.710108
277,0.314487,-0.257028,0.134087,0.017994,-0.0695131,0.81471,0.575406,0.401991,-0.731004,-0.523498,0.0148261,-0.0688927,0.820466,0.567335
285,0.334931,-0.36413,0.104789,-0.00168613,-0.0673784,0.826305,0.559176,0.408952,-0.784063,-0.530095,-0.00159425,-0.0673514,0.827075,0.558039
288,0.128351,-0.0132725,0.140191,-0.0119241,-0.082483,0.828668,0.553502,0.202931,-0.36929,-0.484548,-0.0154541,-0.0860067,0.828841,0.552618
289,-0.149795,0.411989,0.232484,0.00455542,-0.115995,0.825284,0.552657,-0.00169734,0.0684007,-0.424945,0.0116333,-0.120024,0.828902,0.546242
290,-0.335677,0.561526,0.271463,0.0222154,-0.133051,0.853095,0.504017,-0.139357,0.250303,-0.40103,0.0203732,-0.133294,0.858258,0.495188
291,-0.605526,0.838364,0.318847,0.0139909,-0.130964,0.873311,0.469021,-0.334379,0.522249,-0.351889,0.00958827,-0.132677,0.899936,0.415236
292,-0.70993,0.700257,0.27637,-0.0117677,-0.132722,0.95329,0.271081,-0.287503,0.514415,-0.349532,-0.0144755,-0.132428,0.961378,0.240842
293,-0.814024,0.595921,0.242116,-0.0273978,-0.12904,0.980715,0.144205,-0.369024,0.515149,-0.358022,-0.0301206,-0.128508,0.983882,0.12064
294,-0.77674,0.475287,0.213471,-0.0455691,-0.123008,0.991358,-0.00100439,-0.343059,0.451325,-0.371584,-0.0519356,-0.120217,0.990268,-0.047108
295,-0.837823,0.149957,0.130527,-0.0743628,-0.108703,0.959024,-0.250851,-0.485571,0.387249,-0.401167,-0.0767412,-0.106551,0.956102,-0.261967
296,-0.873661,0.0331719,0.0987423,-0.0914153,-0.0971315,0.91109,-0.39003,-0.589872,0.343961,-0.423524,-0.0946894,-0.0941208,0.903515,-0.40723
297,-0.830765,-0.181531,0.0458559,-0.103364,-0.0880344,0.873011,-0.46842,-0.606209,0.165051,-0.466085,-0.103952,-0.0851728,0.888555,-0.438645
298,-0.940484,-0.218268,0.0399204,-0.0882624,-0.0862994,0.946584,-0.297894,-0.608789,0.0483399,-0.484874,-0.0789617,-0.0886522,0.959071,-0.257077
299,-1.00077,-0.15118,0.0603042,-0.0486505,-0.100015,0.992435,-0.0519802,-0.632152,-0.0654791,-0.512165,-0.0516592,-0.0979328,0.993851,0.000589661
300,-0.99172,-0.043981,0.0627838,-0.0525571,-0.104777,0.960874,0.25096,-0.672218,-0.178761,-0.529041,-0.0524062,-0.103478,0.94591,0.302985
301,-0.886284,0.000111496,0.0679528,-0.0439569,-0.0933263,0.887457,0.449197,-0.67346,-0.278338,-0.549289,-0.0410507,-0.0889276,0.869997,0.483231
302,-0.74528,-0.101322,0.0520767,-0.0221329,-0.0694663,0.811221,0.580177,-0.650518,-0.440543,-0.580295,-0.0184226,-0.0655857,0.798764,0.597775
303,-0.627898,-0.243103,0.0419999,-0.00933398,-0.065181,0.728547,0.681824,-0.681009,-0.560784,-0.595065,-0.00878212,-0.0652579,0.717061,0.693893
304,-0.609415,-0.0987392,0.0593079,-0.00195844,-0.0658114,0.647401,0.759301,-0.749748,-0.452116,-0.593296,0.00058009,-0.0658437,0.611108,0.788804
305,-0.540128,-0.0173134,0.114057,0.0226173,-0.0894308,0.560397,0.823071,-0.692909,-0.307616,-0.558223,0.0257617,-0.0905721,0.545796,0.83261
306,-0.408024,0.306662,0.226573,0.0588613,-0.127657,0.543966,0.827248,-0.482929,0.12364,-0.463775,0.0723421,-0.116037,0.546432,0.826265
307,-0.262272,0.495963,0.271762,0.0829792,-0.105702,0.500429,0.855285,-0.386449,0.255029,-0.425686,0.0829752,-0.103772,0.498858,0.856439
308,-0.0572827,0.956758,0.396413,0.0835956,-0.104323,0.50222,0.854344,-0.190566,0.598759,-0.318249,0.0881842,-0.101155,0.463569,0.87584
309,0.154595,1.14173,0.460869,0.0929699,-0.0967204,0.418065,0.898456,0.0334687,0.869986,-0.227531,0.0919899,-0.0973885,0.413208,0.900729
310,0.418313,1.54689,0.585991,0.0916033,-0.102048,0.420389,0.896921,0.285197,1.16073,-0.126902,0.0950793,-0.0983265,0.37681,0.916137
311,0.504628,1.31421,0.533318,0.113276,-0.0739143,0.205138,0.969342,0.257124,1.02889,-0.16319,0.116908,-0.0684761,0.140651,0.980745
312,0.535665,0.903959,0.433703,0.130635,-0.036327,-0.119742,0.983502,0.23097,0.882421,-0.203566,0.132091,-0.0290214,-0.181765,0.973998
313,0.40192,0.73193,0.379082,0.133403,-0.0156102,-0.276311,0.951637,0.103923,0.879401,-0.218076,0.133819,-0.00750496,-0.323567,0.936665
315,0.571038,0.87391,0.427701,0.12755,-0.0444979,-0.0497755,0.989582,0.264828,0.791597,-0.223224,0.123104,-0.0543154,0.0189031,0.990726
316,0.638224,1.00145,0.463313,0.109424,-0.0773873,0.236096,0.962443,0.440151,0.781484,-0.206685,0.108844,-0.0789689,0.233418,0.963033
317,0.794583,1.19199,0.525061,0.100733,-0.0918144,0.337384,0.931448,0.575036,0.814594,-0.183122,0.104365,-0.0872,0.285565,0.94866
318,0.87547,0.904283,0.458209,0.121731,-0.0604649,0.0896238,0.986658,0.561699,0.667764,-0.221521,0.125462,-0.0526349,0.005194,0.990688
319,0.854208,0.540976,0.365094,0.132647,-0.0271627,-0.193122,0.971787,0.491705,0.588376,-0.24997,0.133,-0.0232245,-0.225058,0.964946
320,0.680493,0.42363,0.321217,0.133537,-0.00892809,-0.332796,0.933453,0.423208,0.575469,-0.261252,0.133463,-0.0121096,-0.304201,0.943135
321,0.785473,0.512589,0.351975,0.132209,-0.0273475,-0.190642,0.972332,0.529956,0.568867,-0.25058,0.131758,-0.0307122,-0.168847,0.976313
322,0.915518,0.660988,0.398141,0.121301,-0.0580663,0.0695201,0.988474,0.575791,0.437097,-0.279747,0.115963,-0.0670221,0.125405,0.983023
323,0.846133,0.738571,0.408662,0.0989513,-0.0892213,0.341322,0.930456,0.590259,0.387458,-0.291179,0.0942294,-0.0941761,0.371264,0.918921
324,0.987762,1.0492,0.502237,0.092685,-0.101085,0.417693,0.898178,0.867351,0.695968,-0.180728,0.0924963,-0.103566,0.410255,0.901338
325,1.26772,1.46056,0.635568,0.0934835,-0.105028,0.418202,0.897406,1.20779,1.0791,-0.0404035,0.0925232,-0.105896,0.410163,0.901106
326,1.55105,1.87702,0.778182,0.101872,-0.107628,0.419134,0.895748,1.47832,1.35722,0.0736663,0.0996689,-0.105317,0.435736,0.888318
327,1.47462,1.87249,0.757973,0.0752152,-0.117644,0.545834,0.826176,1.4656,1.19701,0.0215646,0.0725078,-0.12012,0.562221,0.814998
328,1.56631,2.11447,0.824335,0.0955135,-0.0915736,0.576435,0.806359,1.6017,1.48822,0.122223,0.0901967,-0.115178,0.583545,0.798795
329,1.55405,2.28611,0.903123,0.0965947,-0.128774,0.609281,0.776442,1.65996,1.55878,0.147864,0.0924325,-0.105989,0.628466,0.765018
330,1.50367,2.06307,0.811697,0.070401,-0.124644,0.657793,0.73947,1.63276,1.32928,0.0697372,0.0650393,-0.120416,0.669606,0.729998
331,1.49591,1.85894,0.748161,0.0625883,-0.120815,0.683825,0.716847,1.63108,1.09521,0.00717834,0.0624426,-0.120794,0.688145,0.712717
332,1.51243,1.59859,0.679881,0.0605489,-0.121414,0.694091,0.706987,1.63011,0.872913,-0.0515541,0.0600404,-0.121527,0.698945,0.702212
333,1.51164,1.37667,0.620813,0.0558049,-0.123174,0.71444,0.686505,1.62938,0.638226,-0.113133,0.0540572,-0.123625,0.72469,0.675736
334,1.49718,1.13857,0.55533,0.0468479,-0.126107,0.749199,0.648539,1.63088,0.431452,-0.166532,0.0433941,-0.127258,0.766892,0.627534
335,1.43876,0.891803,0.484779,0.0279168,-0.132153,0.816541,0.561264,1.63502,0.221875,-0.218925,0.0218479,-0.134082,0.840898,0.523866
336,1.35094,0.662348,0.440286,0.0370128,-0.125187,0.900964,0.413789,1.64578,0.0814386,-0.248336,0.0189902,-0.126566,0.916344,0.379387
337,1.44552,0.55815,0.404954,0.0264726,-0.121368,0.85346,0.506138,1.65666,-0.0669479,-0.285321,0.0374557,-0.11696,0.840185,0.52821
338,1.41487,0.658086,0.433876,0.044938,-0.127671,0.805808,0.576502,1.55346,0.0823827,-0.26287,0.0487294,-0.129582,0.802348,0.580579
339,1.25877,0.983852,0.50193,0.0343938,-0.136642,0.798183,0.585704,1.38094,0.530282,-0.164177,0.029931,-0.137061,0.801032,0.58195
340,1.15663,1.23279,0.557723,0.0341772,-0.136357,0.774363,0.616928,1.29336,0.786032,-0.107544,0.0338073,-0.136501,0.777036,0.613546
341,0.980578,1.70282,0.667365,0.0332516,-0.136642,0.774556,0.616673,1.16962,1.26234,0.00341835,0.0338091,-0.136501,0.777032,0.613551
342,0.877373,2.01199,0.750403,0.0358629,-0.138808,0.747014,0.649166,1.09604,1.46875,0.0574445,0.0479856,-0.14513,0.749833,0.643728
343,0.779492,2.35056,0.883518,0.0656792,-0.168614,0.74018,0.647603,0.994373,1.98996,0.22197,0.0760408,-0.176933,0.74491,0.638766
344,0.651595,2.8006,1.043,0.073926,-0.177906,0.735597,0.649447,0.936991,2.30927,0.338128,0.0777955,-0.175213,0.744159,0.639903
345,0.590749,3.01688,1.11886,0.0795063,-0.174578,0.722032,0.664734,0.891586,2.52051,0.410115,0.086757,-0.166795,0.731543,0.65536
346,0.554962,3.32777,1.20563,0.0889321,-0.140439,0.709621,0.684694,0.875053,2.7405,0.481497,0.0893534,-0.137825,0.717366,0.677058
347,0.54836,3.4312,1.23689,0.0911192,-0.136677,0.69796,0.697043,0.860637,2.89959,0.532232,0.0919479,-0.131794,0.701825,0.693986
348,0.546583,3.58453,1.28304,0.0932509,-0.130455,0.686816,0.708922,0.85126,2.98726,0.560101,0.0905962,-0.130292,0.708407,0.687732
349,0.374459,3.58827,1.28117,0.0778427,-0.143778,0.75918,0.630011,0.817646,2.92946,0.539551,0.0907609,-0.13125,0.70791,0.68804
350,0.508752,3.42446,1.23081,0.0924929,-0.128954,0.690184,0.706018,0.817817,2.84027,0.510793,0.0938763,-0.132645,0.691723,0.703641
351,0.525351,3.5246,1.267,0.095911,-0.133051,0.6734,0.720855,0.827033,3.00804,0.565566,0.0962813,-0.126182,0.677267,0.718413
352,0.415618,3.81005,1.34805,0.0823254,-0.135676,0.73784,0.656054,0.789778,3.16298,0.614022,0.0834952,-0.134958,0.744163,0.648873
354,0.28693,3.71712,1.31458,0.0676868,-0.143536,0.798137,0.5812,0.698594,3.11162,0.592433,0.0578921,-0.147963,0.848832,0.504222
355,0.0358131,3.57443,1.262,0.0306682,-0.155795,0.914662,0.371726,0.664954,3.01824,0.560457,0.0159265,-0.160145,0.941941,0.294698
356,-0.0601278,3.21281,1.13589,-0.027931,-0.169964,0.981124,0.0879126,0.635191,2.84688,0.504453,-0.0498464,-0.174955,0.983209,-0.0143848
357,-0.109468,2.72178,0.953587,-0.0922757,-0.165976,0.948316,-0.254232,0.347979,2.62354,0.390174,-0.0999152,-0.164711,0.952616,-0.235392
358,-0.401091,2.40456,0.821528,-0.111415,-0.157233,0.921243,-0.337899,0.0626138,2.39216,0.265109,-0.118055,-0.152695,0.922073,-0.335452
359,-0.749452,1.9738,0.63148,-0.117998,-0.153851,0.91577,-0.351811,-0.354496,2.07067,0.0891622,-0.117873,-0.150481,0.923085,-0.333731
360,-1.13846,1.56404,0.495595,-0.0847098,-0.139336,0.921562,-0.352326,-0.744715,1.75954,-0.0537238,-0.0756452,-0.133399,0.926846,-0.342695
361,-1.49217,1.19428,0.376552,-0.0760962,-0.120542,0.925768,-0.350189,-1.14826,1.45684,-0.182853,-0.0795093,-0.11338,0.929816,-0.340977
362,-1.84796,0.838684,0.247604,-0.0853689,-0.101687,0.927894,-0.348402,-1.5944,1.1098,-0.324442,-0.0897263,-0.1021,0.929927,-0.341703
363,-2.22818,0.400635,0.118022,-0.0812371,-0.130081,0.92284,-0.353335,-1.95074,0.760175,-0.425074,-0.0778605,-0.141964,0.924622,-0.344758
364,-2.4678,0.189475,0.0807357,-0.0542263,-0.144511,0.945953,-0.285217,-2.11832,0.672311,-0.455011,-0.0404024,-0.140344,0.962779,-0.227439
365,-2.63462,0.28883,0.125741,-0.0107401,-0.13428,0.979543,-0.149499,-2.25867,0.68613,-0.459724,0.00581661,-0.132003,0.983797,-0.121179
366,-2.73545,0.364388,0.155378,0.026158,-0.12945,0.990828,0.028618,-2.25893,0.568583,-0.491192,0.00689948,-0.131967,0.984468,-0.115587
367,-2.73271,0.0956775,0.0878514,-0.00331852,-0.132424,0.969867,-0.20448,-2.34807,0.538158,-0.496444,-0.00964943,-0.131763,0.955441,-0.263966
368,-2.70027,-0.0498366,0.050227,-0.0269987,-0.1293,0.911968,-0.388417,-2.38116,0.507637,-0.502856,-0.0361051,-0.127053,0.881942,-0.452473
369,-2.57447,-0.217562,0.00111088,0.0514929,0.121623,-0.819137,0.558185,-2.38718,0.350313,-0.544395,-0.0565908,-0.119346,0.795115,-0.5919
370,-2.47912,-0.428585,-0.0569081,0.0639059,0.115593,-0.759095,0.63744,-2.39154,0.142299,-0.59951,-0.0664179,-0.114173,0.742593,-0.656589
371,-2.39311,-0.637678,-0.106219,0.0684506,0.107432,-0.683523,0.718728,-2.40016,0.0044713,-0.619643,-0.0602697,-0.105797,0.664496,-0.737305
372,-2.30533,-0.778118,-0.0989463,0.0432306,0.0922046,-0.641243,0.76055,-2.38752,-0.152559,-0.634569,-0.0335626,-0.0843151,0.613467,-0.784489
373,-2.21742,-0.886326,-0.0897467,0.0225944,0.0739384,-0.577026,0.813058,-2.37694,-0.282312,-0.646504,-0.0155694,-0.0682723,0.52948,-0.845428
374,-2.10386,-0.966814,-0.0901815,0.00812655,0.058878,-0.46625,0.882654,-2.37124,-0.395164,-0.657935,-0.0029953,-0.0518393,0.395263,-0.917099
375,-1.97994,-0.963578,-0.0861631,-0.0024921,0.032793,-0.271543,0.961864,-2.3572,-0.490939,-0.673196,0.00326863,-0.0273114,0.189847,-0.981428
376,-1.82472,-0.881938,-0.0944253,0.000917851,0.0273347,-0.123352,0.991986,-2.24607,-0.496347,-0.678873,-0.000619811,-0.027375,0.0804881,-0.996379
377,-1.74704,-0.80723,-0.0959985,0.00248384,0.0245499,0.00177494,0.999694,-2.17244,-0.539834,-0.679139,0.000906227,-0.0260189,-0.115929,-0.992916
378,-1.72667,-0.686232,-0.0922943,-0.00156716,0.0245931,0.171206,0.984927,-2.1384,-0.536513,-0.677542,0.00186819,-0.0227759,-0.228753,-0.973216
379,-1.73317,-0.578133,-0.0865001,-0.00184499,0.0190966,0.303877,0.952518,-2.05886,-0.527828,-0.677132,0.003378,-0.0167227,-0.383463,-0.923399
380,-1.74163,-0.455351,-0.0821358,-0.00401857,0.0112573,0.492639,0.870152,-1.99125,-0.550885,-0.676441,-0.013773,-0.000897237,-0.594989,-0.803615
381,-1.99729,-0.420171,-0.0680982,0.0144254,0.005618,0.723182,0.690484,-2.0837,-0.365076,-0.670723,-0.0214929,0.00321307,-0.736406,-0.67619
382,-2.11786,-0.0145724,0.0295819,0.0646093,-0.0457973,0.727738,0.681268,-2.12061,0.0134707,-0.621629,-0.091383,0.0752255,-0.730745,-0.672311
383,-2.21241,0.425479,0.156109,0.0927761,-0.0928022,0.722492,0.678812,-2.16828,0.497201,-0.504395,-0.0949874,0.0903852,-0.725961,-0.675121
384,-2.28672,0.911984,0.281137,0.096432,-0.0886398,0.718664,0.68291,-2.19647,0.969605,-0.381846,-0.0958349,0.0843777,-0.722644,-0.679325
385,-2.36082,1.37836,0.394216,0.0952125,-0.0823059,0.719128,0.683385,-2.23024,1.46171,-0.253671,-0.0911265,0.0840178,-0.724249,-0.678307
386,-2.49561,1.91161,0.515036,0.0520933,-0.111955,0.716042,0.687049,-2.30532,1.9249,-0.139365,-0.0774658,0.13426,-0.718732,-0.677789
387,-2.46768,2.18739,0.609436,0.0565373,-0.131512,0.634458,0.759586,-2.26873,1.99406,-0.127005,-0.111182,0.125588,-0.528049,-0.832485
388,-2.17963,2.05158,0.589402,0.108377,-0.107341,0.402503,0.90262,-2.23996,1.90683,-0.143863,-0.111555,0.0870961,-0.302038,-0.942732
389,-2.04222,1.78596,0.497563,0.143289,-0.0167318,0.193458,0.970444,-2.22057,1.76444,-0.172595,-0.146651,0.0074655,-0.0731555,-0.986451
390,-2.01848,1.40967,0.405813,0.147986,0.0047715,-0.0840823,0.985397,-2.28152,1.65778,-0.213237,-0.12681,-0.00988001,0.235512,-0.963512
391,-2.13885,1.19055,0.359479,0.11326,0.0076746,-0.297052,0.948089,-2.35504,1.63624,-0.225894,-0.101319,-0.0116204,0.390778,-0.914818
392,-2.29467,0.986533,0.322107,0.0937271,0.0183024,-0.483707,0.870005,-2.35005,1.47554,-0.259714,-0.0858815,-0.0282259,0.54978,-0.830403
393,-2.29792,0.799846,0.271231,0.0916999,0.0362422,-0.521086,0.847789,-2.3216,1.31537,-0.303161,-0.0975208,-0.0452547,0.446693,-0.888204
394,-2.15415,0.767783,0.237293,0.108911,0.0415475,-0.344081,0.931676,-2.34664,1.27945,-0.308546,-0.114101,-0.0415025,0.26096,-0.957684
395,-2.05887,0.860714,0.246503,0.127499,0.0441725,-0.192753,0.971925,-2.24315,1.21154,-0.322906,-0.127672,-0.0338117,0.0612055,-0.989349
396,-1.92557,0.982026,0.276946,0.122876,-0.00134792,0.105213,0.986828,-2.22188,1.10655,-0.350819,-0.123375,0.0159605,-0.194677,-0.972946
397,-2.03084,1.04736,0.301147,0.123632,-0.0246194,0.270928,0.95431,-2.30727,1.09393,-0.352671,-0.121927,0.0313609,-0.340612,-0.931737
398,-2.27493,1.13026,0.323874,0.118932,-0.0414803,0.467111,0.875181,-2.39936,1.06655,-0.353336,-0.120533,0.0520687,-0.56119,-0.817206
400,-2.0802,1.6422,0.43927,0.0738796,-0.064989,0.489216,0.866595,-2.02861,1.66547,-0.205634,-0.111621,0.0896048,-0.464311,-0.874029
401,-1.89679,1.80215,0.536905,0.118073,-0.106701,0.41266,0.896875,-1.8365,1.8821,-0.11918,-0.121432,0.134865,-0.399471,-0.898604
402,-1.60533,2.19767,0.683044,0.138456,-0.105677,0.415619,0.892706,-1.48757,2.22471,0.0272859,-0.136094,0.110354,-0.403958,-0.897841
403,-1.32179,2.59046,0.831833,0.13746,-0.108648,0.41371,0.893389,-1.26469,2.46135,0.132785,-0.142092,0.103736,-0.355383,-0.918015
404,-1.11943,2.68784,0.883373,0.150333,-0.0989469,0.332708,0.925697,-0.959058,2.65473,0.239472,-0.1526,0.112197,-0.316733,-0.929411
405,-0.771442,2.99378,1.03029,0.159519,-0.109662,0.309269,0.931064,-0.864081,2.66104,0.254522,-0.170056,0.0852221,-0.163486,-0.968034
406,-0.75566,2.65165,0.905506,0.179612,-0.0612794,0.0753271,0.978933,-0.88357,2.50184,0.194435,-0.190472,0.019804,0.156767,-0.968892
407,-0.825001,2.26924,0.763799,0.188827,-0.0066696,-0.25161,0.949206,-1.01757,2.48869,0.173523,-0.185098,-0.0122785,0.338692,-0.922429
408,-1.02223,2.14478,0.706686,0.181587,0.0222598,-0.420117,0.888838,-1.04661,2.40578,0.138736,-0.180254,-0.0239752,0.396223,-0.899967
409,-0.970897,2.1092,0.696059,0.183867,0.00435818,-0.313476,0.931615,-0.980045,2.38992,0.141813,-0.185981,0.00800978,0.221639,-0.957195
410,-0.802018,2.22259,0.746153,0.18716,-0.0200264,-0.15946,0.969094,-0.878238,2.30986,0.123381,-0.181019,0.0452191,-0.00318306,-0.982434
411,-0.746058,2.34326,0.787272,0.169202,-0.0681305,0.171914,0.968078,-0.847778,2.19757,0.0823202,-0.154326,0.0936564,-0.276783,-0.943824
412,-0.60904,2.45023,0.838131,0.1615,-0.0897432,0.257302,0.948504,-0.737597,2.1586,0.0822735,-0.176038,0.0577383,-0.0820463,-0.979258
413,-0.579424,2.05186,0.699355,0.182088,-0.0345183,-0.0574656,0.980994,-0.775454,2.02926,0.0303484,-0.182655,0.00751094,0.220194,-0.958173
414,-0.713972,1.75647,0.587319,0.180022,0.00365781,-0.303735,0.935588,-0.906704,2.02945,0.0141707,-0.175246,-0.0259511,0.395673,-0.901143
415,-0.898253,1.61628,0.528174,0.17159,0.0337205,-0.479825,0.859761,-0.905654,1.90122,-0.0274123,-0.162924,-0.0462489,0.536451,-0.826763
416,-0.97707,1.38734,0.455641,0.155161,0.050849,-0.595796,0.786363,-0.900268,1.72695,-0.083198,-0.146124,-0.0556235,0.62489,-0.764896
417,-1.01999,1.18277,0.400069,0.137473,0.0544139,-0.660206,0.736388,-0.896419,1.51865,-0.147994,-0.128298,-0.0528982,0.672515,-0.726956
418,-1.02866,0.934626,0.335044,0.119741,0.0525425,-0.692636,0.709336,-0.931676,1.36196,-0.196968,-0.113045,-0.0659507,0.763528,-0.632374
419,-1.22917,0.84417,0.296282,0.106694,0.0757948,-0.815385,0.563931,-0.963166,1.28438,-0.219451,-0.0977496,-0.0870267,0.873601,-0.468715
420,-1.37513,0.867522,0.289733,-0.0880143,-0.0968648,0.912138,-0.388426,-0.951671,1.17606,-0.245721,-0.0541723,-0.119138,0.988549,-0.0751106
421,-1.48354,1.02904,0.319904,-0.0505853,-0.120701,0.989462,-0.0619405,-1.12134,1.13523,-0.271499,-0.0427677,-0.125968,0.990525,0.0341021
422,-1.70499,0.925613,0.281159,-0.0514616,-0.121764,0.989295,-0.0618043,-1.25373,1.03556,-0.309434,-0.0720763,-0.113711,0.970022,-0.202319
423,-1.74229,0.651859,0.209553,-0.0787297,-0.10775,0.950031,-0.282192,-1.41681,0.996734,-0.336496,-0.0955141,-0.0963368,0.908371,-0.395548
424,-1.75571,0.466332,0.159799,-0.101595,-0.0916223,0.880384,-0.454102,-1.42735,0.840291,-0.377519,-0.112374,-0.0806733,0.833855,-0.534368
425,-1.62923,0.229944,0.109035,0.116801,0.0741156,-0.800446,0.583225,-1.43429,0.637376,-0.431978,-0.120797,-0.0674086,0.767887,-0.625471
426,-1.54167,-0.0172547,0.0507884,0.12297,0.0633596,-0.749239,0.647692,-1.43859,0.40646,-0.493568,-0.124471,-0.0603587,0.730675,-0.668564
427,-1.48664,-0.260889,-0.00869021,0.12555,0.0580815,-0.722921,0.676941,-1.44129,0.132728,-0.566329,-0.125992,-0.0571136,0.713109,-0.68727
428,-1.42484,-0.534195,-0.0734026,0.125851,0.0507895,-0.691258,0.709749,-1.47487,-0.0140895,-0.596125,-0.114235,-0.0270043,0.652211,-0.748894
429,-1.37318,-0.653865,-0.0540643,0.105515,0.00921723,-0.629759,0.769536,-1.48925,-0.163672,-0.616358,-0.0926609,0.0233465,0.587345,-0.803676
430,-1.29092,-0.764175,-0.0205061,0.087082,-0.0474159,-0.538903,0.836512,-1.48832,-0.307499,-0.632751,-0.0779578,0.0472988,0.470671,-0.877584
431,-1.16212,-0.832712,-0.0239889,0.0714881,-0.0384237,-0.405272,0.910586,-1.45235,-0.428854,-0.6483,-0.0552948,0.0258814,0.298284,-0.952522
432,-1.01752,-0.817665,-0.0395771,0.0512825,-0.02085,-0.214519,0.97515,-1.33345,-0.454058,-0.644388,-0.0515914,0.0248555,0.156706,-0.985984
433,-0.824465,-0.715157,-0.0143536,0.0487679,-0.0313854,-0.109896,0.99225,-1.13668,-0.456529,-0.631607,-0.0445747,0.0450017,0.0600124,-0.996186
434,-0.525896,-0.659248,0.0236838,0.0454465,-0.0489012,-0.0477581,0.996626,-0.692298,-0.511314,-0.59218,-0.0437558,0.0492081,0.0586815,-0.996103
435,-0.0209398,-0.653014,0.0690134,0.044307,-0.0487135,-0.047257,0.99671,-0.167057,-0.58088,-0.549842,-0.0507218,0.0292604,0.0577281,-0.996614
436,0.340743,-0.724233,0.0716285,0.0498235,-0.0264283,-0.138791,0.988714,-0.137348,-0.671314,-0.550377,-0.0556992,0.0300294,0.308804,-0.949018
437,0.257815,-1.0083,0.0276039,0.0380402,0.0175896,-0.385949,0.921567,-0.0957151,-0.806611,-0.561954,-0.041509,-0.0079795,0.478931,-0.876834
438,0.259875,-1.14886,0.029907,0.0463127,-0.00585816,-0.416015,0.908159,-0.0972039,-0.93873,-0.57364,-0.0416227,-0.00940031,0.512386,-0.857695
439,0.154133,-1.34259,0.011897,0.0480035,-0.00927432,-0.558496,0.828065,-0.121556,-0.981042,-0.57936,-0.0483807,0.012345,0.53946,-0.840529
440,0.223539,-1.3737,0.0175721,0.049714,-0.0182577,-0.483089,0.873968,-0.11857,-1.09833,-0.589935,-0.0474295,0.0084343,0.569123,-0.82084
441,0.186535,-1.52296,-0.00272988,0.0476079,-0.00928227,-0.554217,0.830958,-0.117648,-1.23853,-0.601827,-0.0470131,0.00699601,0.578318,-0.814426
442,0.214703,-1.64683,-0.0113833,0.047885,-0.0113537,-0.537559,0.841789,-0.119074,-1.37025,-0.612203,-0.0472886,0.00929724,0.560751,-0.826581
443,0.250822,-1.771,-0.0192815,0.0481676,-0.014,-0.514513,0.856014,-0.122567,-1.51569,-0.620736,-0.0502236,0.0196563,0.424951,-0.903608
444,0.39495,-1.81882,-0.0433958,0.0358044,0.0213777,-0.354363,0.934178,-0.123616,-1.54983,-0.625621,-0.0508447,0.0199675,0.207312,-0.976749
445,0.473691,-1.65217,-0.0202347,0.0396396,-0.00648044,-0.108659,0.993267,0.115402,-1.61272,-0.62549,-0.0405647,0.0037651,0.0640971,-0.997112
446,0.860247,-1.63494,-0.0117556,0.0416617,-0.0100208,-0.0557134,0.997527,0.550095,-1.63811,-0.622926,-0.0417101,0.00528278,0.000600092,-0.999116
447,1.13069,-1.45957,-0.00580532,0.0410438,-0.0101022,0.0985876,0.99423,0.569918,-1.55539,-0.616215,-0.0387729,0.0165847,-0.253392,-0.966444
448,1.05417,-1.21041,0.0143725,0.0372351,-0.0197904,0.34822,0.936464,0.584476,-1.53373,-0.614219,-0.0335964,0.025481,-0.480012,-0.876248
449,0.920613,-1.08253,0.0240424,0.0321315,-0.0273058,0.540042,0.840581,0.550272,-1.46043,-0.608284,-0.0277359,0.0322575,-0.652369,-0.756706
450,0.663781,-0.994194,0.0298123,0.0240505,-0.034633,0.736516,0.675104,0.397657,-1.28372,-0.594291,-0.0203348,0.0387225,-0.801141,-0.596875
451,0.411005,-0.805282,0.0482673,0.0185449,-0.0393775,0.788316,0.613729,0.386223,-1.42185,-0.607329,-0.0231621,0.0352323,-0.744955,-0.665781
452,0.497022,-0.9722,0.0316223,0.0237557,-0.0348389,0.742437,0.668588,0.389724,-1.70594,-0.630783,-0.0250827,0.0336658,-0.711695,-0.701233
453,0.559517,-1.20466,0.0125069,0.0249591,-0.0339884,0.718858,0.693877,0.397818,-1.63753,-0.625222,-0.0293558,0.030265,-0.606945,-0.793625
454,0.681999,-1.22168,0.0116407,0.0291612,-0.0304494,0.623608,0.780599,0.397401,-1.58511,-0.620842,-0.0327252,0.0265874,-0.508906,-0.859789
455,0.756138,-1.18388,0.0154693,0.0326751,-0.0266436,0.523462,0.851006,0.400555,-1.55059,-0.617898,-0.0365676,0.0209511,-0.363421,-0.930671
456,0.876311,-1.2269,0.0130228,0.0370663,-0.0200816,0.355541,0.933709,0.329001,-1.55399,-0.619093,-0.0397819,0.0139764,-0.188714,-0.981126
457,0.890636,-1.35556,0.00282319,0.0400845,-0.0130886,0.182414,0.982317,0.136084,-1.5588,-0.621899,-0.0410554,0.00959991,-0.0814503,-0.995785
458,0.731749,-1.46068,-0.00599257,0.0411402,-0.0091675,0.0871162,0.995306,0.060317,-1.58067,-0.624751,-0.0427429,0.00180971,0.125686,-0.991147
459,0.63878,-1.68401,-0.0232833,0.0429615,-0.000660369,-0.144037,0.988639,0.0677542,-1.60915,-0.626395,-0.0413016,0.00708196,-0.0479327,-0.997971
460,0.650731,-1.50801,-0.0095633,0.0409295,-0.0101187,0.10753,0.993307,0.0742654,-1.5436,-0.6214,-0.0374735,0.0193433,-0.322513,-0.945625
461,0.546714,-1.25864,0.00982857,0.0368706,-0.0204648,0.367094,0.929227,0.0780294,-1.4758,-0.615679,-0.0330452,0.0261917,-0.498612,-0.865799
462,0.421192,-1.10432,0.0217255,0.0325296,-0.0268293,0.529794,0.847077,0.0789352,-1.31649,-0.602371,-0.0292979,0.030324,-0.607494,-0.793204
463,0.304174,-0.906604,0.0374427,0.0288947,-0.0307074,0.630169,0.775312,0.0794475,-1.17501,-0.590563,-0.0270739,0.0323293,-0.660965,-0.749231
464,0.226992,-0.750736,0.0499756,0.0265854,-0.0327451,0.683398,0.728827,0.0785369,-1.29584,-0.600703,-0.0255028,0.033606,-0.695358,-0.717424
465,0.221278,-0.888325,0.0385886,0.0255965,-0.0335424,0.704397,0.708551,0.0772694,-1.48298,-0.616361,-0.0247104,0.034189,-0.712015,-0.700896
466,0.226818,-1.08017,0.0223704,0.0248128,-0.0341367,0.721277,0.69136,0.0749722,-1.61492,-0.627405,-0.0233113,0.035161,-0.740415,-0.670825
467,0.206399,-1.21114,0.011015,0.0232312,-0.0351974,0.751871,0.65796,0.0706824,-1.60189,-0.626346,-0.0210034,0.0365918,-0.782989,-0.620603
468,0.146198,-1.21983,0.00964378,0.0207153,-0.0367562,0.797271,0.602145,0.0652538,-1.46973,-0.615338,-0.0169982,0.0385778,-0.845055,-0.533014
469,0.0321129,-1.11783,0.017286,0.0160172,-0.0390315,0.864925,0.500124,0.0647354,-1.38423,-0.608185,-0.0101999,0.0409131,-0.923258,-0.38186
470,-0.0920412,-1.14053,0.0145681,0.00847864,-0.0413051,0.943291,0.329278,-0.251657,-1.15914,-0.598116,0.00930144,0.0442505,-0.947641,-0.316121
471,-0.513066,-0.928225,-0.0190562,-0.0527854,-0.0623882,0.948507,0.306032,-0.676547,-0.861655,-0.619303,0.0361336,0.0550469,-0.946556,-0.315747
472,-0.976183,-0.679259,-0.0296356,-0.0356299,-0.0553725,0.949422,0.307022,-1.10283,-0.539965,-0.63603,0.0342668,0.0548275,-0.946491,-0.316187
473,-1.4311,-0.427842,-0.0410793,-0.0311064,-0.0582118,0.949084,0.30803,-1.49414,-0.282982,-0.631457,0.0363089,0.0840073,-0.944938,-0.314193
474,-1.90148,-0.193933,-0.0286562,-0.0384087,-0.0930672,0.946787,0.30571,-1.91849,0.0190701,-0.618861,0.0040185,0.10255,-0.945781,-0.308166
475,-2.33703,0.0348402,0.0360312,0.016578,-0.108081,0.944742,0.30904,-2.28075,0.270233,-0.564724,-0.0609844,0.124441,-0.943867,-0.299851
476,-2.70979,0.236792,0.137156,0.0617517,-0.118126,0.94083,0.311564,-2.69652,0.563532,-0.471247,-0.0636645,0.115397,-0.944894,-0.299675
477,-3.18524,0.506523,0.233374,0.0618863,-0.115358,0.940768,0.312759,-3.14166,0.877657,-0.396716,-0.0121301,0.0948858,-0.945291,-0.311889
478,-3.6507,0.785823,0.246829,0.00662865,-0.0859609,0.945608,0.313677,-3.33177,0.933883,-0.395504,0.00879285,0.0868661,-0.987274,-0.132917
479,-3.78722,0.618702,0.215048,-0.00862829,-0.0868827,0.987392,0.132035,-3.39788,0.80456,-0.420438,0.0325543,0.0810133,-0.985382,0.146284
480,-3.84606,0.259154,0.152707,-0.0338953,-0.0804596,0.981028,-0.173091,-3.40732,0.785539,-0.424093,0.0349054,0.0800306,-0.980674,0.175087
486,-4.01,0.138137,0.130732,-0.0306368,-0.0949698,0.979954,-0.172428,-3.62816,0.623232,-0.453669,0.00536711,0.0845133,-0.996373,-0.00838345
487,-4.07876,0.192569,0.154394,-0.000480199,-0.0822898,0.995538,0.0461754,-3.9493,0.627319,-0.429641,-0.0824366,0.0898217,-0.991766,-0.039199
488,-4.51459,0.168363,0.269138,0.0879667,-0.0795789,0.991568,0.0521714,-4.37048,0.622477,-0.366709,-0.0811355,0.0877303,-0.991869,0.0437646
489,-4.81772,0.0482351,0.300143,0.076525,-0.0918021,0.990589,-0.0667057,-4.38284,0.502958,-0.385103,-0.0467031,0.109988,-0.918689,0.376473
490,-4.71293,-0.301495,0.22683,0.0474173,-0.10968,0.92674,-0.356194,-4.33828,0.459606,-0.400285,-0.0153027,0.118513,-0.783085,0.610327
491,-4.49681,-0.449393,0.165824,-0.0159577,0.118424,-0.787182,0.605033,-4.2031,0.411418,-0.432032,-0.028351,0.116085,-0.845937,0.519723
492,-4.41087,-0.478211,0.144883,-0.0255964,0.116725,-0.835601,0.536182,-4.16977,0.41621,-0.436994,-0.0511296,0.108006,-0.933212,0.338875
493,-4.5115,-0.346133,0.182904,0.0530057,-0.107098,0.944364,-0.306426,-4.11415,0.350781,-0.457892,-0.0771244,0.091276,-0.988914,0.0881449
494,-4.53202,-0.1813,0.214096,0.08227,-0.0866919,0.99282,-0.00499407,-4.08368,0.258884,-0.475278,-0.0931832,0.0655726,-0.974837,-0.191598
495,-4.45731,-0.0917764,0.214636,0.0929569,-0.0629464,0.969091,0.219682,-4.10598,0.260667,-0.467965,-0.0993982,0.045963,-0.92596,-0.361395
496,-4.4116,0.0170126,0.224803,0.0994117,-0.0458779,0.920877,0.374163,-4.10366,0.353228,-0.452083,-0.109525,0.0356258,-0.856466,-0.503191
497,-4.366,0.271424,0.264257,0.113317,-0.0303103,0.85452,0.506,-4.16418,0.61381,-0.404009,-0.117988,0.018937,-0.807345,-0.577853
498,-4.36042,0.467806,0.286922,0.117703,-0.0206317,0.815114,0.566842,-4.17065,0.608748,-0.403755,-0.109819,0.0471119,-0.923809,-0.363728
499,-4.5331,0.345129,0.297054,0.107842,-0.0514502,0.932908,0.339715,-4.18295,0.540152,-0.413407,-0.0921762,0.0760466,-0.988769,-0.0897524
500,-4.6235,0.0719907,0.269239,0.0884909,-0.0803051,0.990495,0.0681112,-4.50105,0.363468,-0.388554,-0.0747884,0.0931956,-0.98637,0.113119
501,-4.93752,-0.278603,0.272292,0.0737185,-0.0940052,0.987716,-0.100724,-4.80658,0.204437,-0.351121,-0.089004,0.094727,-0.970494,0.203095
502,-5.17436,-0.515985,0.306804,0.086588,-0.0959999,0.973701,-0.187596,-5.10586,0.0694027,-0.309231,-0.0973729,0.0701315,-0.98812,0.096017
503,-5.47931,-0.641327,0.369725,0.0995467,-0.0757375,0.985476,-0.114856,-5.10556,0.178296,-0.313408,-0.077685,0.0386338,-0.978452,-0.187363
504,-5.50351,-0.305003,0.355703,0.0749937,-0.0425212,0.98058,0.176157,-5.06038,0.28441,-0.304987,-0.116623,0.025658,-0.840955,-0.527765
505,-5.37309,-0.0653769,0.378338,0.09909,-0.0285195,0.911608,0.397917,-5.02911,0.236424,-0.318331,-0.119175,0.0133059,-0.782215,-0.611359
506,-5.24487,0.0499621,0.389799,0.118139,-0.0227302,0.82946,0.545456,-5.02204,0.268815,-0.314377,-0.118278,0.017044,-0.797992,-0.590701
508,-5.26866,0.0431182,0.38636,0.110423,-0.0312624,0.874144,0.471912,-4.99488,0.324498,-0.313957,-0.0988175,0.0478977,-0.940382,-0.321906
509,-5.33947,-0.0489207,0.384188,0.104431,-0.0555568,0.94705,0.298502,-4.8148,0.308749,-0.343495,-0.097855,0.0684667,-0.978585,-0.167653
510,-5.22448,-0.145591,0.35013,0.0960223,-0.0703147,0.978502,0.168434,-4.71545,0.226136,-0.370065,-0.0878801,0.0885296,-0.989777,0.0691521
511,-5.13012,-0.400859,0.304401,0.0878529,-0.0909999,0.989154,-0.0746637,-5.0467,0.0891004,-0.317169,-0.103571,0.0808583,-0.979401,0.153325
512,-5.46135,-0.594884,0.365915,0.0961837,-0.0725584,0.989891,-0.0748294,-5.06225,0.233605,-0.312465,-0.0929167,0.0311878,-0.946023,-0.308923
513,-5.46744,-0.279474,0.356324,0.0796389,-0.0400455,0.974209,0.207295,-5.04075,0.295781,-0.307256,-0.114645,0.0283074,-0.854416,-0.505993
514,-5.32169,0.000236336,0.380867,0.102402,-0.0306738,0.893898,0.435337,-5.00849,0.236653,-0.321874,-0.119153,0.013454,-0.782936,-0.610436
515,-5.20357,0.0441751,0.38282,0.118722,-0.020081,0.820223,0.559228,-4.94011,0.152993,-0.348376,-0.117857,-0.00335063,-0.686826,-0.717195
516,-4.94308,-0.0109168,0.329112,0.119493,0.00459749,0.679969,0.723424,-4.89881,0.352165,-0.321446,-0.119185,-0.00862803,-0.653311,-0.7476
517,-4.85815,0.195449,0.344165,0.119079,0.0102812,0.643922,0.755698,-4.74619,0.659774,-0.297055,-0.114538,-0.0175585,-0.579389,-0.806772
518,-4.66302,0.510987,0.355526,0.112873,0.016307,0.579118,0.807227,-4.6204,1.11398,-0.261994,-0.0657893,-0.00370674,-0.551616,-0.831491
519,-4.58651,0.954237,0.37623,0.0684881,0.00111442,0.56555,0.821865,-4.38417,1.46126,-0.255462,-0.0596043,-0.00372357,-0.494127,-0.867336
520,-4.33076,1.24255,0.372221,0.0615882,0.00282585,0.491024,0.868961,-4.11956,1.86819,-0.212791,-0.0853235,0.00682427,-0.492965,-0.865829
521,-4.03706,1.85563,0.473805,0.0952588,-0.0353999,0.491724,0.864801,-3.79511,2.40388,-0.109973,-0.108253,0.0590149,-0.488233,-0.86396
522,-3.86122,2.25171,0.57179,0.109474,-0.0578832,0.493229,0.86104,-3.7905,2.39975,-0.111927,-0.120924,0.0461489,-0.309254,-0.94213
523,-3.71987,2.19304,0.55948,0.121661,-0.0446949,0.311118,0.941492,-3.92765,2.40822,-0.111811,-0.115964,0.0158499,-0.168962,-0.978649
524,-3.79957,2.07491,0.519595,0.115272,-0.0121825,0.15843,0.980543,-4.12009,2.40264,-0.114083,-0.111162,-0.0172647,-0.0602486,-0.991824
525,-3.94698,1.97949,0.48471,0.11124,0.017165,0.058472,0.991923,-4.32783,2.36634,-0.112063,-0.109263,-0.0267749,0.0254248,-0.993327
526,-4.12158,1.86009,0.471875,0.109604,0.0253278,-0.0265065,0.993299,-4.56144,2.36021,-0.102016,-0.107046,-0.0345675,0.0968166,-0.988925
527,-4.34481,1.76761,0.468152,0.107681,0.0325527,-0.0953123,0.989071,-4.73924,2.36229,-0.0928638,-0.103103,-0.0449914,0.194126,-0.974505
528,-4.59752,1.65808,0.461282,0.103315,0.0445009,-0.209248,0.971371,-4.60717,2.26765,-0.120528,-0.097993,-0.055253,0.292393,-0.949658
529,-4.49736,1.50987,0.421384,0.0988176,0.0537725,-0.2981,0.947882,-4.23796,1.99625,-0.183752,-0.0870303,-0.0269109,0.312668,-0.945484
530,-4.14378,1.26412,0.3803,0.0882604,0.0295414,-0.31828,0.943417,-3.80753,1.67624,-0.256685,-0.104925,-0.0616752,0.310413,-0.942778
531,-3.68903,1.00412,0.278351,0.103407,0.0585037,-0.32118,0.939536,-3.45796,1.41982,-0.312514,-0.0899318,-0.0165998,0.315823,-0.944401
532,-3.24963,0.732648,0.26093,0.0884198,0.0116921,-0.319201,0.943481,-3.21364,1.20153,-0.344671,-0.0859735,-0.0152411,0.397258,-0.913544
533,-3.0771,0.524278,0.224363,0.0860165,0.0149794,-0.400193,0.912262,-2.83592,0.805186,-0.414577,-0.0989976,-0.0453,0.393391,-0.912903
534,-2.66635,0.181411,0.136633,0.0979793,0.0414708,-0.400638,0.910038,-2.44164,0.405758,-0.526748,-0.109,-0.0746008,0.38878,-0.911814
535,-2.22887,-0.189049,-0.00231054,0.10994,0.0732176,-0.400322,0.906805,-2.22834,0.185636,-0.583765,-0.10864,-0.0708654,0.470404,-0.872866
536,-2.0553,-0.427538,-0.0685851,0.116385,0.0773122,-0.493596,0.858394,-1.9695,-0.200173,-0.643287,-0.059507,0.0130952,0.476793,-0.876901
537,-1.75185,-0.762896,-0.0400032,0.0656239,-0.0207762,-0.473168,0.878279,-1.6761,-0.591399,-0.673333,-0.0243449,0.00943104,0.476148,-0.878978
538,-1.37637,-1.16664,-0.0758828,0.0247156,-0.00823349,-0.471513,0.881474,-1.38154,-1.03773,-0.673896,-0.018223,0.0152725,0.473218,-0.880624
539,-1.05679,-1.52716,-0.0649437,0.018739,-0.0153777,-0.468229,0.883275,-1.20336,-1.37538,-0.676268,-0.011425,0.00601188,0.527149,-0.849675
540,-0.897536,-1.80997,-0.0667632,0.0132936,-0.015346,-0.528695,0.848569,-1.08031,-1.58156,-0.671364,0.000186653,0.0170484,0.449245,-0.893246
541,-0.640116,-2.1141,-0.0501918,-0.00202487,-0.0179304,-0.479068,0.877592,-1.11972,-1.51399,-0.677169,-0.00456817,0.0123207,0.257076,-0.966302
542,-0.559758,-1.90147,-0.0620019,0.00484184,-0.0124319,-0.307756,0.951372,-1.1739,-1.51652,-0.679322,-0.00372179,0.0108426,0.130697,-0.991356
543,-0.592451,-1.79865,-0.0658063,0.00423126,-0.0108111,-0.162432,0.986651,-1.16593,-1.52656,-0.679177,-0.00290886,0.0109872,0.0549387,-0.998425
544,-0.588129,-1.73754,-0.0655568,0.00332726,-0.0109217,-0.078975,0.996811,-1.12625,-1.50816,-0.678612,0.000718812,0.0111129,-0.19961,-0.979812
545,-0.543961,-1.6343,-0.0648652,0.000176767,-0.00951656,0.110259,0.993857,-1.09406,-1.49012,-0.677847,0.00318438,0.0106703,-0.413534,-0.910421
546,-0.605107,-1.40316,-0.0650298,-0.00200692,-0.0109518,0.325109,0.945611,-1.15001,-1.47038,-0.678487,0.00457607,0.010752,-0.572015,-0.82016
547,-0.757393,-1.26044,-0.0653269,-0.00347846,-0.0120569,0.5448,0.838472,-1.17655,-1.50318,-0.679707,0.00323625,0.0106544,-0.41765,-0.90854
548,-0.767909,-1.32291,-0.0682336,-0.00360247,-0.0105367,0.461041,0.887309,-1.20646,-1.50333,-0.680369,0.00114964,0.011075,-0.23767,-0.971282
549,-0.657497,-1.4601,-0.0663897,-0.00125565,-0.0110632,0.259388,0.965709,-1.37828,-1.50663,-0.684169,-0.000309814,0.011131,-0.108278,-0.994058
550,-0.746147,-1.57597,-0.0687513,0.000195051,-0.0111326,0.132659,0.991099,-1.58268,-1.5092,-0.688688,-0.0010885,0.0110841,-0.0382659,-0.999206
551,-0.91914,-1.66722,-0.0727974,0.00110408,-0.0110808,0.0512139,0.998626,-1.76868,-1.52921,-0.691363,-0.00149685,0.00865339,0.0360367,-0.999312
552,-1.14754,-1.74762,-0.0789144,0.0018347,-0.0097243,-0.00756556,0.999922,-1.68337,-1.52893,-0.688476,-0.000682307,0.00945479,0.243253,-0.969916
553,-1.12433,-1.91232,-0.0762281,0.000725459,-0.0098032,-0.197543,0.980245,-1.55425,-1.60331,-0.678624,0.00313839,0.0229282,0.398631,-0.916819
554,-1.15004,-2.01641,-0.0770306,0.00272761,-0.0084727,-0.36693,0.930206,-1.50475,-1.5792,-0.680884,-0.00110844,0.0230599,0.199142,-0.979699
555,-0.969013,-2.08486,-0.0395359,-0.00248448,-0.0350081,-0.298692,0.953704,-1.38727,-1.49465,-0.684332,-0.00149874,0.0110347,-0.0013676,-0.999937
556,-0.891624,-1.76268,-0.0730812,0.00213069,-0.0109304,-0.04072,0.999109,-1.17712,-1.50698,-0.679736,-0.000498911,0.0111244,-0.0919784,-0.995699
557,-0.728721,-1.63219,-0.0691196,0.00125858,-0.0110698,0.0385303,0.999195,-1.15087,-1.48301,-0.67908,0.00236582,0.0108815,-0.343301,-0.93916
558,-0.611704,-1.50974,-0.0646371,-0.000667021,-0.0118288,0.215271,0.976482,-1.14763,-1.4476,-0.678139,0.00396547,0.0113363,-0.544966,-0.838372
559,-0.720593,-1.32436,-0.0671731,-0.00323649,-0.0106552,0.432202,0.901708,-1.10626,-1.159,-0.66157,0.0156655,0.0258558,-0.595687,-0.802648
560,-0.889028,-1.20757,-0.0675885,-0.00632397,-0.0129069,0.611244,0.791311,-1.01198,-0.80654,-0.640194,0.0114053,0.0506054,-0.613226,-0.788203
561,-0.820074,-0.689127,-0.013381,-0.00124831,-0.0461954,0.602182,0.79702,-0.995811,-0.490638,-0.622067,0.00560968,0.0656061,-0.682523,-0.727892
562,-0.910534,-0.429148,0.00596181,-0.00438333,-0.0594636,0.687603,0.723635,-0.972445,-0.0642221,-0.554224,-0.0392956,0.111733,-0.680875,-0.722759
563,-0.948244,0.0809276,0.0962295,0.0229736,-0.0935942,0.683999,0.723089,-0.947176,0.369566,-0.451716,-0.0586147,0.12432,-0.678599,-0.721535
564,-0.975501,0.514215,0.224818,0.0581127,-0.123847,0.678203,0.722029,-0.918726,0.820628,-0.332367,-0.0591032,0.116783,-0.676756,-0.724479
565,-1.00022,0.987615,0.347422,0.0590907,-0.120713,0.675774,0.724752,-0.890374,1.28619,-0.212273,-0.0593698,0.116634,-0.675091,-0.726033
566,-1.02469,1.53842,0.481807,0.0592083,-0.11675,0.674023,0.727019,-0.933737,1.34096,-0.202456,-0.0407985,0.124354,-0.77835,-0.614038
567,-1.16607,1.68881,0.51071,0.0447224,-0.122817,0.75376,0.64402,-0.974256,1.27037,-0.224013,-0.0114141,0.130375,-0.897724,-0.420669
568,-1.36492,1.50254,0.448281,0.0156397,-0.12997,0.87872,0.459036,-0.996044,1.20762,-0.241853,0.0241765,0.128665,-0.977841,-0.163362
569,-1.50721,1.29721,0.385766,-0.0163535,-0.12984,0.966681,0.220005,-1.25473,1.08539,-0.296144,0.0558748,0.124587,-0.989272,0.0519264
570,-1.69073,0.919286,0.276414,-0.0519656,-0.123436,0.989405,-0.0560413,-1.57705,1.03957,-0.340534,0.0650553,0.121761,-0.984112,0.111651
571,-2.07567,0.770757,0.210987,-0.0617765,-0.124254,0.984874,-0.103769,-1.89211,0.910855,-0.388218,0.0677792,0.144811,-0.971604,0.174415
572,-2.28669,0.595799,0.163591,-0.0684688,-0.133596,0.970853,-0.186839,-2.35946,0.737216,-0.442931,-0.00107048,0.132084,-0.973569,0.186321
573,-2.64078,0.400884,0.152293,-0.0194391,-0.135964,0.973582,-0.182411,-2.83662,0.550674,-0.467215,-0.000679823,0.131988,-0.973275,0.187919
574,-3.11932,0.152174,0.130235,-0.000918601,-0.131368,0.974582,-0.181469,-3.36472,0.367143,-0.499648,0.00339306,0.1099,-0.976065,0.187638
575,-3.58278,-0.0876229,0.103496,-0.00179496,-0.121841,0.975603,-0.182621,-3.59579,0.268538,-0.516908,0.0125846,0.104228,-0.966269,0.235164
576,-4.04243,-0.297043,0.0674261,-0.00885514,-0.105462,0.977483,-0.182554,-3.82014,0.192671,-0.511709,-0.0397979,0.0867242,-0.983983,0.150573
577,-4.13244,-0.417323,0.0916058,0.0214134,-0.0922365,0.975215,-0.199976,-3.93067,0.159995,-0.505765,-0.07473,0.0797962,-0.993372,-0.0354863
578,-4.27676,-0.349339,0.133322,0.0537615,-0.0834107,0.990731,-0.0927635,-4.01235,0.176026,-0.492941,-0.0757848,0.0604722,-0.974519,-0.202269
579,-4.36112,-0.186527,0.167491,0.0690185,-0.0750761,0.983911,0.146697,-3.99194,0.17488,-0.488774,-0.0853765,0.0355946,-0.891865,-0.442743
580,-4.3928,-0.0971856,0.18452,0.076255,-0.0545174,0.959027,0.267359,-3.87141,0.139005,-0.510402,-0.104779,0.0247853,-0.764249,-0.63587
581,-4.30176,0.0124516,0.192101,0.0840128,-0.0374084,0.897829,0.430635,-3.75535,0.0945226,-0.523004,-0.108751,0.0276193,-0.569252,-0.81447
582,-3.99623,0.0956162,0.173398,0.100187,-0.0249579,0.761318,0.640105,-3.6833,0.109058,-0.533887,-0.0769477,-0.012107,-0.363514,-0.928326
583,-3.63396,0.0307787,0.149759,0.106389,-0.0256027,0.552052,0.826598,-3.674,0.128809,-0.530575,-0.0764253,-0.01566,-0.297502,-0.951529
584,-3.37031,-0.0803627,0.0810286,0.0760582,0.0153433,0.287758,0.954555,-3.6712,0.130036,-0.530716,-0.0770096,-0.0150824,-0.296506,-0.951802
592,-2.94765,0.223958,0.146585,0.1111,-0.0194337,0.282607,0.952582,-2.64069,0.749471,-0.425093,-0.130753,0.0128888,-0.286477,-0.949035
593,-2.55435,0.521174,0.197968,0.125015,-0.0151733,0.282393,0.950997,-2.16187,1.06608,-0.351267,-0.126441,0.0335681,-0.285462,-0.949419
594,-2.1338,0.854819,0.255237,0.131338,-0.0132994,0.282713,0.950077,-1.69697,1.38039,-0.256692,-0.118836,0.0789203,-0.279167,-0.949587
595,-1.80261,1.12865,0.370044,0.146271,-0.0662922,0.290963,0.94316,-1.36103,1.5728,-0.167444,-0.127183,0.0712849,-0.280313,-0.948772
596,-1.42164,1.47333,0.45935,0.120314,-0.0748034,0.288472,0.946949,-0.911031,1.82795,-0.0484948,-0.143956,0.0705261,-0.280458,-0.946386
597,-1.02512,1.77713,0.573966,0.136044,-0.0675744,0.289551,0.945032,-0.551213,2.03978,0.0566945,-0.155825,0.0979573,-0.275986,-0.943374
598,-0.6154,2.09425,0.704742,0.151088,-0.078101,0.291047,0.941469,-0.110463,2.29404,0.205813,-0.160654,0.106484,-0.272986,-0.942513
599,-0.264891,2.3809,0.848235,0.161336,-0.103512,0.293297,0.936607,0.356786,2.56336,0.367794,-0.160773,0.106143,-0.271671,-0.942911
600,0.214835,2.75564,1.02171,0.162853,-0.102977,0.291192,0.93706,0.834339,2.84703,0.513725,-0.147146,0.0716509,-0.278406,-0.946417
601,0.591303,3.05599,1.14921,0.15893,-0.0916877,0.289588,0.9394,1.2596,3.10761,0.62154,-0.143723,0.0686273,-0.278327,-0.947189
602,1.00868,3.40386,1.25151,0.143585,-0.0675832,0.287553,0.944526,1.48851,3.1617,0.651891,-0.134676,0.082322,-0.40372,-0.901163
603,1.41347,3.72268,1.35896,0.146204,-0.065908,0.286599,0.944533,1.47225,2.96995,0.587642,-0.114342,0.109209,-0.561019,-0.812562
604,1.34095,3.76581,1.3645,0.127486,-0.0917034,0.46948,0.868865,1.62466,3.06258,0.625955,-0.121049,0.101138,-0.511333,-0.844782
605,1.23761,3.61118,1.31314,0.110392,-0.113425,0.587913,0.793289,1.79607,3.33827,0.717937,-0.126377,0.0828945,-0.475917,-0.866407
606,1.359,3.4837,1.27938,0.120873,-0.102983,0.51522,0.842219,1.7817,3.17862,0.668657,-0.145265,0.0529902,-0.287099,-0.945338
607,1.5716,3.98357,1.4293,0.130994,-0.0855285,0.51575,0.842334,1.77468,3.04322,0.622011,-0.156173,0.0176296,-0.0198159,-0.987374
608,1.70117,3.8566,1.38632,0.135769,-0.0632232,0.354605,0.922944,1.74634,2.89981,0.578385,-0.158305,-0.0198033,0.267394,-0.950288
609,1.80391,3.51432,1.2895,0.154694,-0.0285312,0.0932535,0.983138,1.75248,2.75689,0.532052,-0.148091,-0.051902,0.462785,-0.872471
610,1.76372,3.07798,1.15946,0.159252,0.013166,-0.246612,0.955849,1.78661,2.57911,0.474956,-0.156841,-0.0259164,0.256205,-0.953461
611,1.68358,2.73143,1.04889,0.149379,0.048351,-0.451745,0.878223,1.82686,2.41112,0.419125,-0.156412,0.0232245,-0.0857181,-0.983691
612,1.85305,2.70545,1.03676,0.156076,0.0208289,-0.220783,0.962529,1.84771,2.31984,0.391189,-0.135983,0.0792347,-0.461725,-0.872949
613,1.91207,2.85641,1.07883,0.155065,-0.0307576,0.143157,0.976993,1.82856,2.06295,0.305389,-0.11558,0.110443,-0.616118,-0.77126
614,1.84656,2.88682,1.08832,0.143862,-0.0639449,0.36988,0.915644,1.81929,1.87421,0.242835,-0.108681,0.121537,-0.658005,-0.735151
615,1.70659,2.88016,1.08439,0.124474,-0.0956847,0.559716,0.813676,1.80849,1.68955,0.189217,-0.0946675,0.124918,-0.682529,-0.713854
616,1.63327,2.67541,1.02042,0.111469,-0.113624,0.634756,0.756141,1.80487,1.51307,0.139354,-0.0819943,0.119752,-0.695185,-0.704027
617,1.59926,2.45687,0.956398,0.0993543,-0.129179,0.667109,0.726917,1.80033,1.30001,0.0753375,-0.0682502,0.1132,-0.701028,-0.700776
618,1.59832,2.2676,0.892474,0.0855814,-0.120228,0.684256,0.714153,1.80059,1.07839,0.0165497,-0.0681023,0.112914,-0.703614,-0.698241
619,1.60441,2.03117,0.807749,0.0660644,-0.112647,0.693418,0.708602,1.79913,0.865249,-0.0389377,-0.0642171,0.114777,-0.71645,-0.685129
620,1.62593,1.76777,0.739707,0.0670215,-0.113588,0.69667,0.705164,1.80022,0.65251,-0.094837,-0.0607304,0.115577,-0.730542,-0.67027
621,1.63409,1.46379,0.660376,0.0621137,-0.115686,0.713884,0.687843,1.80322,0.44966,-0.14896,-0.0665293,0.113458,-0.709702,-0.692116
622,1.65431,1.24105,0.603034,0.061622,-0.115466,0.715826,0.685903,1.80518,0.229198,-0.207553,-0.0703485,0.112171,-0.698537,-0.703217
623,1.69626,1.04719,0.55543,0.0666959,-0.11363,0.698319,0.703556,1.80482,0.0174224,-0.263266,-0.0705276,0.110965,-0.693233,-0.708618
624,1.73216,0.798956,0.492624,0.0703016,-0.112604,0.69012,0.711415,1.80142,0.0900396,-0.244644,-0.0747034,0.111151,-0.673867,-0.726614
627,1.8011,0.965423,0.542353,0.0782428,-0.110019,0.649652,0.748148,2.00552,0.956745,-0.00154507,-0.0891756,0.095683,-0.596029,-0.792238
628,1.84592,1.13962,0.587229,0.08453,-0.0998191,0.623198,0.771048,2.13057,1.23127,0.074714,-0.0899474,0.084605,-0.570396,-0.812035
629,1.93884,1.45366,0.671664,0.0872438,-0.0980789,0.602105,0.787552,2.33027,1.58801,0.175141,-0.111945,0.062085,-0.531405,-0.837391
630,2.03579,1.66293,0.728644,0.0919145,-0.0931011,0.566714,0.813461,2.44135,1.73635,0.219395,-0.124519,0.0669151,-0.473042,-0.869626
631,2.17047,2.11783,0.829448,0.101292,-0.0673973,0.562539,0.81777,2.74499,2.1311,0.340588,-0.148314,0.0498816,-0.284844,-0.945716
632,2.33245,2.36647,0.91261,0.116291,-0.0752472,0.527951,0.837903,2.7442,2.13088,0.34051,-0.148353,0.0498028,-0.284253,-0.945892
633,2.49661,2.50885,0.956864,0.130396,-0.0712506,0.47289,0.868502,2.74357,2.1307,0.340449,-0.148382,0.0497366,-0.283776,-0.946034
634,2.72704,2.93932,1.08417,0.135177,-0.0760381,0.47181,0.867952,2.83399,2.22327,0.371487,-0.152244,0.0358249,-0.20078,-0.967071
635,2.83797,2.79317,1.03968,0.146873,-0.0523997,0.308767,0.938267,3.18018,2.33331,0.410445,-0.169426,-0.0024731,-0.169258,-0.970897
636,2.97282,2.80374,1.04011,0.150847,-0.0397925,0.230018,0.9606,3.38316,2.18943,0.354331,-0.205018,-0.104716,-0.337673,-0.912677
637,3.11521,2.83969,1.04915,0.151954,-0.0281427,0.161896,0.974632,3.33477,2.02257,0.291444,-0.161157,-0.0304395,-0.563589,-0.80961
638,3.30622,2.80878,1.00252,0.169625,0.0112589,0.112185,0.979038,3.22147,1.77666,0.234146,-0.11255,0.0798313,-0.64946,-0.747771
639,3.34716,2.8841,0.957438,0.192143,0.0867445,0.385285,0.898394,3.22155,1.77642,0.234088,-0.112517,0.0796939,-0.649557,-0.747706
640,3.21736,2.82065,0.958507,0.16288,0.0277433,0.544556,0.822289,3.27383,1.62456,0.190821,-0.0838776,0.00581809,-0.714836,-0.69422
641,3.08477,2.67484,0.981139,0.121041,-0.0947588,0.623451,0.766602,3.38576,1.37521,0.117291,-0.0572829,0.084862,-0.910388,-0.400887
642,3.02401,2.52636,0.914339,0.103401,-0.0387049,0.668139,0.735799,3.46343,1.36466,0.121769,-0.071257,0.0850481,-0.742228,-0.660899
643,3.0164,2.37124,0.839255,0.0740147,-0.0131709,0.729675,0.679649,3.46326,1.36593,0.12199,-0.0713622,0.0851648,-0.742212,-0.66089
644,2.90171,2.17916,0.813102,0.0548205,-0.0915973,0.885234,0.452731,3.45671,1.81763,0.216947,-0.135003,0.0739863,-0.741227,-0.653363
645,3.04474,2.09758,0.800102,0.0612152,-0.0962339,0.817071,0.565144,3.4397,1.70593,0.194587,-0.117276,0.0786563,-0.745538,-0.651332
646,3.19054,2.35172,0.871904,0.095739,-0.0846963,0.736328,0.664441,3.4397,1.70593,0.194587,-0.117276,0.0786563,-0.745538,-0.651332
647,3.15381,2.67447,0.940034,0.137466,-0.0439202,0.740867,0.655965,3.42557,1.58698,0.167539,-0.0900157,0.0505172,-0.772724,-0.626293
648,3.14048,2.52412,0.920384,0.114922,-0.0811291,0.742027,0.655445,3.43436,1.38804,0.129047,-0.0705304,0.0820656,-0.7272,-0.677842
650,3.11224,2.35261,0.849399,0.0829344,-0.0551242,0.771755,0.628074,3.44658,1.47941,0.147873,-0.0801545,0.0484249,-0.738379,-0.667853
651,3.18095,2.38031,0.884274,0.0989973,-0.0846986,0.722089,0.679422,3.45636,1.24902,0.104707,-0.0543589,0.0285311,-0.732544,-0.677945
652,3.20276,2.46434,0.853519,0.102566,-0.0036739,0.730992,0.674624,3.45636,1.24902,0.104707,-0.0543589,0.0285311,-0.732544,-0.677945
653,3.18877,2.25267,0.824449,0.0722425,-0.0574979,0.734409,0.672398,3.44933,1.02032,0.0575628,-0.0636094,0.0951985,-0.654156,-0.747644
654,3.22825,2.05279,0.75893,0.0543594,-0.0210788,0.727332,0.683804,3.51463,1.13227,0.0862584,-0.0679924,0.0309806,-0.618046,-0.782583
655,3.30647,1.84583,0.762272,0.0613727,-0.0932861,0.662025,0.741117,3.67859,1.48302,0.131983,-0.0904779,-0.025846,-0.586892,-0.804179
656,3.40249,1.98832,0.743101,0.0685385,0.000875733,0.630635,0.773046,3.76572,1.6085,0.12948,-0.0824327,-0.0251999,-0.51037,-0.855624
657,3.49378,2.20206,0.779316,0.0927786,0.00876438,0.605678,0.790234,3.85012,1.65849,0.125253,-0.0797261,-0.0381903,-0.386418,-0.918078
658,3.66838,2.42223,0.768151,0.0951555,0.0313103,0.555822,0.825244,4.1261,1.86076,0.114719,-0.0792704,-0.0443723,-0.302352,-0.948858
659,3.79974,2.47879,0.750082,0.0834113,0.0299165,0.465887,0.880396,4.37822,1.85522,0.0820013,-0.074801,-0.0651332,-0.111546,-0.988797
660,4.04497,2.53002,0.726102,0.082004,0.037285,0.370012,0.924649,4.6941,1.87392,0.0366723,-0.099639,-0.110489,-0.371357,-0.916492
661,4.25541,2.55315,0.698839,0.0783876,0.0463093,0.249635,0.96405,4.6941,1.87392,0.0366723,-0.099639,-0.110489,-0.371357,-0.916492
662,4.55749,2.42587,0.630775,0.0804775,0.0722888,0.0955792,0.989526,4.67004,1.94536,0.0405507,-0.115839,-0.0639062,-0.566306,-0.813507
663,4.74973,2.58342,0.575086,0.0971874,0.11456,0.265282,0.952395,4.66101,2.14087,0.0613517,-0.118847,-0.0357699,-0.666956,-0.734687
664,4.63507,2.72703,0.625645,0.112199,0.0880328,0.457861,0.877511,4.661,2.14175,0.0614649,-0.118843,-0.0357232,-0.66713,-0.734532
665,4.51331,2.81426,0.666427,0.116646,0.0516983,0.582186,0.802982,4.68819,2.3481,0.0841486,-0.126286,-0.0243175,-0.732743,-0.668243
666,4.42806,2.95936,0.698768,0.119155,0.0377802,0.649561,0.749964,4.69905,2.57112,0.115562,-0.135197,-0.0149243,-0.799283,-0.585359
667,4.37261,3.12684,0.728363,0.119488,0.02836,0.68674,0.716454,4.69911,2.57223,0.115724,-0.135245,-0.0148709,-0.799669,-0.584822
668,4.33074,3.24575,0.754609,0.127364,0.0226429,0.735127,0.665473,4.70456,2.43988,0.0949418,-0.131685,-0.02073,-0.765432,-0.629558
669,4.26493,3.37854,0.787465,0.133591,0.0160728,0.782442,0.608013,4.72418,2.38309,0.0871466,-0.14042,-0.0109835,-0.83724,-0.528386
671,4.30494,3.26541,0.766147,0.133116,0.0194469,0.767969,0.626199,4.7333,2.40416,0.087697,-0.14086,-0.00375059,-0.863501,-0.484263
672,4.23535,3.22191,0.782297,0.140689,0.0106938,0.832374,0.535954,4.74479,2.38672,0.0823948,-0.14089,-0.00314446,-0.865654,-0.4804
673,4.20208,3.24675,0.79233,0.140878,0.00275282,0.859205,0.491846,4.75653,2.36928,0.0770327,-0.140916,-0.00255932,-0.867726,-0.476642
676,4.19742,3.18282,0.785262,0.140765,-0.00714543,0.890254,0.433107,4.03684,2.35749,0.228677,-0.062318,0.12401,-0.989809,-0.0318851
677,4.08999,3.08169,0.797511,0.135316,-0.0394475,0.962021,0.233771,4.03305,2.35682,0.229533,-0.0622928,0.124792,-0.98971,-0.0319428
678,3.83471,2.96756,0.800551,0.0816017,-0.0678127,0.991321,0.077625,3.61908,2.35948,0.338684,-0.15974,0.151234,-0.9696,-0.107181
679,3.35791,2.86784,0.872848,0.0603677,-0.115963,0.990131,0.0504898,2.96913,2.37783,0.422251,-0.021822,0.152942,-0.975037,-0.159484
680,2.9378,2.8065,1.06091,0.14444,-0.153393,0.975621,0.0614134,2.62472,2.25712,0.381052,0.0122771,0.156941,-0.986836,0.0370635
681,2.2488,2.97505,1.09776,0.0189492,-0.153202,0.975879,0.154368,1.98538,2.21272,0.358055,0.0122206,0.156955,-0.986849,0.0366605
682,2.26474,2.66239,1.00175,-0.00923114,-0.155817,0.987212,-0.0323657,1.30826,2.15343,0.314729,0.0529443,0.175427,-0.982552,0.0318401
683,1.73382,2.52388,0.967984,-0.0121093,-0.156948,0.986804,-0.0379242,1.30501,2.15303,0.314442,0.0531983,0.17565,-0.9825,0.0318015
684,1.24604,2.43244,0.950509,-0.0121426,-0.156959,0.986809,-0.0377496,0.82755,2.11954,0.252161,0.0421533,0.187976,-0.977942,-0.0807343
685,0.706283,2.32227,0.88607,-0.0474745,-0.172547,0.982831,-0.0449166,0.383237,2.01865,0.158691,0.0528299,0.185265,-0.980956,-0.0247365
686,0.378321,2.30499,0.863562,-0.0417694,-0.188068,0.979303,0.062067,0.0806838,1.91036,0.0817793,0.0546017,0.184724,-0.980714,-0.0330938
687,0.0378978,2.11364,0.765703,-0.0609335,-0.182763,0.979843,-0.0528378,0.0723645,1.91118,0.0810138,0.0543855,0.184585,-0.980754,-0.0330443
688,-0.24339,2.12823,0.753932,-0.0380612,-0.188867,0.977577,0.0849923,-0.441175,1.8509,0.00586662,0.0426997,0.174293,-0.983365,-0.0281333
689,-0.459321,1.93178,0.661585,-0.0525583,-0.185519,0.98105,0.0189997,-0.889674,1.84739,-0.042869,0.0500773,0.159835,-0.98375,0.0646667
690,-0.676035,1.82637,0.621519,-0.0471999,-0.175009,0.983237,0.019712,-1.35178,1.83327,-0.0905324,0.0402784,0.163043,-0.984401,-0.0524252
691,-1.22281,1.77878,0.573418,-0.0408929,-0.171729,0.984115,0.0188397,-1.35478,1.83359,-0.0907167,0.0402818,0.163065,-0.984398,-0.0524135
692,-1.50137,1.64042,0.520703,-0.050214,-0.158348,0.980841,-0.101762,-1.78062,1.77276,-0.149925,0.0528004,0.153376,-0.984963,0.0594613
693,-1.84201,1.66204,0.500282,-0.0387572,-0.162637,0.984939,0.0440777,-1.77311,1.61986,-0.196436,0.0475414,0.142892,-0.988587,0.00417914
694,-2.15884,1.54665,0.455695,-0.047892,-0.156144,0.984261,-0.0674989,-2.02854,1.53727,-0.225256,-0.00117064,0.140931,-0.989785,-0.0214954
695,-2.37923,1.47068,0.419448,-0.0411992,-0.151572,0.987515,0.011909,-2.02854,1.53727,-0.225256,-0.00117064,0.140931,-0.989785,-0.0214954
696,-2.35104,1.26772,0.356779,-0.0560606,-0.140204,0.98469,-0.0870969,-2.79333,1.62047,-0.249388,0.0184623,0.0939435,-0.995123,-0.0237408
697,-2.6429,1.24179,0.390728,0.0060453,-0.141517,0.989582,0.0257605,-3.62774,1.65379,-0.269566,0.00238491,0.0944008,-0.995385,-0.0170733
698,-3.18303,1.2398,0.348024,-0.0193607,-0.092312,0.995298,0.0220298,-4.36537,1.68139,-0.227839,-0.0335634,0.0553148,-0.995592,-0.0679014
699,-3.67104,1.20041,0.333755,-0.0184194,-0.0942242,0.995194,0.0192922,-4.3655,1.6806,-0.227905,-0.033524,0.0553149,-0.995486,-0.0694533
700,-4.20412,1.15661,0.327749,-0.00489808,-0.0924131,0.995553,0.0176188,-4.57862,1.60702,-0.218797,-0.0244352,0.0428691,-0.95243,-0.300736
701,-4.63372,1.11633,0.426458,0.0673255,-0.0855917,0.993785,0.0230697,-4.72097,1.67213,-0.203505,-0.0773115,0.032194,-0.942667,-0.323057
702,-4.96255,1.16727,0.406489,0.0266793,-0.0549786,0.989337,0.132202,-4.72303,1.67374,-0.20319,-0.0775954,0.0322841,-0.942647,-0.323039
703,-5.05789,1.2289,0.417009,0.0241755,-0.0422751,0.948191,0.313947,-4.83601,1.62669,-0.2042,-0.0703455,0.0286026,-0.903393,-0.422037
704,-5.20439,1.25915,0.459396,0.0633668,-0.0356274,0.958568,0.275431,-4.96744,1.54153,-0.209054,-0.0536053,0.0221838,-0.907067,-0.41697
705,-5.29329,1.38652,0.477949,0.0612762,-0.0423438,0.912022,0.403321,-4.96792,1.54247,-0.208914,-0.0532396,0.022297,-0.906314,-0.418644
706,-5.2786,1.24491,0.457106,0.0660196,-0.0272367,0.921201,0.382478,-5.10166,1.48835,-0.212257,-0.0411128,0.0121241,-0.855468,-0.516078
707,-5.21017,1.17731,0.415779,0.04009,-0.0128112,0.872617,0.486589,-5.37089,1.62875,-0.176257,-0.0695927,0.028039,-0.941588,-0.328301
708,-5.35002,1.16724,0.428084,0.0439958,-0.0166465,0.886841,0.459675,-5.37223,1.62972,-0.176055,-0.0697062,0.0281112,-0.941578,-0.3283
709,-5.46434,1.2398,0.456183,0.0550736,-0.0210256,0.874559,0.481322,-5.7645,1.80365,-0.13857,-0.0437151,0.0204761,-0.958579,-0.280705
710,-5.47805,1.076,0.415849,0.034265,-0.0112654,0.894328,0.445955,-5.7613,1.7811,-0.147735,-0.0430469,-0.0242247,-0.888056,-0.457073
711,-5.70241,1.09637,0.45456,0.0528012,-0.0227281,0.939597,0.337422,-5.75882,1.77114,-0.148904,-0.0408033,-0.0225567,-0.890979,-0.451645
712,-6.02437,1.16289,0.489772,0.0565873,-0.0114972,0.96643,0.250359,-5.75865,1.77055,-0.148761,-0.0410018,-0.022563,-0.890487,-0.452595
713,-6.25844,1.30904,0.48794,0.0282304,-0.0012171,0.941696,0.335277,-5.75853,1.77013,-0.148668,-0.0411463,-0.0225677,-0.890159,-0.453228
714,-6.16185,1.35283,0.47805,0.042185,0.0232408,0.886053,0.461075,-5.73193,1.53771,-0.146246,-0.0692394,-0.034695,-0.785642,-0.613815
716,-6.0741,1.31801,0.503186,0.069802,0.0207566,0.83702,0.542304,-5.70399,1.21898,-0.161388,-0.0767347,-0.0406692,-0.703293,-0.705576
717,-5.96435,1.17771,0.48258,0.0675502,0.037272,0.770805,0.632382,-5.51361,1.18026,-0.184963,-0.0683168,-0.0289256,-0.327989,-0.941764
718,-5.88979,0.97806,0.472965,0.0746136,0.03963,0.731072,0.677049,-4.8324,1.50668,-0.220111,-0.0434975,-0.0135791,-0.337318,-0.940287
719,-5.6197,0.8425,0.452217,0.0811753,0.03759,0.55706,0.825641,-4.8294,1.50868,-0.219977,-0.0438056,-0.0138344,-0.33732,-0.940268
720,-5.22589,0.668136,0.40338,0.0539548,0.0246503,0.233554,0.970533,-4.08512,2.05544,-0.183121,-0.100988,0.00766346,-0.331868,-0.937873
721,-4.72207,1.01083,0.374679,0.0397182,0.0211089,0.238944,0.969991,-3.54125,2.4934,-0.0915023,-0.1046,0.0529456,-0.327907,-0.937407
722,-4.47265,1.27856,0.386425,0.0648778,0.0271395,0.330449,0.9412,-3.54015,2.49433,-0.0912983,-0.104539,0.0529755,-0.327915,-0.93741
723,-4.10344,1.61056,0.417262,0.0973169,0.0261356,0.330009,0.938584,-3.00571,2.90364,0.05268,-0.1247,0.114867,-0.321236,-0.931699
724,-3.79669,1.93015,0.518347,0.122313,-0.0420243,0.337117,0.932537,-3.00444,2.9046,0.0530837,-0.124801,0.115168,-0.321196,-0.931662
725,-3.45517,2.29843,0.591229,0.102376,-0.0528636,0.337888,0.934107,-2.46157,3.30199,0.27993,-0.131486,0.133887,-0.317333,-0.929562
726,-3.13302,2.63232,0.705994,0.115512,-0.0816375,0.340323,0.929609,-2.73012,3.32419,0.239949,-0.159141,0.0993072,-0.0903387,-0.978085
727,-2.82781,2.94522,0.873206,0.134736,-0.130618,0.341959,0.920787,-2.7312,3.32422,0.239765,-0.159186,0.0992362,-0.0899148,-0.978124
728,-2.45331,3.3214,1.04957,0.134905,-0.130441,0.340884,0.921186,-3.13017,3.26673,0.157012,-0.180013,0.0494434,0.11804,-0.975304
729,-2.56475,3.15183,0.980143,0.155869,-0.10453,0.180904,0.965428,-3.38479,3.2908,0.12931,-0.16313,-0.00283295,0.452685,-0.876616
730,-2.75138,3.05019,0.924318,0.164678,-0.0897664,0.0882727,0.97828,-3.38479,3.2908,0.12931,-0.16313,-0.00283295,0.452685,-0.876616
731,-2.98785,2.98184,0.872953,0.168496,-0.0822569,0.0409163,0.981412,-3.37796,3.21074,0.110463,-0.159031,-0.00571108,0.485329,-0.859728
732,-3.13412,2.71069,0.755269,0.185111,-0.027788,-0.179238,0.965834,-3.37777,3.20979,0.110194,-0.159001,-0.00571278,0.484488,-0.860208
733,-3.35056,2.58473,0.697957,0.175394,-0.00547348,-0.341415,0.923387,-3.2711,3.09794,0.0915282,-0.173872,0.00989838,0.221474,-0.959489
734,-3.5438,2.51355,0.672824,0.162687,0.00416626,-0.509715,0.844811,-3.27023,3.09778,0.0915844,-0.173979,0.00995917,0.220683,-0.959652
736,-3.38852,2.4256,0.64819,0.158644,0.00124164,-0.349494,0.923409,-2.96976,3.0795,0.119709,-0.174796,0.0544184,0.0707894,-0.980548
737,-3.23243,2.52313,0.681209,0.177707,-0.0111473,-0.19014,0.965475,-2.75896,2.97072,0.109604,-0.148808,0.114331,-0.185178,-0.964621
738,-3.04866,2.60901,0.726471,0.179367,-0.0334599,-0.087574,0.979305,-2.52057,3.13468,0.210141,-0.142837,0.121705,-0.233665,-0.954037
739,-2.84207,2.68325,0.78296,0.173712,-0.0672974,-0.0217035,0.982255,-2.52057,3.13468,0.210141,-0.142837,0.121705,-0.233665,-0.954037
740,-2.73726,2.87285,0.857178,0.13568,-0.129632,0.345279,0.919548,-2.58437,3.11184,0.190685,-0.150081,0.112645,-0.174287,-0.966649
741,-2.48742,3.04879,0.948807,0.146747,-0.116961,0.26843,0.944844,-1.7528,3.18677,0.351865,-0.176922,0.0540894,-0.0586226,-0.980987
743,-2.35265,3.05973,0.971303,0.154036,-0.107181,0.207977,0.959964,-0.699301,3.27419,0.511631,-0.179829,0.0712508,-0.0548208,-0.979581
744,-2.01729,3.00367,0.974828,0.172784,-0.0689105,0.0820816,0.979112,0.217012,3.35645,0.648598,-0.173597,0.0532223,-0.0563853,-0.98176
745,-1.37849,3.15141,1.06646,0.180908,-0.0590577,0.0811618,0.978365,0.220159,3.35698,0.64893,-0.173362,0.0529708,-0.0564226,-0.981813
746,-0.911312,3.27386,1.14593,0.181759,-0.0662986,0.0822248,0.977654,1.21769,3.47275,0.741427,-0.159927,0.0347198,-0.0588451,-0.984761
747,-0.412162,3.39648,1.22611,0.180938,-0.0662389,0.0814246,0.977877,1.22014,3.47303,0.741635,-0.159904,0.0347014,-0.0588366,-0.984766
748,0.0838682,3.52269,1.29589,0.175221,-0.0573178,0.0785818,0.979713,2.1545,3.61702,0.797183,-0.120452,0.0140079,-0.0631349,-0.990611
749,0.606867,3.66616,1.32871,0.159525,-0.0323416,0.0737383,0.983905,2.15745,3.61742,0.7973,-0.120412,0.0140115,-0.0631307,-0.990615
750,1.08821,3.7887,1.37329,0.160341,-0.0322502,0.0737697,0.983773,2.91105,3.65257,0.807636,-0.113726,0.00166223,0.00170511,-0.993509
751,1.64171,3.92741,1.4131,0.159738,-0.024464,0.0736931,0.984101,2.91105,3.65257,0.807636,-0.113726,0.00166223,0.00170511,-0.993509
752,2.17221,4.09463,1.42132,0.119573,-0.0130346,0.0717019,0.990147,3.95616,3.80346,0.568281,-0.00531248,-0.202967,-0.037304,-0.97846
753,2.56561,4.18402,1.42803,0.113777,-0.0069938,0.0368955,0.992796,4.5418,3.83966,0.320185,0.00366791,-0.195804,-0.0145972,-0.980527
754,2.98764,4.17335,1.41467,0.113689,-0.00093275,0.00407849,0.993508,4.54288,3.83974,0.319771,0.00372396,-0.195764,-0.0145743,-0.980536
755,3.55033,4.27959,1.13065,0.0191739,0.195691,-0.0124054,0.9804,5.06334,3.85248,0.127206,0.00824878,-0.16177,0.0163707,-0.986658
756,3.90588,4.37923,0.995681,0.0102796,0.202873,0.00026964,0.979151,5.06486,3.85245,0.126698,0.00828405,-0.161784,0.0165573,-0.986652
757,4.1718,4.39409,0.893242,0.00688733,0.201951,-0.01307,0.979284,5.32096,3.81664,0.0341146,0.0460746,-0.166848,0.263835,-0.94891
758,4.56476,4.4079,0.755741,0.00396123,0.184002,-0.0272776,0.982539,5.32114,3.81668,0.0340467,0.0462776,-0.166832,0.265138,-0.948539
759,4.78762,4.41563,0.689181,-0.000133579,0.166721,-0.0381469,0.985266,5.32134,3.81672,0.0339743,0.0464719,-0.166798,0.266431,-0.948174
760,5.00506,4.41236,0.618461,-0.00223307,0.16211,-0.0548099,0.985247,5.53415,3.7283,-0.0395813,0.146473,-0.127917,0.653326,-0.731675
761,5.24067,4.36647,0.537974,-0.0144488,0.166607,-0.112983,0.979422,5.68506,3.18869,-0.104822,0.10018,-0.131403,0.575116,-0.801211
762,5.21725,4.15785,0.533357,-0.0517015,0.164874,-0.343097,0.92327,5.68568,3.18573,-0.10516,0.099929,-0.131229,0.575146,-0.801249
763,5.15302,4.04886,0.55746,-0.0959567,0.148333,-0.546888,0.818354,5.89268,3.10317,-0.193229,0.116413,-0.142529,0.588842,-0.787019
764,5.18724,3.72513,0.573616,-0.138601,0.12873,-0.679828,0.708556,5.89377,3.10356,-0.193568,0.117226,-0.1424,0.589874,-0.786148
765,5.34897,3.57816,0.508176,-0.1096,0.142176,-0.593698,0.784408,5.96936,2.75366,-0.216742,0.132257,-0.115733,0.649338,-0.739915
766,5.63865,3.4139,0.366366,-0.0551987,0.167748,-0.441106,0.879908,5.9694,2.75257,-0.216778,0.132172,-0.115648,0.649369,-0.739916
767,5.64145,3.36319,0.379652,-0.100896,0.144666,-0.587826,0.789526,5.99206,2.38753,-0.231948,0.110569,-0.092524,0.684796,-0.714331
768,5.67474,3.20788,0.395877,-0.141244,0.133276,-0.662357,0.723582,5.99247,2.38698,-0.232061,0.110751,-0.0925175,0.685198,-0.713917
769,5.69655,2.96675,0.392166,-0.124133,0.114105,-0.672314,0.720808,6.00805,2.06126,-0.261548,0.0908469,-0.0925832,0.832662,-0.538376
770,5.70949,2.76522,0.388824,-0.106808,0.0970914,-0.679251,0.719571,6.00389,1.84338,-0.276489,0.0874214,-0.032878,0.992827,0.0746331
771,5.65828,2.47875,0.380074,-0.109152,0.0968502,-0.789902,0.595618,5.62417,1.64655,-0.211693,0.0922063,-0.0504269,0.989208,-0.102087
772,5.56353,2.35773,0.366923,0.0838898,-0.0913196,0.862322,-0.490941,5.6203,1.64573,-0.210916,0.0924999,-0.0503389,0.989181,-0.102132
773,5.45405,2.33494,0.372007,0.0686217,-0.0693923,0.939489,-0.328385,5.61728,1.64509,-0.210316,0.0927221,-0.050284,0.989159,-0.102166
774,5.37124,2.47698,0.400016,0.0874564,-0.044151,0.994826,-0.0268927,4.63982,1.41765,-0.0106358,0.0678774,-0.0591049,0.990744,-0.101612
776,5.0701,2.22542,0.446517,0.0897641,-0.0498319,0.991172,-0.0838925,3.46052,1.13893,0.0845072,-0.025675,-0.0961218,0.990291,-0.0970798
777,4.62126,2.08102,0.567655,0.119913,-0.0450815,0.988189,-0.0840903,3.46052,1.13893,0.0845072,-0.025675,-0.0961218,0.990291,-0.0970798
778,4.16065,1.93326,0.635303,0.078848,-0.0601827,0.99141,-0.0852538,2.736,0.96919,0.0192857,-0.00208811,-0.115655,0.99277,0.0320667
779,3.60957,1.76257,0.687648,0.055388,-0.0612328,0.992459,-0.0906008,2.73619,0.967931,0.0189932,-0.00178691,-0.115661,0.992683,0.0346327
780,3.11933,1.60568,0.735903,0.0533981,-0.0607354,0.992669,-0.0898188,2.423,0.746232,-0.037676,-0.0267477,-0.126666,0.990528,-0.0457745
781,2.56931,1.38745,0.628806,-0.0276242,-0.113418,0.988327,-0.0978915,2.41995,0.74562,-0.0379382,-0.0273565,-0.127054,0.990463,-0.0457324
782,2.26338,1.35463,0.625767,-0.00821327,-0.115384,0.993226,-0.0110256,1.65599,0.625759,-0.111074,-0.0513812,-0.12567,0.979551,-0.148481
783,2.19964,1.20659,0.593203,-0.0129389,-0.116169,0.992194,-0.043453,1.65453,0.62471,-0.111452,-0.0515316,-0.125647,0.979429,-0.149253
784,2.01168,1.06885,0.557717,-0.0177147,-0.120902,0.991557,-0.0434093,0.69186,0.359817,-0.286609,-0.0693653,-0.114571,0.980211,-0.145766
785,1.49841,0.950461,0.51251,-0.0302582,-0.128292,0.990064,-0.0489846,0.689924,0.359269,-0.286974,-0.0693517,-0.114565,0.980215,-0.145756
786,1.15762,0.779131,0.447751,-0.0537355,-0.124448,0.980898,-0.139518,-0.241566,0.0938875,-0.444145,-0.0511716,-0.110034,0.981698,-0.146775
787,0.668644,0.532234,0.333314,-0.0717444,-0.118049,0.977907,-0.156889,-0.244696,0.0928823,-0.444652,-0.0508466,-0.110088,0.981704,-0.146807
788,0.186407,0.318223,0.243613,-0.0683352,-0.114632,0.978875,-0.154899,-1.24898,-0.167956,-0.589378,-0.0499127,-0.0820199,0.985163,-0.142248
789,-0.313463,0.104001,0.151326,-0.0683218,-0.114373,0.978914,-0.154852,-2.22615,-0.395929,-0.669039,0.0198795,-0.0167723,0.989659,-0.141061
790,-0.803056,-0.109165,0.0969098,-0.0421348,-0.110461,0.98144,-0.150991,-2.22744,-0.396333,-0.669024,0.020023,-0.0167737,0.989658,-0.141046
791,-1.26489,-0.299778,0.0260121,-0.0474305,-0.0958829,0.983053,-0.148872,-2.99598,-0.763535,-0.610842,0.06631,0.0128985,0.972223,-0.224095
792,-1.77487,-0.500145,-0.0518991,-0.050372,-0.0766805,0.985074,-0.145642,-2.99831,-0.764832,-0.610474,0.0671141,0.0129253,0.972172,-0.224075
793,-2.231,-0.675656,-0.0563493,-0.00448009,-0.0522657,0.988805,-0.139686,-2.92954,-0.665041,-0.620612,0.0523349,0.015626,0.968217,0.244074
794,-2.71616,-0.853309,-0.0398829,0.0284281,-0.013799,0.990521,-0.133678,-2.92784,-0.665785,-0.620857,0.0526313,0.0150168,0.967788,0.245744
795,-2.99222,-1.13477,-0.0319141,0.026242,-0.00822992,0.975569,-0.217964,-2.59731,-0.663723,-0.660692,0.0275,0.00053875,0.995434,0.0914073
796,-3.351,-1.33619,0.0805663,0.0954998,0.00932147,0.976797,-0.191469,-2.59754,-0.66346,-0.660685,0.0275004,0.000517485,0.995507,0.0906016
797,-3.36318,-0.960943,0.0613196,0.0765361,0.00752435,0.987568,0.137096,-2.59782,-0.663143,-0.660663,0.0275003,0.000485392,0.995594,0.0896477
798,-3.22689,-0.836427,0.0253982,0.0550193,0.0101647,0.963473,0.261895,-2.91632,-0.623581,-0.631351,0.0449497,-0.000964719,0.966785,-0.251607
799,-3.06919,-0.82949,-0.0153258,0.0303808,0.0175777,0.972326,0.230978,-2.91971,-0.625342,-0.6308,0.0454907,-0.000689165,0.966757,-0.251615
800,-2.94747,-0.905649,-0.0310696,0.0272969,3.95027e-05,0.992136,0.122149,-3.05913,-0.411669,-0.618431,0.0471335,0.00560002,0.938612,0.341693
801,-2.99959,-1.01467,-0.0302947,0.0271395,-0.00447022,0.996517,-0.0787248,-3.0611,-0.410436,-0.618049,0.0474117,0.00562504,0.938284,0.342555
802,-3.17974,-1.17351,0.0111193,0.0471068,-0.00266994,0.97471,-0.218434,-3.93418,0.24611,-0.480891,0.128808,-0.00356067,0.402456,0.906325
803,-3.33504,-1.14973,0.0575485,0.0791629,0.00265034,0.990441,-0.112929,-3.93399,0.246459,-0.480848,0.128355,-0.00315364,0.399165,0.907845
804,-3.35242,-0.499001,0.0229061,0.0498003,0.00466608,0.934618,0.352119,-4.19386,0.355101,-0.443314,-0.00171365,0.119482,-0.70855,0.69547
805,-3.78307,-0.234439,0.136524,0.0868809,-0.026549,0.934755,0.343483,-4.18995,0.355975,-0.443842,-0.00266208,0.119466,-0.714036,0.689835
806,-4.26926,0.0217522,0.212123,0.0887432,-0.0774682,0.931691,0.343621,-4.18603,0.356855,-0.444373,-0.00360626,0.11944,-0.719476,0.684161
807,-3.8124,0.135503,0.191102,0.144756,-0.0106409,0.499362,0.854149,-3.88463,0.256018,-0.488861,-0.0952276,0.0365122,-0.761101,-0.640565
808,-3.73965,-0.164968,0.0713631,0.0889572,0.0799061,0.0368627,0.99214,-3.88472,0.255698,-0.488917,-0.0953008,0.0367666,-0.76107,-0.640576
809,-4.17264,-0.540929,0.0872544,0.026323,0.116561,-0.525399,0.842423,-3.71325,0.189599,-0.518234,-0.090825,-0.0138575,-0.259555,-0.961348
810,-4.47067,-0.315473,0.171374,0.047696,-0.106194,0.959603,-0.256143,-3.71361,0.189647,-0.518226,-0.0907512,-0.0140456,-0.258665,-0.961592
811,-4.2893,0.0397842,0.21705,0.0922223,-0.0707309,0.918093,0.378943,-3.53848,0.174641,-0.531987,-0.104522,0.0372212,-0.481768,-0.869246
812,-3.69471,0.0979687,0.185776,0.13258,-0.0352352,0.570516,0.809749,-3.53746,0.174533,-0.532081,-0.104606,0.0375519,-0.48338,-0.868327
813,-3.41798,-0.0195977,0.110963,0.0979142,0.00303548,0.310874,0.945389,-3.47559,0.387156,-0.494029,-0.0674116,0.0774568,-0.744983,-0.659133
814,-3.4244,-0.0631934,0.0930329,0.0893231,0.015053,0.255525,0.96255,-3.47755,0.392272,-0.493314,-0.0652586,0.0774199,-0.745012,-0.659321
815,-3.38431,0.073781,0.135611,0.103075,-0.0298318,0.460283,0.881263,-3.66133,1.13976,-0.346748,-0.0698386,0.0932876,-0.821145,-0.558696
816,-3.4372,0.149472,0.167576,0.113461,-0.0669512,0.670476,0.730141,-3.6624,1.14292,-0.34612,-0.0699422,0.0931289,-0.821158,-0.558691
817,-3.51523,0.198415,0.186783,0.101865,-0.081012,0.746024,0.653076,-4.07045,2.1762,-0.160565,-0.0760567,0.0855143,-0.823203,-0.556093
818,-3.67144,0.538762,0.216757,0.0562348,-0.0768923,0.764556,0.637478,-4.07162,2.17927,-0.159875,-0.0761012,0.0854495,-0.82321,-0.556087
819,-3.87637,0.895282,0.314821,0.0639989,-0.104018,0.820515,0.558426,-4.20825,2.39236,-0.112082,-0.0862716,0.0722022,-0.7855,-0.608551
820,-4.10326,1.34618,0.385908,0.0624692,-0.065707,0.825127,0.557625,-4.20897,2.39513,-0.111425,-0.08626,0.0721966,-0.785499,-0.608554
821,-4.38732,1.8557,0.473166,0.060017,-0.0638199,0.828457,0.553158,-4.28399,2.41317,-0.103719,-0.0882161,0.0698032,-0.768475,-0.629914
822,-4.6195,2.26203,0.582846,0.0793318,-0.0807925,0.824768,0.554018,-4.28455,2.41596,-0.103059,-0.0882178,0.0698055,-0.768474,-0.629915
823,-4.52077,2.30729,0.583846,0.0930085,-0.0632755,0.73028,0.673823,-4.30824,2.4417,-0.0961338,-0.0924493,0.064091,-0.727155,-0.677193
824,-4.67644,2.40977,0.61585,0.0865837,-0.0718207,0.788064,0.605228,-4.30824,2.44162,-0.0961509,-0.0924494,0.0640908,-0.727154,-0.677195
825,-4.60475,2.24347,0.576707,0.0915831,-0.0653148,0.744313,0.658289,-4.30824,2.44155,-0.0961676,-0.0924495,0.0640905,-0.727152,-0.677196
828,-4.67064,2.35716,0.606558,0.0928628,-0.063487,0.731795,0.672177,-4.25989,1.81457,-0.215304,-0.0746664,0.00429392,-0.581846,-0.809853
830,-4.62418,2.12407,0.553264,0.09422,-0.0614575,0.717736,0.687169,-4.27437,1.4318,-0.264019,-0.0600588,-0.0634898,-0.152777,-0.984389
831,-4.526,1.88232,0.493102,0.0937262,-0.0505939,0.66686,0.737532,-4.27415,1.43067,-0.264073,-0.0601896,-0.0636746,-0.150833,-0.984668
832,-4.41946,1.75057,0.449422,0.078497,-0.016882,0.6134,0.78568,-4.17196,1.26328,-0.305261,-0.0349829,-0.0840677,0.386248,-0.917889
833,-4.26982,1.51019,0.386349,0.0691088,0.0197609,0.473627,0.877788,-4.17282,1.26359,-0.305252,-0.034551,-0.0840089,0.387717,-0.917292
834,-4.14455,1.23775,0.334347,0.0631668,0.0449698,0.284638,0.955494,-3.74398,0.326443,-0.4845,-0.0739545,-0.0814629,0.562303,-0.819579
835,-4.03198,0.564856,0.236521,0.0584979,0.0881025,-0.234023,0.966462,-3.3407,-0.606648,-0.572221,0.0742318,-0.0702308,0.631577,-0.768549
836,-4.07859,0.453069,0.228209,0.0318562,0.0859219,-0.426195,0.899978,-3.27806,-0.925063,-0.56057,0.0965971,-0.0519899,0.594207,-0.796796
837,-3.85915,0.0397787,0.137364,0.0626269,0.098861,-0.471273,0.874189,-3.27801,-0.9251,-0.560588,0.0965774,-0.0521133,0.593683,-0.797181
838,-3.71453,-0.273837,0.110223,0.0325827,0.0709965,-0.554083,0.828788,-3.36319,-0.753609,-0.562843,0.0911756,-0.0513125,0.242943,-0.964382
839,-3.4618,-0.760287,-0.010228,0.0401138,0.0885872,-0.554071,0.82677,-3.36335,-0.753837,-0.562777,0.0908849,-0.0515049,0.241956,-0.964647
840,-3.16669,-1.1403,0.00821337,-0.0458285,0.0681532,-0.547811,0.832561,-3.36344,-0.754029,-0.562735,0.090654,-0.0516521,0.241213,-0.964847
841,-3.16501,-1.44258,0.0263371,-0.077219,0.0737039,-0.62751,0.771256,-3.36351,-0.754221,-0.562674,0.090397,-0.051841,0.240404,-0.965063
842,-3.04492,-1.69731,0.0602605,-0.0965165,0.0512856,-0.600262,0.792301,-2.98826,-0.814814,-0.602043,0.0582624,-0.0310775,0.0599919,-0.996012
843,-2.95055,-1.59986,0.0254581,-0.0904675,0.0714701,-0.486316,0.866143,-2.98438,-0.815627,-0.602457,0.0579359,-0.0310672,0.0600198,-0.99603
844,-2.88276,-1.4103,0.0147543,-0.085384,0.0535337,-0.322431,0.941213,-1.89442,-1.01171,-0.687702,-0.00242552,-0.000678299,-0.0104656,-0.999942
845,-2.89399,-1.30215,0.0158565,-0.0848706,0.0531736,-0.184127,0.977787,-1.89442,-1.01171,-0.687702,-0.00242552,-0.000678299,-0.0104656,-0.999942
846,-2.79393,-1.22803,0.00769239,-0.0764507,0.0442146,-0.0962768,0.991429,-1.89442,-1.01171,-0.687702,-0.00242552,-0.000678299,-0.0104656,-0.999942
847,-2.45651,-1.21725,-0.0205489,-0.0524156,0.0308769,-0.0622056,0.996208,-0.651194,-1.02235,-0.625611,-0.0401483,0.0436324,-0.0100153,-0.99819
848,-1.90385,-1.26506,-0.079469,-0.00863695,0.0282619,-0.0659415,0.997386,-0.647574,-1.02228,-0.625385,-0.040143,0.0439641,-0.00999548,-0.998176
849,-1.47051,-1.27342,-0.0907873,0.00289505,0.0112523,-0.0525071,0.998553,0.750606,-0.944185,-0.531432,-0.076356,0.0248955,-0.0884173,-0.992841
850,-1.01883,-1.17983,-0.0689723,0.00831126,-0.0120246,0.00815857,0.99986,0.750606,-0.944185,-0.531432,-0.076356,0.0248955,-0.0884173,-0.992841
851,-0.508386,-1.13629,-0.0369309,0.039539,-0.0107785,0.00853282,0.999123,2.00323,-0.734544,-0.369107,-0.0740397,0.0737819,-0.124069,-0.986753
852,-0.0145025,-1.07209,0.0322497,0.0403629,-0.0531832,0.0108712,0.997709,2.00582,-0.733904,-0.368775,-0.0740112,0.0735163,-0.1241,-0.986771
853,0.446257,-0.935034,0.0352021,0.0415489,-0.0146817,0.0973085,0.994278,2.00945,-0.733005,-0.36832,-0.0739606,0.0731354,-0.124153,-0.986796
854,1.04105,-0.830195,0.0672844,0.0714146,-0.00725991,0.088684,0.99347,3.19807,-0.329647,-0.245517,-0.0619799,0.0482755,-0.1712,-0.982099
855,1.54037,-0.688541,0.15447,0.0797918,-0.0581688,0.0935834,0.990703,3.20043,-0.328974,-0.245247,-0.0621245,0.0482195,-0.171192,-0.982094
856,2.08963,-0.521944,0.238786,0.0808507,-0.0684837,0.0947933,0.989842,3.20327,-0.328172,-0.24493,-0.0623081,0.0481479,-0.171185,-0.982087
857,2.35907,-0.402608,0.289345,0.0755226,-0.0769989,0.136345,0.984773,4.51856,0.106371,-0.126736,-0.0744495,-0.0350194,-0.178297,-0.980531
858,2.70384,-0.230536,0.303467,0.0537047,-0.0386557,0.167619,0.983629,4.51856,0.106371,-0.126736,-0.0744495,-0.0350194,-0.178297,-0.980531
859,3.09528,-0.0186526,0.334557,0.0541169,-0.0283661,0.179131,0.981926,4.51856,0.106371,-0.126736,-0.0744495,-0.0350194,-0.178297,-0.980531
860,3.63336,0.245814,0.413464,0.0658042,-0.0476147,0.17777,0.980714,4.72671,-0.140728,-0.173666,-0.0183654,-0.0721479,0.449539,-0.890153
861,4.12453,0.469047,0.474518,0.0839548,-0.0357088,0.175939,0.980164,4.72673,-0.141193,-0.173713,-0.0183242,-0.0721684,0.45001,-0.889914
862,4.56436,0.69008,0.487619,0.0782345,-0.00477488,0.174691,0.981499,4.74814,-0.272628,-0.188369,-0.0110328,-0.0696659,0.525011,-0.848168
863,5.00756,0.880988,0.437245,0.0616993,0.042578,0.13337,0.988227,4.74822,-0.272754,-0.188385,-0.0110383,-0.0696861,0.524983,-0.848183
864,5.03771,0.625945,0.409221,0.0464092,0.0543657,-0.113621,0.990949,4.74826,-0.272841,-0.188397,-0.0110387,-0.0696663,0.524961,-0.848198
865,4.95979,0.249376,0.381874,0.0233092,0.0709559,-0.389393,0.918039,4.77065,-0.309749,-0.193988,-0.0110877,-0.068765,0.515992,-0.853757
866,4.87987,-0.000148673,0.372194,0.0105467,0.0699971,-0.538396,0.839713,4.77068,-0.309823,-0.194001,-0.011083,-0.0687238,0.515971,-0.853773
872,4.9337,-0.149752,0.357763,0.0056584,0.065636,-0.563926,0.823193,4.78717,-0.560669,-0.218936,0.0495502,-0.0385416,0.997877,-0.0173614
873,4.79795,-0.300895,0.363829,-0.0109619,0.0610384,-0.724246,0.686747,4.78766,-0.559769,-0.218959,0.0496127,-0.0385449,0.997905,-0.0154198
874,4.69262,-0.330895,0.372668,-0.0212535,0.0581201,-0.831572,0.551958,4.78798,-0.559205,-0.218952,0.0496812,-0.0384715,0.997923,-0.0141713
875,4.5297,-0.268376,0.3942,0.0300694,-0.0480097,0.935966,-0.347504,3.44335,-0.375599,-0.231989,-0.04761,-0.0682218,0.993837,0.0732566
876,4.43901,-0.156085,0.412109,0.0392783,-0.0423709,0.979033,-0.195339,3.44047,-0.375137,-0.23215,-0.0475097,-0.0681926,0.993845,0.073242
877,4.39021,-0.0870143,0.420812,0.0456463,-0.0407777,0.992968,-0.101331,2.11363,-0.215198,-0.276716,-0.0293452,-0.0963912,0.992698,0.0663232
878,4.40729,0.0479611,0.427671,0.0513888,-0.0362355,0.997616,0.0284361,2.11363,-0.215198,-0.276716,-0.0293452,-0.0963912,0.992698,0.0663232
879,3.95165,0.117981,0.417525,-0.00288625,-0.0412677,0.996446,0.0733717,2.11255,-0.21512,-0.276762,-0.0294379,-0.0964563,0.992688,0.0663271
880,3.31146,0.111981,0.359577,-0.0425445,-0.0627777,0.994878,0.0668308,0.648647,-0.0353562,-0.383228,-0.0483303,-0.116989,0.989956,0.0629733
881,2.73141,0.10461,0.342806,-0.0285003,-0.0783939,0.994462,0.063926,0.647148,-0.0351631,-0.38335,-0.0483301,-0.116997,0.989955,0.0629724
882,2.20459,0.0983394,0.330759,-0.0214203,-0.0859194,0.994095,0.0627219,0.647148,-0.0351631,-0.38335,-0.0483301,-0.116997,0.989955,0.0629724
883,1.73081,0.0903609,0.313522,-0.0291686,-0.0970086,0.993097,0.0591341,-0.701717,0.195533,-0.470928,-0.0330837,-0.134452,0.979202,0.148294
884,1.14265,0.0750398,0.263491,-0.0508545,-0.112547,0.990853,0.0543808,-0.701717,0.195533,-0.470928,-0.0330837,-0.134452,0.979202,0.148294
885,0.611043,0.0723607,0.222027,-0.0468974,-0.115175,0.9908,0.0533876,-1.94273,0.577657,-0.478968,0.0135232,-0.141392,0.979624,0.141994
886,0.0877667,0.0667936,0.180486,-0.0471641,-0.118513,0.990477,0.0518227,-1.9452,0.578379,-0.478846,0.0139321,-0.141451,0.979618,0.141934
887,-0.554718,0.0617752,0.135413,-0.0423151,-0.120588,0.990443,0.0518695,-1.9452,0.578379,-0.478846,0.0139321,-0.141451,0.979618,0.141934
888,-0.897105,0.150288,0.12787,-0.0437987,-0.131582,0.980295,0.140672,-3.01323,0.977508,-0.373858,0.0109846,-0.100898,0.963905,0.246144
889,-1.38795,0.231373,0.121603,-0.0304676,-0.134933,0.980094,0.142413,-3.01702,0.980269,-0.373598,0.010402,-0.100056,0.963971,0.246252
890,-1.88716,0.324818,0.111788,-0.0304486,-0.13494,0.980065,0.142604,-3.02177,0.983736,-0.373262,0.00964883,-0.0989936,0.964054,0.246387
891,-2.37572,0.409724,0.150913,0.00746396,-0.140584,0.978979,0.14758,-4.08185,1.58747,-0.264282,0.0591985,-0.0556612,0.949342,0.303558
892,-2.66988,0.485179,0.198553,0.0459493,-0.131954,0.969792,0.199951,-4.08487,1.59012,-0.263953,0.0587492,-0.0550459,0.949396,0.30359
893,-3.16306,0.631573,0.264245,0.047001,-0.123115,0.971362,0.197708,-4.08658,1.59163,-0.263766,0.0585145,-0.0546942,0.949422,0.303616
894,-3.52425,0.798684,0.255783,0.00149765,-0.0877032,0.964172,0.250356,-5.21362,2.47321,-0.10323,-0.030115,-0.0533799,0.920513,0.385874
895,-4.04082,1.02125,0.30969,0.0269342,-0.0942306,0.962683,0.252263,-5.21362,2.47321,-0.10323,-0.030115,-0.0533799,0.920513,0.385874
896,-4.44439,1.19315,0.423912,0.0807153,-0.0898359,0.958965,0.256516,-5.83583,3.15719,-0.126867,-0.00506243,-0.0120493,0.74346,0.668652
897,-4.7681,1.42303,0.419693,0.035528,-0.052969,0.947734,0.312622,-5.83653,3.15712,-0.126981,-0.00489144,-0.0118431,0.742132,0.670132