1695979915.28,2.15,-0.11
1695979916.60,2.68,0.09
1695979917.98,2.91,-0.01
1695979919.32,2.84,-0.37
1695979920.63,2.74,-0.61
1695979921.97,2.63,-0.59
1695979923.16,2.53,-0.55
1695979924.46,2.49,-0.53
1695979925.79,2.49,-0.54
1695979927.13,2.49,-0.54
1695979928.59,2.49,-0.55
1695979930.14,2.49,-0.55
1695979931.84,2.51,-0.68
1695979933.21,2.58,-0.72
1695979934.68,2.65,-0.66
1695979935.83,2.72,-0.61
1695979937.04,3.08,-0.51
1695979938.35,3.61,-0.39
1695979939.64,3.90,-0.39
1695979940.98,3.84,-0.65
1695979942.29,3.83,-0.76
1695979943.65,3.59,-0.88
1695979945.05,3.41,-0.91
1695979946.17,3.41,-0.92
1695979947.36,3.40,-0.93
1695979948.70,3.40,-0.93
1695979949.94,3.40,-0.94
1695979951.26,3.41,-0.94
1695979952.58,3.46,-1.05
1695979953.71,3.58,-1.29
1695979954.99,3.78,-1.78
1695979956.22,3.87,-1.96
1695979957.50,4.02,-2.19
1695979958.84,3.75,-2.14
1695979960.09,3.67,-2.03
1695979961.30,3.56,-1.90
1695979962.55,3.44,-1.71
1695979963.75,3.34,-1.49
1695979964.89,3.30,-1.30
1695979966.25,3.21,-1.33
1695979967.38,3.03,-1.25
1695979968.66,2.99,-1.11
1695979969.96,2.94,-1.01
1695979971.20,2.94,-0.93
1695979972.40,2.98,-0.90
1695979973.65,3.00,-0.93
1695979974.90,3.05,-1.00
1695979976.08,3.12,-0.97
1695979977.41,3.24,-0.98
1695979978.67,3.23,-1.11
1695979979.82,3.39,-1.04
1695979981.10,3.85,-0.79
1695979982.28,4.31,-0.56
1695979983.61,4.36,-0.57
1695979984.84,4.15,-0.65
1695979986.24,3.91,-0.75
1695979987.55,3.78,-0.83
1695979988.83,3.61,-0.93
1695979990.19,3.43,-1.05
1695979991.37,3.18,-1.17
1695979992.80,2.85,-1.24
1695979993.93,2.86,-1.40
1695979995.20,2.91,-1.56
1695979996.43,2.93,-1.82
1695979997.72,2.98,-1.82
1695979998.96,3.03,-1.75
1695980000.15,3.10,-1.60
1695980001.53,3.19,-1.45
1695980002.76,3.25,-1.35
1695980003.98,3.41,-1.26
1695980005.20,3.53,-1.01
1695980006.43,3.93,-0.70
1695980007.55,4.31,-0.41
1695980008.88,4.68,-0.17
1695980010.31,4.73,-0.51
1695980011.58,4.62,-0.79
1695980012.75,4.50,-0.81
1695980014.08,4.39,-0.68
1695980015.41,4.32,-0.53
1695980016.66,4.28,-0.38
1695980018.09,4.25,-0.40
1695980019.32,4.23,-0.55
1695980020.53,4.19,-0.65
1695980021.87,4.19,-0.65
1695980023.05,4.19,-0.66
1695980024.33,4.18,-0.67
1695980025.57,4.18,-0.67
1695980026.86,4.22,-0.75
1695980028.20,4.30,-0.95
1695980029.45,4.34,-1.15
1695980030.83,4.38,-1.39
1695980032.02,4.43,-1.57
1695980033.57,4.46,-1.59
1695980034.61,4.53,-1.52
1695980035.87,4.61,-1.41
1695980037.10,4.69,-1.25
1695980038.33,5.17,-1.34
1695980039.59,5.53,-1.25
1695980040.94,5.47,-1.32
1695980042.31,5.39,-1.35
1695980043.54,5.29,-1.39
1695980044.79,5.28,-1.37
1695980046.12,5.28,-1.36
1695980047.33,5.29,-1.36
1695980048.55,5.29,-1.36
1695980049.90,5.29,-1.36
1695980051.23,5.29,-1.36
1695980052.46,5.26,-1.36
1695980053.81,5.21,-1.34
1695980055.06,5.15,-1.28
1695980056.54,5.05,-1.12
1695980058.00,4.98,-1.01
1695980059.20,4.81,-1.05
1695980060.61,4.46,-1.21
1695980061.87,4.23,-1.19
1695980063.13,4.08,-1.13
1695980064.45,3.84,-1.28
1695980065.98,3.89,-1.38
1695980067.25,3.99,-1.50
1695980068.48,3.97,-1.50
1695980069.82,3.85,-1.39
1695980071.05,3.74,-1.28
1695980072.32,3.55,-1.24
1695980073.63,3.53,-1.16
1695980074.93,3.11,-1.08
1695980076.22,3.00,-1.02
1695980077.49,2.93,-0.92
1695980078.77,2.96,-0.84
1695980080.01,3.00,-0.89
1695980081.40,3.06,-0.98
1695980082.60,3.16,-0.96
1695980083.82,3.28,-1.04
1695980085.17,3.33,-1.07
1695980086.43,3.55,-0.99
1695980087.64,4.01,-0.76
1695980088.88,4.25,-0.68
1695980090.09,4.57,-0.58
1695980091.51,4.90,-0.60
1695980092.72,5.43,-0.54
1695980093.99,5.76,-0.66
1695980095.64,5.74,-0.81
1695980096.83,5.62,-0.85
1695980098.27,5.53,-0.90
1695980099.66,5.48,-0.90
1695980101.01,5.45,-0.89
1695980102.35,5.42,-0.87
1695980103.59,5.39,-0.86
1695980104.90,5.39,-0.86
1695980106.29,5.39,-0.86
1695980107.42,5.39,-0.86
1695980108.62,5.39,-0.86
1695980109.90,5.38,-0.86
1695980111.20,5.30,-0.79
1695980112.43,5.21,-0.67
1695980113.70,5.14,-0.54
1695980114.92,5.10,-0.42
1695980116.04,5.04,-0.32
1695980117.31,4.54,-0.16
1695980118.56,4.07,-0.01
1695980119.78,3.75,0.20
1695980121.02,3.28,0.43
1695980122.24,3.09,0.62
1695980123.50,2.85,0.82
1695980124.81,2.54,1.15
1695980126.16,2.47,0.84
1695980127.56,2.47,0.40
1695980128.87,2.50,0.27
1695980130.19,2.63,0.15
1695980131.40,2.71,0.02
1695980132.62,2.61,-0.09
1695980133.87,2.50,-0.11
1695980135.21,2.46,-0.05
1695980136.49,2.51,0.04
1695980137.92,2.63,0.09
1695980139.30,2.51,-0.03
1695980140.63,2.10,0.10
1695980141.84,1.68,0.22
1695980143.27,1.53,0.23
1695980144.60,1.66,0.25
1695980145.90,1.67,0.16
1695980147.18,1.59,-0.06
1695980148.44,1.48,0.08
1695980149.71,1.60,0.13
1695980150.96,1.60,0.11
1695980152.45,1.60,0.10
1695980153.70,1.60,0.08
1695980155.00,1.26,-0.04
1695980156.32,0.87,0.21
1695980157.61,0.65,0.14
1695980158.92,0.25,0.25
1695980160.26,0.25,-0.14
1695980161.50,0.38,-0.48
1695980162.75,0.49,-0.70
1695980163.95,0.63,-0.81
1695980165.91,0.68,-1.05
1695980166.52,0.83,-1.61
1695980167.77,1.00,-2.09
1695980168.98,1.10,-2.46
1695980170.52,0.95,-2.47
1695980171.82,0.92,-2.45
1695980173.16,0.83,-2.31
1695980174.49,0.70,-2.10
1695980175.69,0.58,-1.82
1695980177.01,0.54,-1.46
1695980178.17,0.42,-1.18
1695980179.51,0.30,-1.34
1695980180.80,0.09,-1.46
1695980182.05,0.03,-1.68
1695980183.30,0.09,-1.81
1695980184.63,0.17,-1.91
1695980185.86,0.24,-1.99
1695980187.08,0.31,-2.09
1695980188.33,0.36,-2.07
1695980189.69,0.47,-2.17
1695980190.91,0.62,-2.54
1695980192.25,0.81,-2.99
1695980193.41,1.06,-3.19
1695980194.73,1.33,-3.60
1695980196.03,1.10,-3.58
1695980197.33,0.90,-3.47
1695980198.61,0.80,-3.29
1695980199.93,0.73,-3.15
1695980201.31,0.84,-3.12
1695980202.53,0.90,-2.95
1695980203.79,0.93,-2.76
1695980205.07,1.05,-2.74
1695980206.75,1.29,-3.13
1695980208.10,1.18,-3.33
1695980209.37,1.01,-3.21
1695980210.62,0.89,-3.01
1695980211.85,0.81,-2.84
1695980213.16,0.90,-2.73
1695980214.43,1.04,-2.53
1695980215.81,0.88,-2.21
1695980217.03,0.60,-1.99
1695980218.24,0.20,-1.76
1695980219.46,0.01,-1.55
1695980220.75,-0.07,-1.36
1695980222.02,-0.28,-1.03
1695980223.30,-0.34,-0.81
1695980224.70,-0.50,-0.70
1695980225.99,-0.60,-0.91
1695980227.44,-0.66,-1.25
1695980228.74,-0.63,-1.20
1695980229.91,-0.57,-1.10
1695980231.21,-0.48,-0.98
1695980232.50,-0.48,-0.69
1695980233.79,-0.59,-0.73
1695980235.44,-0.71,-1.00
1695980236.69,-0.79,-1.10
1695980237.98,-0.73,-1.15
1695980239.22,-0.99,-1.25
1695980240.46,-1.49,-1.37
1695980241.93,-1.53,-1.31
1695980243.14,-1.58,-1.23
1695980244.59,-1.43,-1.11
1695980246.24,-1.30,-1.22
1695980247.58,-1.21,-1.40
1695980248.98,-1.09,-1.37
1695980250.48,-1.00,-1.35
1695980251.73,-0.89,-1.42
1695980253.10,-0.94,-1.42
1695980254.39,-1.07,-1.28
1695980255.67,-1.10,-0.97
1695980256.91,-1.21,-0.65
1695980258.18,-1.22,-0.15
1695980260.00,-1.23,0.45
1695980261.57,-1.16,0.32
1695980262.89,-1.07,0.14
1695980264.26,-0.99,-0.04
1695980265.48,-1.07,-0.07
1695980266.82,-1.13,-0.17
1695980268.08,-1.40,-0.18
1695980269.27,-1.45,-0.24
1695980270.93,-1.53,-0.45
1695980272.26,-1.54,-0.50
1695980273.58,-1.46,-0.36
1695980275.06,-1.41,-0.19
1695980276.29,-1.46,-0.28
1695980277.69,-1.52,-0.46
1695980278.97,-1.60,-0.62
1695980280.20,-1.55,-0.67
1695980281.50,-1.58,-0.58
1695980282.82,-1.85,-0.49
1695980284.14,-1.86,-0.50
1695980285.40,-1.86,-0.50
1695980286.74,-1.86,-0.50
1695980288.08,-1.85,-0.50
1695980289.42,-1.85,-0.50
1695980290.78,-1.84,-0.50
1695980292.20,-1.84,-0.50
1695980293.37,-1.84,-0.50
1695980294.72,-1.83,-0.50
1695980296.01,-1.83,-0.50
1695980297.29,-1.82,-0.50
1695980298.70,-1.82,-0.50
1695980299.93,-1.81,-0.50
1695980301.17,-1.81,-0.50
1695980302.44,-1.80,-0.50
1695980303.70,-1.80,-0.50
1695980305.17,-1.69,-0.42
1695980306.46,-1.62,-0.32
1695980307.70,-1.55,-0.17
1695980309.07,-1.35,-0.26
1695980310.28,-1.22,-0.49
1695980311.63,-1.15,-0.76
1695980312.83,-0.71,-0.79
1695980314.23,-0.38,-0.79
1695980315.41,-0.29,-0.85
1695980316.64,-0.46,-0.94
1695980318.03,-0.66,-1.07
1695980319.40,-0.84,-1.12
1695980320.70,-0.95,-1.01
1695980322.14,-1.07,-0.92
1695980323.43,-1.25,-0.95
1695980324.83,-1.35,-0.97
1695980326.09,-1.63,-1.21
1695980327.52,-1.99,-1.61
1695980328.77,-2.21,-1.80
1695980330.12,-2.39,-1.75
1695980331.48,-2.40,-1.43
1695980332.79,-2.27,-1.32
1695980334.11,-2.09,-1.19
1695980335.45,-1.80,-1.07
1695980336.91,-1.53,-1.02
1695980338.32,-1.63,-1.07
1695980339.67,-1.76,-1.18
1695980340.97,-1.77,-1.18
1695980342.43,-1.82,-1.23
1695980344.21,-1.94,-1.30
1695980345.50,-2.02,-1.64
1695980346.70,-1.69,-1.77
1695980347.92,-1.69,-2.02
1695980349.30,-1.73,-2.41
1695980350.54,-1.29,-2.47
1695980351.92,-1.05,-1.83
1695980353.38,-1.63,-1.33
1695980354.70,-1.95,-1.61
1695980355.88,-1.83,-1.91
1695980357.15,-1.90,-2.08
1695980358.50,-2.11,-2.44
1695980360.08,-2.02,-2.51
1695980361.75,-1.67,-2.47
1695980362.90,-1.58,-2.35
1695980364.15,-1.52,-2.15
1695980365.43,-1.35,-2.00
1695980367.06,-1.16,-1.87
1695980368.37,-1.11,-1.61
1695980369.94,-1.10,-1.46
1695980371.19,-1.09,-1.56
1695980372.45,-1.11,-1.63
1695980373.76,-1.18,-1.80
1695980375.11,-1.11,-1.86
1695980376.33,-1.12,-1.96
1695980377.96,-1.24,-2.00
1695980379.25,-1.35,-1.84
1695980380.65,-1.47,-1.66
1695980381.89,-1.66,-1.57
1695980383.28,-1.75,-1.42
1695980384.56,-1.91,-1.47
1695980385.81,-2.24,-1.61
1695980387.04,-2.33,-1.51
1695980388.31,-2.51,-1.50
1695980389.48,-2.93,-1.60
1695980390.86,-3.10,-1.59
1695980392.10,-3.45,-1.51
1695980393.45,-3.82,-1.57
1695980394.74,-3.88,-1.33
1695980397.59,-3.75,-1.17
1695980398.52,-3.55,-1.37
1695980399.98,-3.49,-1.51
1695980401.32,-3.42,-1.64
1695980402.79,-3.39,-1.52
1695980403.95,-3.34,-1.37
1695980405.29,-3.26,-1.25
1695980406.54,-3.18,-1.33
1695980408.09,-3.17,-1.32
1695980409.37,-3.16,-1.31
1695980410.55,-3.15,-1.30
1695980411.85,-3.14,-1.29
1695980413.52,-3.13,-1.28
1695980414.92,-3.06,-1.36
1695980416.27,-3.03,-1.51
1695980417.62,-3.15,-1.53
1695980418.82,-3.27,-1.49
1695980420.04,-3.26,-1.70
1695980421.25,-3.21,-1.94
1695980422.66,-3.07,-2.48
1695980424.11,-2.94,-2.81
1695980425.40,-2.85,-2.66
1695980426.83,-2.73,-2.46
1695980428.04,-2.66,-2.18
1695980429.38,-2.66,-1.81
1695980430.96,-2.77,-1.52
1695980432.05,-2.72,-1.55
1695980433.26,-2.65,-1.72
1695980434.51,-2.76,-1.79
1695980435.88,-2.91,-1.89
1695980437.23,-2.90,-2.09
1695980439.15,-2.90,-2.59
1695980440.33,-2.92,-2.76
1695980441.67,-3.00,-2.57
1695980442.93,-3.12,-2.31
1695980444.26,-3.22,-1.96
1695980445.59,-3.15,-1.60
1695980446.80,-3.02,-1.49
1695980448.22,-3.18,-1.19
1695980449.47,-3.27,-0.98
1695980450.69,-3.50,-0.49
1695980451.98,-3.57,-0.24
1695980453.21,-3.60,-0.01
1695980454.45,-3.46,0.18
1695980455.74,-3.18,0.06
1695980457.17,-3.13,-0.05
1695980458.45,-3.17,0.05
1695980459.87,-3.16,0.01
1695980461.16,-3.14,-0.01
1695980462.53,-3.16,0.01
1695980463.76,-3.15,0.01
1695980465.62,-3.20,0.09
1695980466.95,-3.22,0.12
1695980468.32,-3.44,0.16
1695980469.60,-3.53,0.07
1695980470.84,-3.57,0.03
1695980472.03,-3.66,-0.10
1695980473.39,-3.77,-0.32
1695980474.64,-4.05,-0.25
1695980475.83,-4.30,-0.23
1695980477.09,-4.60,-0.31
1695980478.48,-5.10,-0.36
1695980479.78,-5.13,-0.13
1695980481.13,-4.99,0.05
1695980482.47,-4.88,0.07
1695980483.83,-4.62,-0.01
1695980485.10,-4.68,0.05
1695980486.36,-4.78,0.07
1695980487.68,-4.91,-0.04
1695980489.45,-5.06,-0.03
1695980491.63,-4.81,0.06
1695980492.99,-4.61,0.03
1695980494.22,-4.71,0.07
1695980495.42,-4.83,0.01
1695980496.78,-4.90,-0.26
1695980498.19,-4.74,-0.33
1695980499.47,-4.54,-0.30
1695980500.70,-4.37,-0.29
1695980501.96,-4.20,-0.31
1695980503.28,-4.03,-0.36
1695980504.52,-3.85,-0.43
1695980505.80,-3.61,-0.54
1695980507.15,-3.73,-0.85
1695980508.38,-3.85,-1.23
1695980509.71,-3.88,-1.43
1695980510.98,-4.02,-1.96
1695980512.23,-4.10,-1.90
1695980513.60,-4.23,-1.66
1695980515.04,-4.28,-1.26
1695980516.37,-4.05,-1.20
1695980517.62,-3.81,-1.00
1695980519.26,-3.68,-0.79
1695980521.00,-3.54,-0.88
1695980522.38,-3.44,-1.05
1695980523.95,-3.38,-1.24
1695980525.20,-3.42,-1.13
1695980526.50,-3.51,-0.93
1695980527.70,-3.63,-0.81
1695980528.98,-3.76,-0.82
1695980530.21,-3.79,-0.93
1695980532.29,-3.95,-1.21
1695980533.50,-3.83,-1.25
1695980534.87,-3.74,-1.20
1695980536.13,-3.49,-1.36
1695980537.46,-3.42,-1.61
1695980538.79,-3.36,-1.98
1695980539.92,-3.31,-2.41
1695980541.16,-3.23,-2.85
1695980542.65,-3.19,-3.33
1695980544.66,-3.09,-4.04
1695980545.89,-2.92,-4.30
1695980547.57,-2.53,-4.16
1695980548.84,-2.27,-4.03
1695980550.40,-2.08,-3.94
1695980551.63,-2.18,-3.91
1695980553.17,-2.28,-3.77
1695980554.47,-2.13,-3.66
1695980555.81,-2.05,-3.52
1695980557.03,-2.07,-3.36
1695980558.35,-2.14,-3.17
1695980559.62,-2.19,-2.97
1695980560.97,-2.21,-2.68
1695980562.36,-2.25,-2.40
1695980564.53,-2.28,-2.14
1695980565.75,-2.37,-1.77
1695980567.08,-2.45,-1.61
1695980568.50,-2.58,-1.51
1695980569.82,-2.74,-1.55
1695980571.03,-2.90,-1.64
1695980572.36,-3.08,-1.73
1695980573.69,-3.19,-1.84
1695980575.06,-3.09,-1.97
1695980576.40,-3.31,-2.34
1695980577.60,-3.56,-2.69
1695980578.93,-3.68,-2.92
1695980580.26,-3.93,-3.38
1695980581.67,-3.93,-3.62
1695980584.67,-3.79,-3.28
1695980586.41,-3.64,-3.11
1695980587.71,-3.54,-2.90
1695980589.02,-3.42,-2.63
1695980590.48,-3.43,-2.22
1695980591.83,-3.42,-2.23
1695980593.27,-3.51,-2.29
1695980594.70,-3.67,-2.22
1695980595.99,-3.78,-2.08
1695980598.12,-3.59,-2.67
1695980599.39,-3.53,-2.91
1695980600.70,-3.56,-2.86
1695980602.00,-3.62,-2.68
1695980603.17,-3.72,-2.48
1695980604.48,-3.82,-2.23
1695980605.66,-3.91,-1.94
1695980607.08,-4.42,-2.12
1695980608.25,-4.71,-2.07
1695980609.54,-5.07,-2.13
1695980610.79,-5.22,-2.18
1695980612.29,-5.57,-2.28
1695980614.06,-5.44,-1.86
1695980615.43,-5.33,-1.70
1695980616.77,-5.02,-1.58
1695980617.99,-4.73,-1.55
1695980619.33,-4.81,-1.33
1695980620.53,-4.88,-1.13
1695980621.88,-5.00,-1.18
1695980623.15,-5.11,-1.27
1695980625.39,-5.16,-1.37
1695980626.57,-5.48,-1.57
1695980627.91,-5.35,-1.67
1695980629.14,-5.16,-1.77
1695980630.49,-5.22,-2.24
1695980631.72,-5.33,-2.70
1695980632.96,-5.35,-3.04
1695980634.17,-5.26,-3.37
1695980635.65,-4.99,-3.51
1695980636.97,-4.76,-3.39
1695980638.23,-4.76,-3.28
1695980639.60,-4.70,-3.20
1695980641.08,-4.67,-2.98
1695980642.43,-4.77,-2.66
1695980643.67,-4.65,-2.60
1695980645.08,-4.60,-2.53
1695980646.30,-4.52,-2.56
1695980647.56,-4.50,-2.66
1695980648.76,-4.60,-2.70
1695980650.88,-4.80,-2.64
1695980652.12,-4.84,-2.96
1695980653.43,-4.84,-3.39
1695980654.67,-4.88,-3.63
1695980656.00,-4.99,-4.09
1695980657.22,-4.92,-4.33
1695980659.01,-4.53,-4.23
1695980660.32,-4.35,-4.04
1695980661.79,-4.31,-3.57
1695980663.06,-4.42,-3.31
1695980664.35,-4.30,-3.43
1695980665.58,-4.34,-3.52
1695980666.92,-4.26,-3.59
1695980668.18,-4.30,-3.66
1695980670.58,-4.50,-3.41
1695980671.96,-4.60,-3.21
1695980673.18,-4.71,-3.24
1695980674.60,-4.86,-3.69
1695980676.13,-5.04,-4.05
1695980677.30,-5.27,-4.36
1695980678.70,-5.54,-4.81
1695980680.06,-5.54,-4.71
1695980681.82,-5.36,-4.57
1695980683.55,-5.13,-4.42
1695980685.33,-4.91,-4.34
1695980687.03,-4.67,-4.23
1695980688.67,-4.36,-4.03
1695980689.96,-4.03,-3.93
1695980691.32,-3.65,-3.96
1695980692.64,-3.70,-3.84
1695980693.98,-3.81,-3.72
1695980695.30,-3.92,-3.80
1695980696.51,-3.97,-3.90
1695980697.83,-3.80,-3.98
1695980700.10,-3.99,-4.17
1695980701.45,-4.13,-4.28
1695980702.62,-3.92,-4.35
1695980703.96,-3.61,-4.43
1695980705.24,-3.60,-4.89
1695980706.60,-3.61,-5.14
1695980707.92,-3.50,-5.46
1695980709.31,-3.39,-5.53
1695980710.89,-3.33,-5.34
1695980712.71,-3.20,-5.13
1695980714.08,-3.07,-4.75
1695980715.51,-2.99,-4.47
1695980717.02,-2.84,-4.35
1695980718.25,-2.66,-4.39
1695980719.57,-2.45,-4.41
1695980721.01,-2.44,-4.52
1695980722.26,-2.47,-4.58
1695980723.45,-2.56,-4.61
1695980725.69,-2.55,-5.31
1695980726.99,-2.58,-5.55
1695980728.29,-2.32,-5.70
1695980729.75,-2.00,-5.58
1695980731.20,-1.88,-5.19
1695980732.68,-1.85,-4.87
1695980734.22,-1.60,-4.92
1695980735.51,-1.48,-4.99
1695980736.72,-1.58,-5.07
1695980738.07,-1.72,-5.11
1695980740.84,-1.64,-5.39
1695980742.65,-1.22,-5.40
1695980744.10,-0.98,-5.27
1695980745.42,-0.80,-5.18
1695980746.87,-0.71,-4.92
1695980748.12,-0.62,-4.87
1695980749.52,-0.66,-4.97
1695980750.75,-0.70,-5.06
1695980752.03,-0.83,-5.07
1695980753.38,-0.66,-5.45
1695980755.88,-0.34,-5.84
1695980758.51,0.13,-5.61
1695980760.12,0.37,-5.50
1695980761.61,0.55,-5.31
1695980762.93,0.51,-5.39
1695980764.30,0.39,-5.50
1695980765.99,0.23,-5.50
1695980767.50,0.11,-5.30
1695980769.93,0.05,-5.08
1695980771.49,0.20,-5.25
1695980773.05,0.48,-5.66
1695980774.51,0.67,-6.08
1695980776.22,0.92,-6.66
1695980778.74,0.78,-6.34
1695980780.20,0.73,-6.10
1695980782.50,0.65,-5.89
1695980784.33,0.51,-5.64
1695980786.02,0.36,-5.45
1695980787.68,0.38,-5.09
1695980789.06,0.67,-4.69
1695980790.66,0.83,-4.66
1695980792.14,0.96,-4.71
1695980793.45,1.01,-4.75
1695980796.05,1.05,-4.84
1695980797.53,0.85,-4.97
1695980798.91,0.79,-5.04
1695980800.35,0.67,-5.13
1695980801.66,0.60,-5.18
1695980803.02,0.31,-6.53
1695980804.50,0.28,-5.20
1695980806.13,0.43,-5.23
1695980807.76,0.85,-5.19
1695980809.45,1.19,-4.98
1695980810.90,1.22,-4.57
1695980812.33,1.21,-4.38
1695980813.76,1.48,-4.14
1695980815.24,1.91,-3.75
1695980816.87,2.21,-3.61
1695980818.34,2.30,-3.38
1695980819.82,2.40,-3.27
1695980821.34,2.40,-3.26
1695980824.35,2.40,-3.25
1695980825.12,2.40,-3.25
1695980826.79,2.25,-3.17
1695980828.54,2.09,-3.14
1695980830.42,2.08,-3.12
1695980832.42,2.08,-3.09
1695980834.08,2.08,-3.07
1695980835.63,1.91,-3.06
1695980837.34,1.50,-3.17
1695980839.14,1.23,-3.34
1695980840.71,1.00,-3.44
1695980843.85,0.51,-3.56
1695980845.56,0.52,-3.67
1695980848.53,0.76,-3.87
1695980849.98,0.81,-3.94
1695980851.35,0.96,-4.34
1695980852.88,1.08,-4.91
1695980854.29,1.29,-5.24
1695980855.78,1.50,-5.74
1695980857.34,1.73,-6.18
1695980859.41,1.51,-6.00
1695980861.19,1.43,-5.77
1695980862.89,1.28,-5.52
1695980864.50,1.23,-5.34
1695980866.01,1.37,-5.49
1695980867.57,1.50,-5.71
1695980869.03,1.60,-5.86
1695980870.50,1.67,-5.98
1695980871.96,1.72,-6.14
1695980875.36,1.49,-5.74
1695980877.84,1.31,-5.43
1695980879.47,1.44,-5.45
1695980884.58,1.39,-5.80
1695980887.59,1.28,-6.60
1695980889.41,1.33,-6.04
1695980891.09,1.15,-5.75
1695980892.94,1.23,-5.68
1695980894.57,1.37,-5.52
1695980896.20,1.35,-5.84
1695980897.80,1.40,-6.14
1695980899.47,1.32,-5.91
1695980902.73,1.09,-5.51
1695980904.41,1.23,-5.45
1695980905.99,1.12,-5.81
1695980907.53,1.03,-6.32
1695980908.91,1.09,-6.64
1695980910.64,1.07,-6.81
1695980912.42,1.04,-6.46
1695980914.15,0.92,-6.21
1695980916.21,0.82,-5.91
1695980917.81,0.95,-5.97
1695980919.34,0.95,-6.06
1695980920.88,0.98,-6.46
1695980924.75,0.92,-6.95
1695980926.82,0.69,-6.22
1695980929.29,1.02,-6.35
1695980930.76,1.34,-6.51
1695980932.55,1.53,-6.97
1695980935.86,1.42,-6.72
1695980938.03,1.30,-6.04
1695980940.37,1.20,-5.76
1695980942.35,1.05,-5.46
1695980944.04,0.92,-5.22
1695980945.91,0.98,-5.24
1695980947.61,1.07,-5.26
1695980949.27,1.10,-5.23
1695980955.53,1.24,-6.31
1695980955.63,1.34,-6.70
1695980957.17,1.33,-6.69
1695980959.01,1.27,-6.35
1695980960.77,1.22,-6.04
1695980963.15,1.14,-5.80
1695980965.85,0.93,-5.40
1695980967.72,0.88,-5.16
1695980969.62,0.91,-5.30
1695980971.56,1.02,-5.17
1695980973.71,0.99,-5.48
1695980976.78,1.02,-5.93
1695980978.42,1.17,-6.20
1695980979.93,1.45,-6.63
1695980981.50,1.65,-7.05
1695980983.17,1.56,-6.85
1695980985.07,1.47,-6.55
1695980987.36,1.40,-6.09
1695980989.53,1.30,-5.78
1695980992.12,1.15,-5.71
1695980993.99,0.98,-5.72
1695980995.82,1.03,-5.70
1695980998.19,0.83,-5.57
1695980999.87,0.75,-5.34
1695981001.62,0.88,-5.37
1695981003.96,0.93,-5.41
1695981007.15,0.98,-5.26
1695981008.96,1.19,-5.81
1695981010.54,1.37,-6.28
1695981012.28,1.61,-6.81
1695981014.12,1.61,-6.81
1695981016.06,1.51,-6.44
1695981018.05,1.45,-6.07
1695981020.21,1.36,-5.81
1695981022.30,1.23,-5.51
1695981024.22,1.06,-5.23
1695981026.09,1.14,-5.32
1695981027.89,1.33,-5.50
1695981029.63,1.47,-5.86
1695981031.20,1.57,-6.26
1695981034.44,1.70,-6.78
1695981036.15,1.79,-7.02
1695981037.90,1.65,-6.47
1695981040.34,1.59,-6.04
1695981042.68,1.54,-5.81
1695981044.85,1.45,-5.60
1695981046.95,1.36,-5.37
1695981049.32,1.25,-5.24
1695981051.40,1.28,-5.23
1695981053.34,1.46,-5.40
1695981055.35,1.61,-5.84
1695981058.51,1.76,-6.30
1695981060.47,2.04,-6.97
1695981062.15,2.12,-7.20
1695981063.99,2.03,-6.86
1695981065.73,1.97,-6.58
1695981067.55,1.92,-6.32
1695981070.21,1.82,-5.91
1695981072.38,1.69,-5.63
1695981074.71,1.50,-5.28
1695981076.98,1.65,-5.42
1695981078.83,1.68,-5.56
1695981080.80,1.71,-5.83
1695981084.02,1.85,-6.40
1695981085.89,1.95,-6.69
1695981087.80,2.30,-7.30
1695981089.87,2.18,-6.96
1695981092.22,2.11,-6.53
1695981094.83,2.05,-6.20
1695981097.09,1.90,-5.93
1695981099.40,1.69,-5.64
1695981101.33,1.65,-5.45
1695981103.18,1.81,-5.48
1695981105.17,1.92,-5.92
1695981106.81,2.02,-6.27
1695981109.88,2.14,-6.84
1695981111.55,2.12,-6.72
1695981113.17,2.37,-7.23
1695981115.80,1.86,-7.05
1695981117.54,1.93,-7.09
1695981119.16,2.31,-7.14
1695981120.93,2.04,-7.25
1695981122.70,1.86,-7.07
1695981125.96,1.99,-7.19
1695981128.04,2.20,-7.30
1695981130.22,1.86,-7.11
1695981131.97,1.99,-7.22
1695981133.72,2.33,-7.42
1695981135.70,2.65,-8.04
1695981139.15,2.82,-8.16
1695981141.19,2.58,-8.14
1695981143.10,2.43,-7.95
1695981145.04,2.53,-7.85
1695981146.71,2.73,-7.81
1695981148.39,2.78,-7.89
1695981150.09,2.94,-8.24
1695981153.58,2.87,-8.11
1695981156.50,2.74,-7.98
1695981158.44,2.48,-7.73
1695981160.56,2.20,-7.70
1695981162.74,1.76,-7.98
1695981164.44,1.32,-8.40
1695981166.21,1.20,-8.38
1695981169.70,1.08,-8.30
1695981171.61,0.83,-8.20
1695981173.44,0.92,-8.18
1695981176.45,1.07,-8.12
1695981177.68,0.78,-8.17
1695981179.93,0.53,-8.24
1695981182.94,0.78,-8.22
1695981183.96,0.73,-8.24
1695981185.78,0.74,-8.25
1695981189.00,0.75,-8.25
1695981190.78,0.81,-8.22
1695981193.12,1.13,-7.97
1695981194.84,1.34,-7.79
1695981196.75,1.54,-7.67
1695981199.43,1.76,-7.85
1695981201.75,2.03,-7.87
1695981203.54,2.35,-7.78
1695981205.36,2.59,-7.64
1695981207.82,2.31,-7.52
1695981209.88,2.12,-7.24
1695981211.94,1.97,-7.04
1695981214.36,1.68,-7.03
1695981216.44,1.41,-7.21
1695981218.52,1.17,-7.33
1695981220.30,0.96,-7.39
1695981222.30,0.79,-7.52
1695981224.03,0.79,-7.66
1695981227.78,0.88,-7.62
1695981230.18,1.17,-7.00
1695981232.43,1.56,-6.80
1695981234.44,2.09,-6.62
1695981236.26,2.89,-6.46
1695981238.11,2.71,-6.23
1695981240.05,2.44,-6.10
1695981242.06,2.04,-6.08
1695981244.14,1.67,-6.25
1695981246.25,1.40,-6.40
1695981248.23,1.56,-6.06
1695981250.32,1.75,-5.73
1695981252.20,1.78,-5.42
1695981254.08,1.83,-5.18
1695981257.47,2.04,-4.92
1695981259.65,2.10,-5.06
1695981262.16,2.20,-5.42
1695981264.51,2.73,-5.90
1695981266.53,2.78,-6.21
1695981268.82,3.09,-6.96
1695981270.85,3.43,-7.69
1695981272.76,3.39,-7.77
1695981274.76,3.15,-7.51
1695981276.91,3.02,-7.35
1695981278.81,3.08,-7.31
1695981281.03,3.09,-7.31
1695981283.23,3.10,-7.30
1695981285.18,3.11,-7.30
1695981289.42,3.13,-7.29
1695981291.18,3.13,-7.29
1695981293.27,3.14,-7.28
1695981295.15,3.35,-7.15
1695981297.38,3.55,-6.98
1695981299.39,3.79,-6.76
1695981301.90,3.97,-6.53
1695981304.52,4.06,-6.35
1695981307.00,4.16,-5.83
1695981309.14,3.84,-5.31
1695981311.36,3.57,-4.68
1695981313.28,3.59,-4.40
1695981317.69,3.33,-3.85
1695981319.92,3.10,-3.81
1695981322.20,3.15,-3.99
1695981324.23,3.30,-3.97
1695981326.41,3.40,-4.06
1695981329.92,3.41,-4.09
1695981331.79,3.49,-4.39
1695981333.73,3.81,-5.30
1695981335.67,3.99,-5.80
1695981337.57,4.18,-6.51
1695981340.02,4.05,-6.71
1695981342.03,3.99,-6.68
1695981344.23,3.99,-6.65
1695981346.48,4.32,-6.76
1695981348.72,3.86,-6.70
1695981352.45,3.77,-6.60
1695981354.79,3.74,-6.49
1695981357.01,3.76,-6.21
1695981359.56,4.04,-5.90
1695981363.99,4.19,-5.73
1695981366.32,4.19,-5.33
1695981368.76,4.48,-4.54
1695981370.69,4.68,-4.60
1695981373.29,4.61,-4.74
1695981375.46,4.36,-5.03
1695981377.46,4.67,-5.76
1695981379.41,4.65,-5.68
1695981381.28,4.57,-5.55
1695981383.20,4.55,-6.01
1695981385.32,4.56,-6.00
1695981387.23,4.68,-6.22
1695981389.06,4.83,-6.30
1695981391.04,4.55,-6.27
1695981393.45,4.43,-6.61
1695981395.49,4.31,-7.04
1695981397.56,4.28,-7.09
1695981399.51,4.35,-7.18
1695981401.29,4.58,-7.08
1695981403.23,4.53,-7.07
1695981405.10,4.68,-6.97
1695981408.73,4.61,-7.34
1695981410.77,4.64,-7.47
1695981412.61,4.79,-7.15
1695981414.72,4.61,-6.84
1695981417.05,4.56,-6.65
1695981419.08,5.05,-6.16
1695981421.05,5.49,-5.66
1695981423.15,5.30,-5.32
1695981425.54,5.24,-5.00
1695981427.99,5.17,-4.63
1695981430.50,5.08,-4.29
1695981432.81,4.88,-4.04
1695981435.43,4.63,-4.22
1695981438.32,4.38,-4.43
1695981440.40,4.33,-4.57
1695981442.48,4.50,-4.51
1695981444.68,4.59,-4.18
1695981448.43,5.02,-4.38
1695981451.34,5.20,-4.61
1695981453.50,4.98,-4.31
1695981455.73,4.79,-4.26
1695981457.72,5.32,-4.24
1695981459.65,5.52,-4.02
1695981463.65,5.88,-4.08
1695981466.08,5.77,-4.16
1695981470.69,5.28,-3.85
1695981472.90,5.35,-3.74
1695981475.20,5.40,-3.50
1695981477.51,5.55,-3.54
1695981481.32,5.48,-3.43
1695981483.95,4.78,-3.88
1695981486.02,4.65,-4.13
1695981488.10,4.46,-4.41
1695981490.48,5.02,-4.42
1695981493.28,5.59,-4.44
1695981495.55,6.32,-4.79
1695981497.95,6.48,-5.06
1695981500.78,6.01,-5.09
1695981503.16,6.39,-4.90
1695981505.30,6.52,-5.02
1695981509.50,6.02,-5.06
1695981511.56,6.04,-5.04
1695981514.44,6.04,-5.03
1695981516.45,6.05,-5.00
1695981518.34,6.05,-4.98
1695981520.28,6.05,-4.96
1695981522.17,6.06,-4.95
1695981524.02,6.07,-4.93
1695981526.00,6.07,-4.91
1695981527.89,6.07,-4.95
1695981529.74,6.08,-4.93
1695981531.66,6.08,-4.91
1695981533.54,6.07,-5.40
1695981535.46,6.08,-5.50
1695981537.42,6.08,-5.49
1695981539.31,6.08,-5.47
1695981541.11,6.08,-5.46
1695981543.11,6.08,-5.45
1695981545.04,6.07,-5.43
1695981547.08,6.08,-5.42
1695981549.09,6.07,-5.90
1695981551.06,5.76,-6.03
1695981554.72,5.75,-6.01
1695981556.61,5.92,-6.06
1695981558.60,6.33,-5.95
1695981560.45,6.72,-6.22
1695981562.52,6.49,-6.40
1695981564.81,6.35,-6.08
1695981567.17,6.29,-5.70
1695981569.62,6.09,-5.48
1695981571.85,6.57,-5.77
1695981574.32,6.87,-5.47
1695981578.04,7.18,-5.78
1695981580.81,6.97,-5.53
1695981583.03,6.89,-5.17
1695981585.24,6.84,-4.81
1695981587.64,6.78,-4.52
1695981589.81,6.69,-4.24
1695981591.92,6.62,-3.99
1695981593.94,6.66,-4.11
1695981595.94,6.83,-4.58
1695981599.61,6.93,-5.07
1695981601.53,7.11,-5.70
1695981603.63,7.09,-5.58
1695981605.75,6.85,-5.73
1695981607.72,6.55,-5.30
1695981609.79,6.61,-4.74
1695981611.84,6.74,-4.35
1695981613.95,6.44,-3.79
1695981616.24,6.15,-2.81
1695981618.25,5.92,-2.01
1695981620.22,5.81,-1.49
1695981622.41,5.76,-1.21
1695981625.08,5.65,-1.31
1695981627.44,5.46,-1.36
1695981629.79,5.42,-1.58
1695981631.94,5.39,-1.45
1695981634.05,5.01,-1.08
1695981636.41,5.00,-1.24
1695981640.40,5.10,-1.36
1695981642.59,5.10,-1.36
1695981644.83,5.10,-1.35
1695981647.02,5.10,-1.35
1695981649.76,5.10,-1.35
1695981651.93,5.10,-1.35
1695981654.23,5.02,-1.23
1695981656.39,4.94,-0.89
1695981658.77,5.07,-0.62
1695981661.56,5.22,-0.62
1695981663.56,5.00,0.15
1695981665.94,4.90,0.10
1695981668.51,4.92,-0.37
1695981671.67,5.24,-0.60
1695981674.32,5.22,-0.72
1695981676.82,5.18,-0.56
1695981679.03,5.18,-0.70
1695981683.00,5.35,-0.60
1695981685.09,5.20,-0.28
1695981687.36,4.80,0.05
1695981689.80,4.40,0.29
1695981692.50,4.33,0.25
1695981695.12,4.20,-0.29
1695981697.82,4.43,-0.81
1695981700.37,4.28,-0.92
1695981702.39,4.11,-0.80
1695981704.60,4.20,-0.64
1695981709.00,3.69,-0.00
1695981711.01,3.08,0.88
1695981713.74,2.79,0.78
1695981716.63,2.98,0.50
1695981719.61,3.22,-0.09
1695981721.95,3.37,-0.44
1695981724.42,3.52,-0.54
1695981726.49,3.45,-0.40
1695981730.75,3.59,-0.35
1695981732.77,4.58,-0.17
1695981734.73,4.45,-0.18
1695981736.77,4.32,-0.32
1695981738.84,4.32,-0.01
1695981741.11,4.33,0.55
1695981743.65,4.32,0.97
1695981745.60,4.10,1.69
1695981750.56,4.05,1.35
1695981753.17,4.34,0.92
1695981755.60,4.56,0.62
1695981757.89,4.39,0.71
1695981760.36,4.67,0.88
1695981764.08,4.61,0.86
1695981766.06,4.84,0.77
1695981768.28,5.16,0.59
1695981770.37,5.38,0.70
1695981772.69,5.80,0.71
1695981775.06,5.89,0.49
1695981777.14,5.72,-0.18
1695981779.77,4.93,-0.79
1695981782.40,4.25,-1.01
1695981785.49,3.14,-1.38
1695981788.31,2.22,-1.49
1695981790.51,1.58,-2.02
1695981792.99,1.20,-2.28
1695981796.00,1.24,-1.92
1695981798.28,1.41,-1.75
1695981800.25,1.51,-1.65
1695981803.26,1.59,-1.58
1695981804.33,2.12,-1.22
1695981808.56,2.67,-0.79
1695981811.00,3.93,-0.07
1695981813.42,4.77,0.34
1695981815.53,4.94,0.26
1695981817.66,4.79,0.33
1695981819.77,4.65,0.42
1695981821.98,4.57,0.48
1695981824.13,4.54,0.30
1695981826.29,4.49,-0.02
1695981828.36,4.08,0.46
1695981830.45,3.65,0.91
1695981833.00,3.08,1.37
1695981835.54,2.19,2.09
1695981837.95,1.94,1.90
1695981842.62,1.61,1.90
1695981844.92,1.56,1.29
1695981849.44,1.17,1.35
1695981851.44,1.28,1.41
1695981853.87,0.90,2.07
1695981856.05,0.71,2.17
1695981858.17,0.69,2.21
1695981860.58,0.63,2.11
1695981864.46,0.68,2.10
1695981866.59,0.53,2.31
1695981869.15,0.58,2.31
1695981872.11,0.52,2.04
1695981874.08,0.54,2.15
1695981876.27,0.40,2.18
1695981878.59,0.48,1.90
1695981880.71,0.43,2.11
1695981882.84,0.23,2.80
1695981885.28,-0.20,2.80
1695981887.58,-0.03,2.85
1695981890.30,-0.19,2.76
1695981894.43,-0.14,2.83
1695981896.63,-0.30,2.74
1695981899.03,-0.09,2.49
1695981901.10,-0.12,2.68
1695981903.16,-0.17,2.95
1695981905.21,-0.18,3.09
1695981907.36,-0.16,3.30
1695981909.55,-0.08,3.68
1695981911.89,0.08,4.06
1695981914.74,0.00,3.65
1695981917.63,0.00,3.15
1695981920.60,0.01,2.59
1695981923.44,-0.14,2.20
1695981925.99,-0.21,1.84
1695981928.28,-0.09,1.88
1695981930.50,-0.19,2.14
1695981934.65,-0.11,2.24
1695981937.35,-0.15,2.53
1695981940.15,-0.14,1.88
1695981942.22,-0.31,2.05
1695981944.42,-0.64,2.42
1695981946.78,-0.96,2.49
1695981949.56,-1.12,2.35
1695981952.29,-1.16,2.23
1695981954.38,-1.17,2.23
1695981958.58,-1.17,2.23
1695981961.12,-1.19,2.23
1695981963.39,-1.42,2.22
1695981965.55,-2.02,2.32
1695981970.61,-1.88,2.13
1695981974.29,-1.74,1.53
1695981977.14,-1.62,1.07
1695981979.57,-1.36,0.73
1695981982.01,-1.36,0.42
1695981984.06,-1.39,0.62
1695981986.21,-1.14,1.12
1695981988.32,-0.93,1.61
1695981992.57,-0.97,1.89
1695981994.82,-1.15,1.94
1695981997.13,-1.28,1.58
1695981999.51,-1.87,1.70
1695982002.11,-2.77,2.12
1695982005.13,-2.52,1.83
1695982008.08,-2.26,1.15
1695982010.55,-2.32,1.10
1695982012.81,-2.51,1.18
1695982015.12,-2.63,1.30
1695982019.82,-3.12,1.51
1695982023.12,-2.99,0.84
1695982025.45,-2.66,0.11
1695982027.73,-2.83,0.29
1695982032.91,-2.68,0.54
1695982035.14,-3.09,1.54
1695982037.37,-3.32,2.04
1695982039.92,-3.47,1.67
1695982042.12,-4.04,1.77
1695982044.31,-4.78,1.99
1695982047.09,-4.75,1.47
1695982050.20,-4.56,1.20
1695982052.76,-4.38,1.00
1695982055.11,-4.48,0.80
1695982057.69,-4.67,0.68
1695982062.06,-4.56,0.78
1695982064.27,-5.24,1.41
1695982066.85,-5.46,1.06
1695982069.95,-5.20,0.44
1695982072.50,-4.98,0.36
1695982074.77,-5.05,0.51
1695982076.94,-4.83,0.67
1695982079.04,-4.65,0.84
1695982081.26,-5.02,1.43
1695982083.54,-5.27,1.94
1695982085.80,-5.59,2.63
1695982088.22,-5.45,3.01
1695982091.08,-5.31,2.74
1695982094.33,-5.55,2.42
1695982097.75,-5.99,2.15
1695982100.38,-6.17,2.08
1695982102.66,-6.01,2.24
1695982104.99,-6.04,2.39
1695982109.55,-5.79,2.86
1695982112.73,-5.70,2.55
1695982115.71,-6.07,2.28
1695982118.40,-6.24,2.22
1695982120.76,-5.75,2.07
1695982122.98,-5.41,2.17
1695982125.51,-5.34,2.66
1695982127.82,-4.84,3.23
1695982130.38,-4.59,2.89
1695982133.18,-4.74,2.45
1695982135.49,-4.75,2.59
1695982139.94,-4.75,2.74
1695982142.81,-4.53,2.94
1695982145.97,-4.93,2.50
1695982148.72,-5.19,2.41
1695982150.99,-5.16,2.17
1695982153.66,-5.24,2.00
1695982158.11,-5.39,1.47
1695982160.45,-6.06,0.24
1695982162.92,-6.60,-0.55
1695982166.10,-7.00,-1.26
1695982169.06,-6.58,-1.41
1695982172.00,-6.24,-1.40
1695982174.33,-5.81,-1.14
1695982179.29,-5.02,-0.84
1695982181.75,-4.88,-0.22
1695982184.03,-5.03,-0.01
1695982186.28,-5.18,0.16
1695982189.07,-5.23,-0.13
1695982191.40,-5.03,-0.61
1695982193.64,-5.55,-1.14
1695982196.82,-6.39,-2.02
1695982199.19,-6.51,-2.17
1695982201.71,-6.71,-2.29
1695982204.40,-6.29,-2.16
1695982207.22,-5.83,-1.96
1695982210.12,-5.42,-1.68
1695982212.92,-5.08,-1.51
1695982215.58,-5.20,-1.69
1695982218.02,-5.83,-2.03
1695982222.88,-6.45,-2.38
1695982225.97,-6.77,-2.32
1695982229.55,-6.07,-2.16
1695982232.83,-5.63,-1.85
1695982235.75,-5.08,-1.60
1695982238.25,-5.20,-1.70
1695982240.70,-5.18,-1.89
1695982245.30,-5.75,-2.35
1695982247.71,-6.74,-3.32
1695982250.52,-6.48,-3.06
1695982253.23,-5.96,-2.95
1695982256.45,-5.51,-2.71
1695982259.60,-5.07,-2.41
1695982262.38,-4.91,-2.12
1695982265.52,-5.05,-1.88
1695982268.65,-5.22,-1.96
1695982273.41,-5.77,-2.28
1695982276.35,-6.41,-2.82
1695982278.81,-6.08,-2.64
1695982281.26,-5.83,-2.85
1695982283.62,-5.76,-2.54
1695982286.06,-5.15,-2.49
1695982288.63,-4.55,-2.58
1695982291.30,-3.80,-2.89
1695982293.82,-3.84,-2.90
1695982296.44,-3.90,-2.85
1695982298.94,-3.98,-2.53
1695982301.33,-4.14,-2.14
1695982303.86,-4.33,-2.80
1695982306.70,-4.09,-2.47
1695982309.36,-3.67,-3.03
1695982311.85,-3.51,-3.49
1695982314.27,-3.49,-3.74
1695982316.69,-3.51,-4.25
1695982321.63,-3.65,-3.56
1695982324.68,-3.56,-3.32
1695982327.13,-3.82,-3.91
1695982329.60,-4.14,-4.78
1695982332.36,-4.03,-4.90
1695982336.23,-3.46,-4.39
1695982339.02,-3.61,-4.08
1695982341.83,-3.40,-3.85
1695982344.30,-2.96,-3.99
1695982346.91,-2.49,-3.99
1695982351.87,-2.03,-3.99
1695982354.76,-1.74,-4.23
1695982357.45,-1.94,-5.05
1695982360.00,-2.15,-5.76
1695982362.58,-2.44,-6.55
1695982365.08,-2.90,-7.06
1695982367.78,-2.53,-7.32
1695982370.59,-2.14,-7.02
1695982373.32,-2.09,-6.51
1695982375.69,-2.32,-6.69
1695982378.20,-2.53,-6.46
1695982383.22,-2.65,-6.13
1695982385.91,-3.16,-7.30
1695982388.66,-2.77,-7.58
1695982392.22,-2.37,-7.29
1695982395.40,-2.24,-7.15
1695982398.17,-2.42,-7.18
1695982402.88,-2.56,-6.92
1695982405.53,-2.69,-7.41
1695982408.18,-3.35,-7.64
1695982410.91,-3.65,-8.00
1695982413.77,-2.90,-7.96
1695982416.64,-2.43,-7.71
1695982419.57,-2.26,-7.29
1695982422.09,-2.39,-6.99
1695982427.89,-2.55,-6.60
1695982430.07,-2.83,-6.57
1695982433.72,-3.07,-6.98
1695982436.62,-2.90,-7.92
1695982439.45,-2.89,-8.82
1695982442.76,-2.08,-8.57
1695982445.82,-1.60,-8.27
1695982448.60,-1.74,-8.42
1695982451.64,-2.06,-8.62
1695982454.44,-2.43,-9.13
1695982462.09,-1.76,-8.57
1695982464.68,-1.94,-8.65
1695982467.36,-2.25,-8.82
1695982470.29,-2.27,-8.98
1695982473.49,-1.71,-8.75
1695982476.39,-1.48,-8.48
1695982478.88,-0.80,-8.75
1695982481.55,-0.74,-8.73
1695982487.18,-0.89,-8.69
1695982490.06,-0.64,-8.89
1695982493.07,-0.84,-8.53
1695982495.66,-0.98,-8.76
1695982498.23,-1.30,-8.91
1695982500.72,-2.09,-9.01
1695982503.19,-1.82,-8.86
1695982505.82,-1.70,-8.74
1695982508.53,-2.45,-8.94
1695982510.99,-2.62,-8.60
1695982513.40,-2.62,-8.61
1695982515.91,-3.30,-8.74
1695982519.09,-3.00,-8.68
1695982521.95,-2.57,-8.46
1695982524.87,-2.09,-8.27
1695982528.03,-1.86,-8.39
1695982530.69,-1.99,-8.18
1695982535.88,-2.19,-7.71
1695982538.44,-2.17,-7.69
1695982541.28,-2.05,-7.90
1695982543.96,-2.03,-8.02
1695982546.97,-2.20,-8.50
1695982550.27,-3.05,-8.92
1695982552.99,-3.19,-8.86
1695982556.28,-3.12,-8.70
1695982559.07,-4.34,-8.55
1695982561.65,-4.54,-8.50
1695982564.83,-4.21,-8.24
1695982567.80,-3.99,-8.38
1695982571.79,-3.38,-8.46
1695982574.57,-3.56,-8.17
1695982577.60,-3.82,-8.06
1695982580.42,-4.24,-8.29
1695982587.34,-3.85,-8.24
1695982590.34,-3.35,-8.03
1695982594.28,-2.67,-7.95
1695982597.62,-2.06,-8.04
1695982600.36,-2.30,-7.72
1695982603.07,-2.34,-7.85
1695982608.38,-2.13,-8.03
1695982611.06,-3.13,-8.18
1695982614.21,-4.78,-8.60
1695982617.24,-4.03,-8.75
1695982620.11,-3.45,-8.49
1695982623.05,-3.00,-8.31
1695982625.57,-2.73,-8.29
1695982628.35,-2.60,-8.48
1695982633.93,-2.74,-8.41
1695982636.56,-3.74,-8.85
1695982639.19,-4.59,-9.14
1695982642.17,-4.15,-8.84
1695982645.13,-3.74,-8.68
1695982648.12,-3.50,-9.11
1695982651.10,-3.16,-9.12
1695982654.06,-3.18,-9.01
1695982656.62,-3.38,-8.58
1695982661.74,-3.60,-8.30
1695982664.82,-3.44,-8.62
1695982667.67,-4.48,-8.91
1695982670.45,-5.00,-8.92
1695982673.78,-4.73,-8.58
1695982676.75,-4.54,-8.88
1695982679.85,-4.20,-9.12
1695982682.89,-4.03,-9.08
1695982686.16,-4.25,-8.94
1695982691.67,-4.16,-9.08
1695982694.51,-4.53,-9.59
1695982697.62,-5.20,-9.60
1695982700.39,-5.89,-9.61
1695982703.20,-5.62,-9.27
1695982706.23,-5.26,-9.35
1695982709.22,-4.99,-9.33
1695982711.89,-5.22,-8.96
1695982714.61,-5.46,-8.89
1695982720.61,-5.77,-9.12
1695982727.00,-5.00,-8.55
1695982730.05,-5.24,-8.04
1695982735.93,-5.33,-8.21
1695982738.75,-5.86,-8.41
1695982748.17,-5.50,-8.35
1695982751.24,-4.47,-7.30
1695982754.18,-4.69,-7.10
1695982760.62,-4.20,-6.86
1695982763.72,-4.01,-6.49
1695982766.43,-4.24,-6.06
1695982769.17,-4.42,-5.74
1695982777.58,-4.67,-5.68
1695982778.52,-5.16,-5.93
1695982781.66,-5.58,-5.61
1695982784.63,-4.64,-5.24
1695982787.73,-4.89,-5.05
1695982793.14,-5.05,-5.32
1695982799.51,-5.66,-5.70
1695982799.88,-5.08,-5.31
1695982803.10,-4.40,-5.03
1695982806.17,-4.13,-4.91
1695982808.98,-4.36,-4.41
1695982812.24,-4.59,-3.99
1695982817.77,-4.62,-4.36
1695982820.99,-5.53,-4.92
1695982823.90,-6.29,-5.47
1695982827.20,-6.73,-5.54
1695982829.98,-6.60,-5.44
1695982832.68,-6.67,-6.07
1695982836.18,-6.05,-5.91
1695982839.96,-5.52,-5.61
1695982843.15,-4.87,-5.48
1695982847.00,-4.35,-5.27
1695982851.24,-4.41,-4.73
1695982854.30,-4.59,-4.13
1695982860.07,-4.80,-3.77
1695982863.01,-5.42,-4.22
1695982866.31,-6.17,-4.85
1695982869.30,-6.79,-5.17
1695982872.12,-6.36,-4.98
1695982875.13,-5.85,-4.91
1695982881.13,-6.90,-5.01
1695982881.42,-6.60,-4.90
1695982887.62,-6.06,-4.64
1695982889.19,-5.69,-5.10
1695982892.56,-5.49,-5.65
1695982895.95,-5.38,-5.59
1695982898.68,-5.50,-4.94
1695982903.94,-5.59,-4.44
1695982906.77,-5.56,-4.50
1695982909.74,-5.17,-4.57
1695982912.84,-5.18,-4.84
1695982916.02,-5.94,-5.42
1695982919.34,-5.95,-5.19
1695982922.66,-5.65,-5.25
1695982925.83,-6.10,-5.58
1695982928.85,-6.59,-6.34
1695982931.89,-7.17,-7.26
1695982935.28,-6.31,-7.11
1695982938.81,-5.83,-6.87
1695982942.06,-5.55,-6.34
1695982944.91,-5.81,-5.85
1695982950.72,-6.03,-5.54
1695982953.72,-6.19,-5.85
1695982956.64,-6.94,-6.28
1695982959.52,-7.53,-6.77
1695982963.05,-7.47,-6.74
1695982966.88,-6.93,-6.24
1695982970.45,-6.17,-6.12
1695982973.74,-6.35,-5.59
1695982976.66,-6.56,-5.27
1695982982.38,-6.86,-5.36
1695982985.67,-6.94,-5.51
1695982991.90,-7.45,-6.75
1695982991.94,-7.36,-7.02
1695982995.40,-7.64,-6.94
1695982999.00,-7.22,-6.50
1695983002.23,-6.61,-6.22
1695983005.32,-6.27,-6.05
1695983008.35,-6.45,-5.70
1695983013.67,-6.68,-5.63
1695983016.43,-7.58,-5.90
1695983019.35,-7.82,-5.91
1695983022.99,-7.45,-5.87
1695983027.20,-6.86,-5.75
1695983031.44,-6.27,-5.58
1695983034.77,-5.78,-5.56
1695983037.71,-5.98,-5.19
1695983040.83,-6.13,-5.20
1695983046.57,-5.84,-5.36
1695983049.78,-7.01,-5.64
1695983052.72,-7.20,-5.58
1695983055.70,-7.79,-5.68
1695983058.78,-8.37,-5.68
1695983061.62,-8.97,-5.71
1695983065.00,-8.77,-5.52
1695983068.38,-8.21,-5.51
1695983071.60,-7.75,-5.55
1695983074.50,-7.93,-5.06
1695983080.32,-8.36,-4.97
1695983084.21,-8.93,-5.23
1695983087.95,-8.41,-4.82
1695983091.27,-7.95,-4.69
1695983094.29,-8.11,-4.16
1695983099.91,-8.36,-3.86
1695983102.92,-8.53,-4.05
1695983106.58,-8.14,-3.46
1695983109.70,-7.50,-3.34
1695983113.24,-7.64,-2.60
1695983118.68,-7.78,-2.35
1695983121.76,-8.00,-2.42
1695983124.78,-8.81,-3.23
1695983128.13,-8.29,-3.03
1695983131.69,-7.63,-2.99
1695983138.58,-7.00,-2.89
1695983139.29,-6.23,-2.84
1695983143.51,-5.60,-2.68
1695983150.16,-5.26,-2.36
1695983150.38,-5.33,-2.09
1695983153.29,-5.52,-2.14
1695983160.17,-6.44,-2.42
1695983163.31,-7.27,-2.38
1695983166.39,-7.60,-2.20
1695983173.16,-7.29,-1.93
1695983174.77,-6.69,-1.69
1695983177.65,-6.86,-1.74
1695983184.12,-7.21,-2.04
1695983187.70,-6.92,-1.69
1695983191.01,-6.62,-1.49
1695983193.96,-6.82,-0.57
1695983200.03,-6.63,-0.55
1695983203.06,-6.73,-0.53
1695983206.06,-7.16,-0.38
1695983211.87,-7.18,-0.19
1695983215.10,-6.95,0.03
1695983218.05,-7.29,0.22
1695983220.99,-6.87,0.01
1695983223.93,-6.99,-0.17
1695983226.85,-8.20,-0.42
1695983229.73,-8.81,-0.77
1695983233.24,-8.45,-0.33
1695983236.83,-8.06,-0.16
1695983239.84,-8.14,0.21
1695983242.97,-8.28,0.17
1695983249.33,-8.26,-0.08
1695983253.27,-8.66,-0.17
1695983257.96,-8.20,0.32
1695983262.09,-7.83,0.41
1695983265.13,-8.14,0.25
1695983268.17,-9.02,0.45
1695983275.43,-8.82,1.23
1695983279.78,-8.85,1.57
1695983283.09,-8.48,1.58
1695983285.97,-8.12,1.88
1695983289.17,-7.77,2.42
1695983292.55,-7.77,2.13
1695983295.94,-7.67,2.58
1695983298.96,-7.53,2.38
1695983305.07,-7.69,2.57
1695983308.18,-7.33,2.84
1695983311.35,-6.89,3.60
1695983314.86,-7.06,3.28
1695983321.37,-7.11,3.28
1695983321.96,-7.24,3.25
1695983327.82,-7.25,3.27
1695983331.10,-7.25,3.27
1695983334.10,-6.16,2.27
1695983337.18,-5.86,2.17
1695983340.54,-5.51,2.37
1695983343.83,-5.83,2.62
1695983347.07,-5.05,3.65
1695983350.31,-4.74,4.05
1695983353.70,-4.88,3.48
1695983357.11,-5.07,3.43
1695983360.66,-5.09,3.74
1695983368.06,-4.68,3.61
1695983371.22,-5.04,3.54
1695983374.16,-4.44,3.91
1695983377.25,-3.75,4.04
1695983380.59,-3.83,3.57
1695983383.56,-3.71,3.95
1695983390.74,-3.63,3.90
1695983393.76,-3.72,3.31
1695983397.15,-4.03,3.66
1695983400.41,-3.34,4.04
1695983403.94,-3.10,4.18
1695983407.30,-3.73,4.06
1695983410.73,-4.45,4.00
1695983414.32,-5.04,3.84
1695983418.04,-4.79,3.82
1695983421.49,-3.81,3.87
1695983427.85,-2.65,4.05
1695983430.98,-2.79,3.55
1695983434.19,-2.61,3.63
1695983437.48,-2.85,3.82
1695983440.70,-2.73,4.41
1695983444.81,-2.93,3.92
1695983448.84,-3.66,3.79
1695983452.62,-4.20,3.41
1695983455.69,-3.87,3.62
1695983462.48,-3.21,4.29
1695983466.46,-3.91,4.19
1695983470.46,-4.74,4.11
1695983474.54,-5.29,3.96
1695983477.65,-5.20,3.91
1695983480.66,-5.42,4.15
1695983487.35,-5.93,3.98
1695983490.89,-6.39,3.71
1695983494.05,-6.78,3.68
1695983497.23,-6.72,3.32
1695983503.79,-6.49,2.93
1695983507.40,-5.92,2.31
1695983511.00,-6.57,2.23
1695983514.35,-6.75,2.48
1695983517.64,-7.45,2.61
1695983520.86,-8.47,2.73
1695983524.37,-8.39,2.67
1695983527.81,-7.90,2.66
1695983534.63,-7.37,2.47
1695983535.34,-6.83,2.39
1695983538.76,-6.98,2.64
1695983544.88,-6.92,2.87
1695983548.17,-7.66,2.78
1695983552.12,-7.09,3.08
1695983555.40,-6.93,3.81
1695983559.21,-6.67,4.18
1695983562.87,-6.47,3.50
1695983566.43,-6.66,3.32
1695983569.56,-6.80,3.52
1695983575.52,-6.86,3.46
1695983578.72,-5.74,2.76
1695983581.97,-5.96,2.93
1695983585.57,-6.24,3.16
1695983588.94,-6.37,3.66
1695983592.57,-6.55,4.64
1695983595.76,-6.26,5.06
1695983599.45,-6.64,4.79
1695983603.24,-7.10,4.67
1695983608.49,-7.34,4.34
1695983611.58,-6.90,4.60
1695983614.74,-6.48,4.74
1695983622.03,-6.15,4.64
1695983625.26,-6.57,4.40
1695983628.54,-6.77,3.88
1695983632.45,-6.84,3.17
1695983636.30,-6.42,2.95
1695983639.78,-6.25,2.64
1695983646.07,-6.26,2.64
1695983649.40,-6.27,2.62
1695983652.66,-6.28,2.62
1695983656.05,-6.14,2.81
1695983659.58,-6.23,3.04
1695983663.44,-6.31,3.31
1695983667.32,-7.16,4.15
1695983671.34,-7.42,4.84
1695983675.30,-7.06,4.65
1695983679.17,-7.05,4.46
1695983683.13,-6.95,3.90
1695983686.71,-6.89,3.91
1695983690.13,-6.89,3.90
1695983696.96,-6.86,3.91
1695983700.79,-6.91,3.93
1695983704.22,-7.42,4.16
1695983707.38,-7.84,4.62
1695983710.67,-8.91,4.52
1695983714.44,-9.43,4.21
1695983718.71,-8.99,4.08
1695983722.48,-8.23,3.51
1695983729.71,-8.32,3.64
1695983733.08,-8.26,3.87
1695983737.02,-7.95,4.54
1695983740.55,-7.85,4.47
1695983744.53,-8.13,4.46
1695983748.58,-7.88,4.83
1695983755.50,-8.41,4.44
1695983758.98,-8.78,4.65
1695983763.44,-9.21,4.86
1695983767.19,-8.96,5.84
1695983770.76,-8.63,5.91
1695983774.86,-9.00,5.69
1695983778.31,-9.38,5.86
1695983785.51,-8.98,5.99
1695983788.87,-9.09,6.18
1695983792.22,-8.21,6.15
1695983796.03,-7.69,5.54
1695983799.69,-6.63,4.75
1695983803.64,-6.73,4.84
1695983807.44,-7.27,4.86
1695983811.46,-7.00,5.35
1695983814.94,-6.70,5.77
1695983818.77,-6.84,5.11
1695983823.39,-7.12,4.91
1695983827.07,-6.95,5.58
1695983833.94,-6.70,5.75
1695983837.46,-7.22,5.40
1695983840.81,-7.48,5.96
1695983844.44,-7.51,6.06
1695983849.01,-7.83,5.48
1695983853.50,-8.36,5.55
1695983860.97,-7.92,6.30
1695983865.01,-8.37,6.06
1695983868.52,-8.13,5.93
1695983872.33,-7.74,5.57
1695983876.10,-6.38,4.83
1695983879.87,-6.36,4.54
1695983883.13,-6.26,4.49
1695983886.83,-6.02,4.55
1695983890.37,-5.68,4.76
1695983894.08,-6.08,5.54
1695983898.04,-5.92,5.92
1695983902.16,-6.15,5.15
1695983908.95,-6.34,5.14
1695983913.10,-6.64,5.61
1695983916.54,-7.20,5.70
1695983919.85,-8.01,6.20
1695983923.25,-8.61,6.82
1695983927.40,-8.53,7.31
1695983930.83,-8.41,7.17
1695983934.69,-8.27,7.76
1695983938.43,-8.57,7.91
1695983941.79,-8.69,7.33
1695983945.45,-8.69,7.53
1695983949.00,-8.75,8.40
1695983952.82,-8.25,9.26
1695983959.47,-8.17,9.13
1695983962.78,-8.40,9.12
1695983966.48,-9.07,8.93
1695983970.75,-9.42,8.23
1695983975.30,-9.77,8.48
1695983979.05,-9.22,8.61
1695983982.64,-8.51,8.89
1695983986.28,-9.19,8.74
1695983989.96,-9.64,8.45
1695983993.70,-9.28,8.56
1695983996.92,-8.95,8.73
1695984004.77,-9.32,8.56
1695984008.24,-9.37,8.57
1695984012.92,-9.02,8.81
1695984018.39,-9.19,8.76
1695984022.51,-9.21,8.96
1695984026.37,-8.94,9.14
1695984033.90,-9.14,9.15
1695984037.73,-8.88,9.19
1695984041.52,-9.41,8.39
1695984045.94,-9.00,7.21
1695984050.36,-8.44,6.46
1695984057.37,-8.39,6.43
1695984061.39,-8.60,6.62
1695984065.49,-8.94,7.05
1695984069.00,-9.17,8.20
1695984073.49,-9.11,9.00
1695984077.89,-9.59,8.62
1695984082.19,-10.27,8.24
1695984085.71,-10.28,8.61
1695984089.17,-9.61,8.96
1695984094.41,-9.89,8.73
1695984102.25,-10.25,8.73
1695984105.82,-9.83,8.88
1695984112.23,-10.08,8.48
1695984113.76,-9.57,7.62
1695984118.00,-9.37,6.92
1695984123.11,-8.92,6.68
1695984126.65,-9.17,7.34
1695984134.07,-9.94,8.47
1695984138.45,-9.82,8.68
1695984142.11,-8.81,9.38
1695984145.87,-9.30,9.05
1695984150.19,-9.52,8.16
1695984153.85,-9.33,7.12
1695984157.47,-9.79,6.44
1695984161.12,-9.57,6.08
1695984165.38,-8.93,6.35
1695984169.63,-8.35,6.00
1695984173.59,-8.20,5.90
1695984178.10,-8.49,6.32
1695984185.73,-9.12,7.26
1695984190.21,-9.36,8.02
1695984194.73,-9.47,8.01
1695984199.32,-9.41,7.31
1695984203.02,-8.89,5.85
1695984206.59,-8.97,5.56
1695984211.08,-9.08,5.74
1695984215.44,-9.68,5.83
1695984219.19,-9.78,6.04
1695984223.09,-10.06,6.16
1695984226.57,-10.42,6.17
1695984230.79,-10.51,6.45
1695984237.88,-10.12,6.65
1695984241.72,-9.79,6.40
1695984246.32,-10.10,7.18
1695984250.64,-9.74,7.03
1695984254.49,-9.79,6.81
1695984261.93,-9.93,7.59
1695984266.50,-9.87,6.65
1695984271.56,-9.80,7.28
1695984276.97,-9.06,5.91
1695984280.82,-7.86,4.91
1695984291.04,-6.77,3.93
1695984292.35,-4.65,2.73
1695984296.15,-4.77,2.98
1695984300.17,-5.69,3.62
1695984303.82,-5.90,4.06
1695984307.67,-6.20,4.85
1695984311.39,-6.58,5.05
1695984314.81,-6.82,5.04
1695984318.39,-7.81,4.93
1695984321.89,-8.30,5.41
1695984325.74,-8.70,6.64
1695984329.61,-9.18,7.75
1695984337.11,-9.33,7.36
1695984341.22,-9.73,8.52
1695984345.65,-9.54,9.47
1695984349.29,-9.42,9.39
1695984353.04,-8.68,9.60
1695984357.53,-8.69,9.51
1695984361.55,-9.02,9.17
1695984365.45,-9.43,8.27
1695984369.47,-9.29,7.29
1695984373.52,-8.98,7.19
1695984377.68,-9.18,7.38
1695984384.72,-7.90,7.71
1695984388.85,-7.99,7.70
1695984393.91,-8.40,6.70
1695984397.72,-7.81,5.88
1695984402.56,-8.24,6.38
1695984406.26,-8.70,6.64
1695984410.05,-9.13,7.05
1695984414.22,-9.24,7.78
1695984417.79,-9.26,8.20
1695984421.48,-9.48,8.16
1695984425.46,-9.39,7.46
1695984429.50,-9.17,7.37
1695984436.49,-9.06,7.18
1695984443.20,-8.86,7.10
1695984445.37,-8.71,6.99
1695984450.36,-9.17,7.14
1695984454.21,-9.79,8.63
1695984458.20,-9.72,9.32
1695984462.53,-8.98,10.12
1695984466.43,-8.35,10.49
1695984470.08,-7.90,10.50
1695984474.07,-7.18,10.33
1695984477.82,-7.25,9.90
1695984481.52,-7.03,9.61
1695984489.18,-7.04,9.60
1695984493.83,-6.81,9.11
1695984498.63,-6.89,9.42
1695984502.44,-7.93,10.36
1695984506.28,-8.68,10.25
1695984510.40,-9.85,9.93
1695984514.12,-10.16,9.41
1695984518.04,-10.06,8.54
1695984522.67,-9.69,6.96
1695984526.66,-9.41,6.10
1695984530.66,-8.39,5.30
1695984538.59,-7.15,4.35
1695984544.01,-6.23,4.43
1695984548.47,-6.60,4.71
1695984553.11,-7.86,5.08
1695984557.19,-9.19,5.62
1695984561.86,-9.16,6.14
1695984565.97,-8.82,7.18
1695984569.87,-9.04,7.66
1695984574.28,-8.93,9.04
1695984578.59,-8.26,9.59
1695984582.78,-7.58,10.17
1695984590.39,-7.25,10.27
1695984595.54,-7.01,9.83
1695984600.09,-7.06,9.88
1695984608.08,-6.45,9.42
1695984612.97,-6.44,9.31
1695984619.13,-7.48,10.37
1695984623.81,-8.30,10.27
1695984628.40,-9.04,10.14
1695984632.93,-10.06,10.05
1695984637.46,-10.78,9.87
1695984641.45,-10.88,9.44
1695984646.05,-10.15,8.56
1695984649.91,-9.76,7.56
1695984658.34,-9.13,6.13
1695984663.46,-8.48,5.55
1695984671.23,-5.47,2.94
1695984673.24,-3.85,2.02
1695984677.62,-2.33,1.09
1695984682.60,-1.26,0.44
1695984687.11,-1.90,0.30
1695984691.55,-1.38,0.31
1695984696.60,-0.75,-0.12
1695984705.32,-0.63,-0.12
1695984710.91,-0.63,0.10
1695984715.89,0.15,0.93
1695984720.17,0.54,1.40
1695984724.97,1.40,2.30
1695984730.23,1.07,1.34
1695984734.80,1.54,1.36
1695984748.50,1.12,2.29
1695984756.81,0.97,0.90
