1695985123.90,1.26,0.55
1695985126.02,1.13,0.49
1695985127.86,1.05,0.35
1695985129.17,1.02,0.19
1695985130.39,0.85,0.03
1695985131.75,0.69,-0.12
1695985133.05,0.58,-0.28
1695985134.32,0.71,-0.18
1695985135.59,0.82,-0.23
1695985136.81,0.87,-0.25
1695985138.06,0.95,-0.15
1695985139.35,0.97,0.28
1695985140.62,0.96,0.72
1695985141.86,0.96,1.14
1695985143.19,1.06,1.45
1695985144.40,1.16,1.84
1695985145.75,1.27,1.61
1695985147.05,1.32,1.46
1695985148.20,1.19,1.42
1695985149.60,1.44,1.69
1695985150.79,1.47,1.49
1695985152.11,1.38,1.62
1695985153.32,1.21,1.75
1695985154.57,1.28,2.17
1695985155.85,1.42,2.67
1695985157.18,1.43,2.90
1695985158.46,1.40,2.69
1695985159.91,1.40,2.47
1695985161.36,1.39,2.26
1695985162.62,1.41,2.01
1695985164.18,1.43,1.78
1695985165.61,1.42,1.56
1695985167.25,1.38,1.33
1695985168.32,1.30,1.09
1695985169.68,1.22,0.83
1695985171.07,1.37,0.81
1695985172.33,1.31,0.60
1695985173.65,1.08,0.53
1695985174.93,0.68,0.62
1695985176.22,0.44,0.54
1695985177.58,0.11,0.30
1695985178.92,-0.14,0.09
1695985180.24,-0.02,-0.20
1695985181.59,-0.08,-0.21
1695985182.98,-0.03,-0.37
1695985184.24,0.09,-0.60
1695985185.47,0.17,-0.68
1695985186.87,0.22,-0.87
1695985188.27,0.32,-1.05
1695985189.58,0.45,-1.19
1695985190.80,0.58,-1.21
1695985192.17,0.70,-1.17
1695985193.46,0.81,-1.06
1695985194.79,0.90,-0.97
1695985196.10,1.37,-0.69
1695985197.36,1.77,-0.42
1695985198.64,1.98,-0.22
1695985199.95,1.87,-0.28
1695985201.20,1.74,-0.38
1695985202.57,1.52,-0.47
1695985203.98,1.30,-0.56
1695985205.31,1.20,-0.76
1695985206.53,1.02,-0.86
1695985207.82,0.84,-0.94
1695985209.18,0.72,-0.83
1695985210.41,0.64,-0.74
1695985211.69,0.72,-0.77
1695985212.97,0.83,-0.91
1695985214.35,0.97,-0.94
1695985215.65,1.15,-0.84
1695985217.00,1.33,-0.74
1695985218.27,1.54,-0.67
1695985219.86,1.68,-0.57
1695985220.80,1.61,-0.50
1695985222.13,1.41,-0.38
1695985223.53,1.03,-0.37
1695985224.79,0.86,0.00
1695985226.06,0.63,0.22
1695985227.09,0.50,0.16
1695985228.38,0.19,0.40
1695985229.64,0.11,0.15
1695985230.89,-0.37,0.27
1695985232.20,-0.49,-0.01
1695985233.46,-0.76,0.00
1695985234.72,-0.98,-0.07
1695985235.97,-1.21,-0.02
1695985237.15,-1.13,0.10
1695985238.41,-1.00,0.04
1695985239.66,-0.88,-0.08
1695985240.84,-0.84,-0.19
1695985242.12,-0.84,-0.19
1695985243.36,-0.84,-0.19
1695985244.70,-0.84,-0.20
1695985245.91,-0.84,-0.20
1695985247.18,-0.84,-0.20
1695985248.42,-0.85,0.09
1695985249.72,-0.87,0.50
1695985251.01,-0.85,0.74
1695985252.22,-0.81,0.94
1695985253.44,-0.75,1.10
1695985254.67,-0.67,1.30
1695985255.88,-0.52,1.76
1695985257.16,-0.40,2.19
1695985258.42,-0.29,2.56
1695985259.66,-0.15,3.02
1695985260.97,-0.02,3.45
1695985262.24,0.13,3.86
1695985263.55,0.30,4.07
1695985264.94,0.22,3.98
1695985266.22,0.18,3.80
1695985267.50,0.18,3.56
1695985268.82,0.17,3.34
1695985270.07,0.17,3.10
1695985271.36,0.19,2.84
1695985272.70,0.18,2.61
1695985273.92,0.12,2.41
1695985275.18,0.04,2.22
1695985276.39,0.01,2.05
1695985277.75,0.16,1.96
1695985279.08,0.21,1.95
1695985280.39,0.16,2.15
1695985281.62,0.07,2.15
1695985282.73,-0.09,2.44
1695985284.08,-0.31,2.60
1695985285.28,-0.60,3.03
1695985286.54,-0.59,3.05
1695985287.82,-0.58,2.84
1695985289.10,-0.75,3.02
1695985290.33,-0.68,2.93
1695985291.53,-0.69,2.71
1695985292.75,-0.86,3.01
1695985294.00,-0.75,2.79
1695985295.30,-0.73,2.65
1695985296.62,-0.77,2.83
1695985297.86,-0.80,3.05
1695985299.21,-0.79,2.98
1695985300.44,-0.81,3.27
1695985301.78,-0.78,3.31
1695985303.04,-0.76,3.44
1695985304.31,-0.72,3.66
1695985305.53,-0.64,4.15
1695985306.79,-0.56,4.35
1695985308.15,-0.41,4.82
1695985309.47,-0.24,4.99
1695985310.74,-0.09,5.10
1695985312.04,-0.02,4.80
1695985313.23,-0.02,4.79
1695985314.55,0.29,4.99
1695985315.79,0.16,4.85
1695985317.05,0.09,4.83
1695985318.37,0.08,4.82
1695985319.61,0.07,4.82
1695985320.92,0.11,4.83
1695985322.16,0.06,4.84
1695985323.56,0.03,4.80
1695985324.77,0.16,4.83
1695985325.97,0.11,4.79
1695985327.25,-0.01,4.54
1695985328.48,0.16,4.26
1695985329.78,0.57,3.97
1695985331.04,1.01,3.71
1695985332.25,1.45,3.49
1695985333.51,1.93,3.21
1695985334.79,2.16,2.94
1695985336.01,2.54,2.61
1695985337.34,2.92,2.26
1695985338.52,3.11,1.92
1695985339.74,3.47,1.57
1695985341.05,3.79,1.15
1695985342.26,4.11,0.76
1695985343.62,4.26,0.76
1695985344.87,4.30,0.79
1695985346.17,4.32,0.92
1695985347.52,4.24,0.98
1695985348.79,4.06,0.90
1695985350.12,3.90,0.76
1695985352.01,3.82,0.75
1695985352.61,3.75,0.60
1695985353.85,3.64,0.42
1695985355.10,3.57,0.15
1695985356.37,3.04,0.25
1695985357.71,2.53,0.35
1695985358.93,2.14,0.36
1695985360.19,2.15,0.21
1695985361.47,1.59,0.18
1695985362.84,1.58,-0.16
1695985364.00,1.72,-0.41
1695985365.41,1.60,-0.48
1695985366.65,1.40,-0.43
1695985367.99,1.24,-0.48
1695985369.51,1.14,-0.62
1695985370.65,1.06,-0.69
1695985372.03,0.95,-0.58
1695985373.44,0.98,-0.44
1695985374.79,0.83,-0.60
1695985376.15,0.86,-1.04
1695985377.36,0.96,-1.18
1695985378.66,1.08,-1.27
1695985379.91,1.14,-1.31
1695985381.21,1.27,-1.38
1695985382.44,1.41,-1.34
1695985383.73,1.62,-1.26
1695985385.07,2.02,-1.31
1695985386.32,2.33,-1.29
1695985387.52,2.84,-1.30
1695985388.80,3.37,-1.30
1695985389.96,3.88,-1.26
1695985391.19,3.96,-1.17
1695985392.36,3.96,-1.00
1695985393.63,3.86,-0.88
1695985394.93,3.52,-0.82
1695985396.15,3.18,-0.93
1695985397.51,2.98,-1.05
1695985398.90,2.89,-1.31
1695985400.16,2.82,-1.49
1695985401.44,2.87,-1.56
1695985402.73,2.94,-1.65
1695985404.09,3.02,-1.73
1695985405.28,3.10,-1.83
1695985406.52,3.15,-1.79
1695985407.79,3.21,-1.66
1695985409.15,3.30,-1.50
1695985410.36,3.35,-1.35
1695985411.68,3.60,-1.25
1695985412.93,4.05,-1.17
1695985414.12,4.34,-1.08
1695985415.42,4.64,-0.96
1695985416.69,5.15,-0.73
1695985417.88,5.44,-0.52
1695985419.19,5.66,-0.35
1695985420.54,5.62,-0.25
1695985421.79,5.52,-0.25
1695985423.05,5.53,-0.27
1695985424.28,5.53,-0.27
1695985425.51,5.50,-0.26
1695985426.78,5.44,-0.30
1695985428.03,5.42,-0.46
1695985429.29,5.42,-0.54
1695985430.48,5.38,-0.36
1695985431.83,5.30,-0.09
1695985433.07,5.16,0.36
1695985434.37,5.01,0.84
1695985435.59,4.86,1.11
1695985436.95,4.72,1.49
1695985438.22,4.93,1.46
1695985439.56,4.98,1.28
1695985440.88,5.06,1.10
1695985442.21,5.17,0.96
1695985443.38,5.32,0.74
1695985444.74,5.36,0.58
1695985445.95,5.41,0.68
1695985447.21,5.35,0.74
1695985448.48,5.40,0.57
1695985449.84,5.63,0.44
1695985451.09,5.87,0.38
1695985452.38,6.14,0.39
1695985453.80,6.40,0.42
1695985455.01,6.62,0.38
1695985456.28,6.58,0.28
1695985457.52,6.47,0.13
1695985458.74,6.37,0.02
1695985460.04,6.53,-0.51
1695985461.27,6.66,-0.95
1695985462.54,6.58,-0.90
1695985463.82,6.58,-0.88
1695985465.12,6.59,-0.86
1695985466.35,6.56,-0.81
1695985467.65,6.56,-0.67
1695985468.89,6.64,-0.54
1695985470.16,6.87,-0.42
1695985471.49,7.10,-0.36
1695985472.82,7.37,-0.32
1695985474.13,7.62,-0.30
1695985475.34,7.85,-0.27
1695985476.58,7.85,-0.08
1695985477.88,7.30,0.02
1695985479.08,7.10,0.13
1695985480.35,6.61,0.26
1695985481.67,6.34,0.42
1695985483.04,5.94,0.69
1695985484.21,5.57,0.89
1695985485.63,5.04,1.12
1695985486.81,4.64,1.33
1695985488.08,4.15,1.56
1695985489.29,3.72,1.80
1695985490.57,3.49,1.98
1695985491.91,3.22,2.23
1695985493.09,3.02,2.48
1695985494.40,2.96,2.67
1695985495.50,2.75,2.99
1695985496.81,2.60,3.25
1695985498.05,2.63,3.28
1695985499.32,2.70,3.06
1695985500.62,2.75,2.82
1695985502.00,2.80,2.59
1695985503.32,2.84,2.38
1695985504.59,2.90,2.17
1695985506.10,3.03,2.29
1695985507.33,3.14,2.75
1695985508.59,3.19,3.15
1695985509.87,3.19,3.43
1695985511.23,3.22,3.35
1695985512.60,3.29,3.12
1695985513.82,3.11,3.09
1695985515.00,3.11,3.35
1695985516.24,3.18,3.12
1695985517.44,3.22,2.92
1695985518.74,3.30,2.74
1695985520.01,3.48,2.73
1695985521.41,3.74,2.90
1695985522.64,3.96,2.96
1695985523.86,4.24,3.10
1695985525.05,4.58,3.22
1695985526.35,4.90,3.18
1695985527.68,5.19,3.11
1695985529.02,5.56,2.93
1695985530.24,5.86,2.83
1695985531.53,6.15,2.60
1695985532.73,6.44,2.37
1695985534.03,6.65,2.38
1695985535.39,6.81,2.43
1695985537.07,7.11,2.37
1695985538.36,7.26,2.30
1695985539.66,7.44,2.28
1695985541.00,7.64,2.42
1695985542.31,7.83,2.51
1695985543.67,8.01,2.57
1695985545.08,8.20,2.62
1695985546.36,8.44,2.66
1695985547.64,8.67,2.69
1695985549.01,8.90,2.69
1695985550.29,9.08,2.65
1695985551.67,9.25,2.56
1695985552.85,9.29,2.45
1695985554.13,9.28,2.35
1695985555.45,9.19,2.28
1695985556.68,9.03,1.79
1695985557.93,8.90,1.31
1695985559.25,8.77,0.82
1695985560.45,8.70,0.45
1695985561.72,8.56,0.04
1695985563.00,8.43,-0.44
1695985564.29,8.30,-0.88
1695985565.69,8.33,-1.23
1695985566.94,8.72,-1.18
1695985568.25,9.00,-1.06
1695985569.61,9.24,-0.95
1695985570.89,9.15,-0.89
1695985572.19,9.14,-0.89
1695985573.55,9.37,-0.96
1695985574.91,9.47,-1.06
1695985576.22,9.43,-1.11
1695985577.46,9.35,-1.05
1695985578.74,9.26,-0.84
1695985579.96,9.08,-1.13
1695985581.27,8.82,-1.42
1695985582.52,8.51,-1.81
1695985583.76,8.23,-2.17
1695985584.95,8.01,-2.29
1695985586.39,7.70,-2.63
1695985588.95,7.84,-2.58
1695985590.43,7.64,-2.55
1695985591.44,7.75,-2.47
1695985592.64,7.76,-2.46
1695985593.97,7.76,-2.44
1695985595.21,7.76,-2.43
1695985596.49,7.77,-2.41
1695985597.79,7.77,-2.39
1695985599.20,7.69,-2.25
1695985600.37,7.49,-2.07
1695985601.58,7.24,-2.11
1695985602.91,6.76,-2.33
1695985604.14,6.29,-2.55
1695985605.47,5.94,-2.52
1695985606.74,5.45,-2.64
1695985608.07,4.92,-2.78
1695985609.43,4.40,-2.91
1695985610.63,3.93,-3.02
1695985612.01,3.64,-3.15
1695985613.30,3.30,-3.11
1695985614.62,3.20,-3.06
1695985615.97,3.19,-3.06
1695985617.33,3.18,-3.06
1695985618.61,3.17,-3.06
1695985619.98,3.02,-3.07
1695985621.29,2.51,-3.14
1695985622.63,2.16,-3.16
1695985624.09,1.88,-3.23
1695985625.55,1.57,-3.21
1695985626.86,1.52,-3.00
1695985628.35,1.43,-3.06
1695985630.57,1.20,-3.15
1695985632.26,0.95,-3.20
1695985633.62,0.76,-3.28
1695985635.01,0.72,-3.37
1695985636.49,0.72,-3.45
1695985638.39,0.67,-3.22
1695985639.73,0.66,-3.09
1695985641.09,0.80,-2.99
1695985642.70,0.90,-2.67
1695985643.87,0.97,-2.38
1695985645.39,0.73,-2.10
1695985646.66,0.51,-1.82
1695985648.08,0.48,-1.68
1695985649.40,0.45,-1.51
1695985650.69,0.48,-1.31
1695985652.38,0.45,-0.98
1695985653.65,0.39,-0.49
1695985655.18,0.22,-0.50
1695985656.33,0.22,-0.51
1695985657.56,0.22,-0.52
1695985658.84,0.22,-0.53
1695985660.11,0.22,-0.54
1695985661.48,0.22,-0.55
1695985662.74,0.29,-0.66
1695985664.12,0.37,-0.90
1695985665.55,0.41,-1.14
1695985666.91,0.46,-1.27
1695985668.43,0.52,-1.21
1695985670.24,0.61,-1.19
1695985671.14,0.73,-1.29
1695985672.43,0.77,-1.53
1695985673.76,0.68,-1.71
1695985675.17,0.75,-1.89
1695985676.46,1.02,-2.13
1695985677.68,1.27,-2.39
1695985678.98,1.28,-2.55
1695985680.28,1.31,-2.91
1695985681.63,1.11,-2.86
1695985683.08,1.08,-2.65
1695985684.40,1.08,-2.47
1695985685.60,1.10,-2.54
1695985686.94,1.05,-2.70
1695985688.30,1.06,-2.50
1695985689.56,1.00,-2.60
1695985691.05,1.00,-2.45
1695985692.29,1.20,-2.43
1695985693.62,1.32,-2.91
1695985694.92,1.45,-3.38
1695985696.22,1.58,-3.87
1695985698.43,1.90,-4.09
1695985699.90,1.94,-4.04
1695985701.10,1.93,-4.03
1695985702.45,1.91,-4.03
1695985703.69,1.90,-4.02
1695985705.37,1.88,-4.01
1695985706.70,1.87,-4.00
1695985708.18,1.86,-3.99
1695985709.40,1.88,-3.95
1695985710.70,1.97,-3.83
1695985712.04,2.09,-3.82
1695985713.30,2.49,-3.88
1695985714.58,2.79,-3.85
1695985715.77,3.30,-3.87
1695985717.16,3.61,-3.82
1695985718.47,4.07,-3.81
1695985719.73,4.67,-3.79
1695985721.15,4.57,-3.85
1695985722.50,4.42,-3.81
1695985724.18,4.30,-3.69
1695985725.49,4.22,-3.52
1695985727.34,4.15,-3.33
1695985729.19,4.15,-3.07
1695985730.63,4.19,-3.11
1695985732.05,4.27,-2.98
1695985733.42,4.43,-3.13
1695985735.07,4.40,-3.14
1695985737.16,4.31,-2.91
1695985738.43,4.35,-3.09
1695985739.89,4.39,-2.94
1695985741.23,4.34,-2.78
1695985742.48,4.28,-2.63
1695985743.77,4.18,-2.40
1695985745.01,4.13,-2.14
1695985746.38,4.02,-2.14
1695985747.62,3.94,-2.17
1695985748.84,3.77,-2.42
1695985750.14,3.59,-2.69
1695985751.40,3.29,-3.06
1695985752.79,2.99,-3.50
1695985754.07,2.78,-3.68
1695985755.20,2.42,-4.06
1695985756.45,2.17,-4.21
1695985757.80,1.78,-4.52
1695985759.78,1.39,-4.89
1695985761.34,1.54,-5.04
1695985763.38,1.54,-5.03
1695985764.76,1.54,-5.02
1695985766.13,1.55,-5.01
1695985767.44,1.55,-5.01
1695985768.79,1.55,-5.00
1695985770.07,1.55,-4.99
1695985771.38,1.56,-4.98
1695985772.70,1.56,-4.97
1695985774.03,1.56,-4.97
1695985775.28,1.56,-4.96
1695985776.53,1.57,-4.95
1695985777.78,1.52,-4.88
1695985779.05,1.31,-4.87
1695985780.39,1.36,-4.96
1695985781.72,1.39,-4.86
1695985783.28,1.39,-4.85
1695985784.49,1.45,-4.78
1695985785.87,1.49,-4.58
1695985787.25,1.62,-4.40
1695985788.46,1.91,-4.28
1695985789.93,2.05,-4.16
1695985791.18,2.45,-4.16
1695985792.54,2.58,-4.13
1695985793.92,2.71,-4.10
1695985795.29,3.12,-3.93
1695985796.61,3.63,-3.84
1695985798.18,4.15,-3.78
1695985799.58,4.61,-3.68
1695985801.27,4.70,-3.40
1695985802.64,4.57,-3.12
1695985804.66,4.52,-3.00
1695985805.88,4.42,-2.83
1695985807.17,4.34,-2.64
1695985808.63,4.37,-2.46
1695985809.89,4.52,-2.55
1695985811.33,4.63,-2.71
1695985812.71,4.85,-2.77
1695985814.05,4.89,-2.49
1695985815.48,4.75,-2.46
1695985817.08,4.67,-2.23
1695985818.43,4.68,-2.09
1695985819.76,4.73,-2.17
1695985821.12,4.61,-2.24
1695985822.38,4.58,-2.14
1695985823.68,4.78,-2.14
1695985825.06,5.05,-2.17
1695985826.40,5.38,-2.14
1695985827.68,5.78,-2.01
1695985829.12,6.30,-1.95
1695985830.22,6.77,-1.89
1695985831.62,7.37,-1.83
1695985832.99,7.90,-1.78
1695985834.43,8.26,-1.67
1695985836.59,8.10,-1.13
1695985837.98,7.98,-0.90
1695985839.37,7.91,-0.66
1695985840.85,8.08,-0.59
1695985842.24,8.38,-0.65
1695985843.80,8.64,-0.75
1695985845.16,8.89,-0.78
1695985846.51,9.11,-0.78
1695985847.86,9.38,-0.77
1695985849.19,9.47,-0.51
1695985850.60,9.50,-0.32
1695985852.11,9.44,-0.16
1695985853.64,9.37,0.04
1695985855.03,9.26,0.08
1695985856.42,9.01,0.46
1695985857.72,8.71,0.86
1695985859.04,8.44,1.29
1695985860.39,8.12,1.67
1695985861.63,7.87,2.08
1695985862.90,7.60,2.49
1695985864.18,7.37,2.71
1695985865.59,7.06,3.10
1695985867.01,6.72,3.47
1695985868.43,6.88,3.50
1695985869.98,7.28,3.52
1695985871.18,7.50,3.50
1695985873.61,7.37,3.58
1695985875.01,7.38,3.44
1695985876.67,6.96,3.67
1695985878.13,6.88,3.84
1695985879.66,7.18,3.93
1695985881.42,7.67,3.90
1695985882.59,7.78,3.94
1695985883.94,7.70,4.00
1695985885.21,7.62,4.05
1695985886.63,7.54,4.03
1695985888.20,7.55,3.99
1695985889.94,7.07,4.16
1695985891.31,6.64,4.32
1695985892.68,6.19,4.47
1695985893.91,5.77,4.62
1695985895.45,5.36,4.76
1695985896.63,4.94,4.91
1695985898.04,4.41,5.08
1695985899.34,3.91,5.20
1695985900.69,4.01,5.31
1695985902.16,4.26,5.38
1695985903.44,4.66,5.45
1695985906.00,4.59,5.69
1695985907.64,4.44,5.72
1695985909.01,4.43,5.64
1695985910.53,4.28,5.90
1695985913.66,3.64,6.38
1695985914.88,3.45,6.43
1695985916.42,3.62,6.35
1695985917.77,3.79,6.23
1695985919.44,4.09,6.27
1695985920.80,4.35,6.30
1695985922.42,4.63,6.37
1695985923.91,4.80,6.33
1695985926.35,5.01,6.29
1695985927.49,4.80,6.11
1695985928.98,4.51,6.21
1695985930.27,4.27,6.23
1695985931.52,4.04,6.41
1695985932.81,4.00,6.41
1695985934.09,4.03,6.41
1695985935.61,4.03,6.41
1695985937.64,3.68,6.20
1695985938.82,3.19,6.11
1695985940.24,2.77,6.03
1695985941.61,2.84,6.05
1695985943.05,2.59,6.03
1695985944.43,2.19,5.92
1695985945.64,2.37,5.79
1695985947.05,2.40,5.46
1695985948.61,2.08,5.08
1695985950.03,1.69,4.68
1695985951.64,1.84,4.82
1695985952.89,2.07,4.96
1695985954.32,2.33,5.03
1695985955.59,2.59,5.09
1695985957.33,2.85,5.13
1695985958.43,3.11,5.20
1695985959.94,3.33,5.30
1695985961.62,3.56,5.44
1695985963.87,3.31,5.57
1695985965.18,2.78,5.85
1695985966.71,2.49,6.06
1695985967.91,2.58,6.18
1695985970.24,2.76,6.01
1695985971.50,2.94,5.87
1695985973.00,3.09,5.68
1695985974.30,3.14,5.61
1695985975.56,3.04,5.83
1695985976.95,2.96,6.04
1695985978.77,2.90,6.31
1695985980.15,2.80,6.49
1695985981.40,2.71,6.55
1695985982.66,2.62,6.41
1695985983.91,2.43,6.27
1695985985.22,2.63,6.25
1695985986.53,2.69,6.26
1695985987.89,2.58,6.28
1695985989.25,2.22,6.25
1695985990.51,1.75,6.18
1695985991.78,1.25,6.12
1695985993.17,1.25,6.13
1695985994.88,1.57,6.21
1695985996.22,1.76,6.39
1695985998.28,2.02,6.60
1695986000.66,2.24,6.71
1695986001.93,2.14,6.48
1695986003.34,1.96,6.25
1695986004.68,1.87,6.24
1695986006.09,2.01,6.53
1695986007.41,2.22,6.65
1695986008.74,2.57,6.65
1695986010.18,2.74,6.47
1695986011.50,2.89,6.29
1695986012.74,3.01,6.17
1695986014.22,3.41,6.31
1695986016.68,3.79,6.44
1695986018.81,4.09,6.31
1695986020.15,4.20,6.20
1695986021.41,4.14,6.05
1695986022.73,4.04,5.88
1695986024.07,4.01,5.82
1695986025.72,3.94,5.78
1695986027.94,3.78,6.06
1695986030.21,3.71,6.26
1695986031.72,3.72,6.18
1695986033.36,3.83,6.23
1695986034.84,3.74,6.07
1695986037.82,4.01,5.88
1695986039.46,4.06,6.04
1695986040.84,4.15,6.26
1695986042.67,4.29,6.50
1695986044.53,4.60,6.44
1695986046.40,5.30,5.91
1695986047.80,5.55,5.69
1695986049.15,5.69,5.48
1695986050.54,5.67,5.51
1695986051.87,5.99,5.57
1695986053.20,5.98,5.40
1695986054.56,6.16,5.37
1695986055.90,6.19,5.24
1695986057.36,6.40,5.25
1695986058.76,6.69,4.96
1695986060.26,6.61,4.79
1695986061.68,6.76,4.96
1695986063.14,7.13,4.56
1695986064.68,7.33,4.36
1695986067.65,7.34,4.35
1695986069.20,7.36,4.33
1695986070.80,7.33,4.23
1695986072.58,7.25,4.02
1695986074.08,7.18,4.12
1695986075.94,6.88,3.69
1695986077.69,6.71,3.35
1695986079.71,7.21,3.30
1695986081.65,7.59,3.48
1695986083.19,7.60,3.35
1695986085.00,7.48,3.37
1695986086.46,7.31,3.23
1695986087.92,7.10,2.84
1695986089.49,7.53,2.81
1695986091.58,7.88,2.87
1695986093.30,7.72,2.99
1695986094.81,7.52,2.96
1695986096.44,7.62,2.76
1695986098.38,8.21,2.73
1695986100.25,8.55,2.80
1695986103.23,8.42,2.44
1695986106.37,8.21,2.52
1695986108.00,7.82,2.20
1695986109.49,7.33,1.79
1695986111.35,6.90,1.42
1695986112.89,6.58,1.22
1695986114.55,6.09,0.85
1695986115.89,5.71,0.59
1695986117.31,5.22,0.32
1695986118.86,4.62,-0.02
1695986120.74,4.01,-0.40
1695986122.15,4.11,-0.68
1695986123.57,4.23,-0.92
1695986125.01,4.33,-1.13
1695986126.49,4.39,-1.35
1695986127.94,4.46,-1.54
1695986132.32,4.52,-1.57
1695986133.78,5.02,-1.20
1695986135.23,5.59,-1.17
1695986136.59,6.19,-1.17
1695986137.99,6.73,-1.15
1695986139.51,7.38,-1.09
1695986140.94,7.98,-1.08
1695986142.40,8.51,-1.05
1695986143.85,8.84,-0.98
1695986145.50,9.01,-0.86
1695986147.19,9.17,-0.70
1695986148.75,9.19,-0.51
1695986150.57,9.09,-0.26
1695986152.12,9.02,0.01
1695986153.66,8.93,-0.01
1695986155.26,8.99,-0.12
1695986158.18,8.68,-0.04
1695986159.88,7.95,0.06
1695986162.18,8.23,-0.01
1695986164.22,8.54,0.11
1695986165.60,8.81,-0.06
1695986167.13,8.80,-0.05
1695986169.05,8.80,-0.05
1695986170.77,8.80,-0.04
1695986172.44,8.79,-0.03
1695986174.11,8.79,-0.02
1695986175.61,8.79,-0.01
1695986177.30,8.78,-0.00
1695986178.90,8.86,-0.21
1695986180.37,8.74,-0.10
1695986181.91,8.78,0.07
1695986183.58,8.58,-0.01
1695986185.14,8.50,-0.03
1695986186.77,8.71,0.02
1695986188.22,8.42,-0.05
1695986189.77,8.68,0.03
1695986191.27,8.45,0.06
1695986192.85,7.92,0.02
1695986194.53,7.79,-0.06
1695986196.23,8.12,-0.18
1695986198.10,8.26,-0.07
1695986199.87,8.34,0.13
1695986202.58,8.34,0.31
1695986204.16,8.13,0.73
1695986205.61,8.16,1.10
1695986207.16,8.12,1.41
1695986208.65,7.90,1.70
1695986210.71,7.43,2.25
1695986212.16,7.09,2.69
1695986214.04,6.73,3.17
1695986215.46,6.36,3.61
1695986216.89,6.30,3.90
1695986218.43,6.01,4.40
1695986219.97,5.72,4.92
1695986221.49,5.69,5.27
1695986222.87,5.51,5.79
1695986224.27,5.33,6.29
1695986225.72,5.21,6.77
1695986227.28,5.11,6.82
1695986228.96,4.99,6.72
1695986231.38,5.11,6.38
1695986232.88,5.32,6.09
1695986234.67,5.35,5.88
1695986236.13,5.43,5.56
1695986237.65,5.39,4.94
1695986239.12,5.36,4.39
1695986240.81,5.32,3.75
1695986242.21,5.20,3.22
1695986243.64,5.04,2.72
1695986245.09,4.93,2.17
1695986246.45,4.89,1.90
1695986247.81,4.88,1.86
1695986249.24,4.95,1.53
1695986250.67,5.07,1.12
1695986252.11,5.19,0.68
1695986253.54,5.37,0.50
1695986255.09,5.35,0.21
1695986256.59,5.37,-0.23
1695986258.07,5.32,-0.86
1695986259.49,5.33,-1.38
1695986260.94,5.35,-1.96
1695986262.42,5.37,-2.51
1695986264.11,5.38,-3.14
1695986265.63,5.40,-3.72
1695986267.13,5.37,-4.10
1695986270.67,5.30,-4.44
1695986272.49,4.95,-5.24
1695986274.05,4.95,-5.23
1695986275.70,4.97,-5.21
1695986277.46,4.96,-5.21
1695986279.74,4.97,-5.19
1695986281.26,4.98,-5.18
1695986282.96,4.98,-5.17
1695986284.78,4.99,-5.16
1695986286.56,5.00,-5.14
1695986288.25,5.01,-5.13
1695986289.81,5.01,-5.12
1695986291.32,5.02,-5.10
1695986292.94,5.03,-5.09
1695986294.68,5.03,-5.08
1695986296.28,5.04,-5.06
1695986298.14,4.95,-5.25
1695986299.70,4.97,-5.23
1695986301.41,4.96,-5.22
1695986302.93,4.97,-5.21
1695986304.41,4.97,-5.20
1695986306.25,4.98,-5.18
1695986308.02,4.99,-5.17
1695986309.68,4.99,-5.16
1695986311.22,5.00,-5.14
1695986312.66,5.01,-5.13
1695986314.24,5.01,-5.12
1695986315.84,5.02,-5.10
1695986317.40,5.03,-5.09
1695986319.02,5.04,-5.08
1695986320.51,5.04,-5.07
1695986322.26,4.97,-5.23
1695986324.06,4.98,-5.22
1695986325.95,4.98,-5.21
1695986327.65,4.98,-5.19
1695986329.17,4.85,-4.91
1695986330.70,4.78,-4.45
1695986332.21,4.91,-4.21
1695986334.01,5.05,-3.88
1695986335.57,4.93,-3.39
1695986337.07,4.87,-2.96
1695986338.64,4.74,-2.39
1695986340.23,4.59,-1.76
1695986341.78,4.41,-1.12
1695986343.34,4.34,-0.83
1695986344.92,4.35,-0.77
1695986346.61,4.37,-0.77
1695986348.58,4.43,-0.84
1695986350.17,4.51,-0.80
1695986351.67,4.63,-0.83
1695986353.24,5.07,-0.62
1695986355.14,5.67,-0.12
1695986356.80,5.61,0.01
1695986358.71,5.60,0.28
1695986361.95,5.69,1.00
1695986364.83,5.69,1.19
1695986366.58,5.51,1.85
1695986368.19,5.25,2.22
1695986370.31,5.30,2.03
1695986371.92,5.44,2.10
1695986373.59,5.56,2.11
1695986375.50,5.42,2.51
1695986377.20,5.37,3.05
1695986379.34,5.20,3.79
1695986380.92,5.10,4.44
1695986382.71,4.96,5.02
1695986384.92,4.74,5.86
1695986386.64,4.73,6.37
1695986389.65,4.69,6.95
1695986390.62,4.59,7.68
1695986392.66,4.75,8.15
1695986394.28,4.71,8.03
1695986396.07,4.68,7.77
1695986397.88,4.83,7.64
1695986400.00,4.76,7.87
1695986401.90,4.71,7.85
1695986403.66,4.60,7.62
1695986406.81,4.57,7.16
1695986408.38,4.73,6.81
1695986410.04,4.86,6.75
1695986411.78,4.84,5.83
1695986414.10,4.86,5.13
1695986415.97,4.86,4.55
1695986418.42,4.71,3.67
1695986420.17,4.63,3.03
1695986421.94,4.65,2.39
1695986423.72,4.70,1.89
1695986425.37,4.95,1.39
1695986427.13,5.19,1.33
1695986428.83,5.30,0.93
1695986430.86,5.16,0.50
1695986433.32,5.02,-0.12
1695986435.62,4.87,-0.97
1695986437.31,4.83,-1.52
1695986439.37,4.77,-2.17
1695986441.07,5.07,-2.34
1695986443.05,5.26,-2.16
1695986444.91,5.16,-2.11
1695986447.64,4.97,-2.21
1695986449.79,4.79,-2.20
1695986451.78,4.94,-2.22
1695986453.51,4.76,-2.16
1695986455.30,4.75,-2.13
1695986457.06,4.83,-2.20
1695986458.71,4.92,-2.33
1695986460.59,4.68,-2.29
1695986462.48,4.47,-2.07
1695986464.19,4.19,-2.12
1695986465.98,4.05,-2.03
1695986467.74,3.79,-1.73
1695986469.95,2.91,-1.73
1695986472.19,2.03,-1.78
1695986473.90,1.54,-1.69
1695986475.60,0.87,-1.63
1695986477.27,0.19,-1.57
1695986479.03,-0.43,-1.51
1695986481.23,-0.95,-1.38
1695986482.97,-1.35,-1.19
1695986484.73,-1.90,-0.86
1695986486.78,-1.80,-0.60
1695986488.46,-1.67,-0.68
1695986490.16,-1.85,-0.35
1695986491.93,-1.83,-0.47
1695986495.08,-1.83,-0.62
1695986497.31,-2.05,-0.31
1695986499.43,-2.16,-0.12
1695986501.79,-2.31,-0.02
1695986504.00,-2.23,-0.16
1695986505.98,-2.22,-0.17
1695986507.99,-2.34,-0.12
1695986509.76,-2.31,-0.25
1695986513.55,-2.24,0.11
1695986515.48,-2.08,-0.11
1695986518.49,-2.30,-0.25
1695986519.73,-2.37,-0.22
1695986522.09,-2.36,-0.24
1695986524.36,-2.36,-0.25
1695986526.60,-2.25,-0.12
1695986529.04,-2.25,-0.13
1695986531.13,-2.25,-0.14
1695986533.49,-2.25,-0.15
1695986535.92,-2.25,-0.16
1695986538.35,-2.20,-0.28
1695986540.25,-2.01,-0.46
1695986542.11,-1.99,-0.67
1695986543.95,-2.26,-0.79
1695986545.68,-1.93,-0.93
1695986547.46,-1.31,-1.02
1695986550.47,-0.87,-1.13
1695986551.34,-0.34,-1.32
1695986553.14,0.35,-1.55
1695986554.99,0.96,-1.74
1695986556.93,1.48,-2.01
1695986558.92,2.20,-2.30
1695986560.99,2.60,-2.58
1695986562.92,2.69,-2.70
1695986565.00,2.52,-2.43
1695986566.83,2.51,-2.40
1695986568.57,2.56,-2.80
1695986572.45,2.55,-2.69
1695986574.51,2.59,-2.83
1695986577.92,3.02,-3.43
1695986580.03,3.44,-4.11
1695986582.04,3.81,-4.50
1695986583.76,4.29,-5.02
1695986585.79,4.68,-5.38
1695986587.65,4.68,-5.33
1695986589.87,4.89,-5.29
1695986592.46,4.71,-5.30
1695986594.57,4.94,-5.29
1695986596.70,4.93,-5.11
1695986598.57,5.08,-5.24
1695986600.77,4.93,-5.19
1695986602.60,5.23,-5.01
1695986604.53,5.21,-5.00
1695986607.75,5.20,-4.99
1695986609.70,5.17,-4.97
1695986611.43,5.31,-5.12
1695986613.64,5.14,-5.02
1695986616.40,5.54,-5.87
1695986618.48,5.42,-5.63
1695986620.42,5.31,-5.34
1695986622.21,5.12,-5.12
1695986624.67,4.88,-4.63
1695986626.46,4.85,-4.54
1695986628.36,4.97,-4.81
1695986630.53,5.25,-4.95
1695986632.65,5.28,-4.62
1695986634.88,5.30,-4.45
1695986637.28,5.30,-4.90
1695986639.44,5.38,-4.90
1695986641.48,5.45,-4.60
1695986643.46,5.29,-4.37
1695986645.27,4.90,-4.20
1695986647.12,4.80,-4.04
1695986648.93,4.76,-3.72
1695986650.71,4.03,-3.72
1695986652.78,3.30,-3.75
1695986654.85,2.37,-3.80
1695986656.87,2.35,-3.56
1695986658.97,2.29,-3.23
1695986660.94,2.22,-3.08
1695986662.82,2.05,-3.11
1695986664.87,1.70,-3.10
1695986667.54,0.91,-2.63
1695986669.69,0.18,-2.34
1695986671.72,-0.35,-2.07
1695986673.80,-0.49,-1.97
1695986675.71,-0.89,-1.80
1695986677.66,-1.65,-1.52
1695986679.76,-1.89,-1.57
1695986681.59,-1.91,-1.58
1695986685.36,-1.91,-1.58
1695986688.03,-1.90,-1.58
1695986690.12,-1.90,-1.58
1695986692.20,-1.90,-1.58
1695986694.37,-1.90,-1.58
1695986696.26,-1.90,-1.58
1695986698.63,-1.89,-1.58
1695986700.76,-1.89,-1.58
1695986702.85,-1.89,-1.57
1695986704.89,-1.89,-1.57
1695986707.32,-1.89,-1.57
1695986709.42,-1.89,-1.57
1695986711.54,-1.88,-1.57
1695986714.98,-1.88,-1.57
1695986717.44,-1.88,-1.57
1695986719.51,-1.88,-1.56
1695986721.45,-1.88,-1.56
1695986725.64,-1.90,-1.58
1695986728.15,-1.91,-1.59
1695986730.62,-1.91,-1.59
1695986732.50,-1.91,-1.59
1695986734.56,-1.91,-1.59
1695986736.78,-1.91,-1.59
1695986739.27,-1.90,-1.59
1695986741.82,-1.90,-1.59
1695986743.95,-1.90,-1.59
1695986746.42,-1.85,-1.78
1695986748.42,-1.62,-1.92
1695986750.98,-1.43,-2.18
1695986753.04,-1.23,-2.11
1695986755.35,-0.81,-2.44
1695986757.78,-0.22,-2.88
1695986760.27,0.50,-3.44
1695986762.23,0.77,-3.64
1695986764.14,1.21,-3.99
1695986766.00,0.93,-4.05
1695986767.92,0.98,-4.00
1695986769.99,1.51,-4.04
1695986772.19,1.84,-3.98
1695986774.25,1.88,-4.00
1695986776.27,2.23,-4.26
1695986778.22,2.61,-4.60
1695986782.06,2.23,-4.75
1695986784.42,1.96,-4.72
1695986786.76,2.02,-4.62
1695986789.42,2.12,-3.98
1695986791.50,1.92,-3.85
1695986793.77,2.09,-3.92
1695986795.88,2.03,-3.92
1695986797.81,1.95,-3.98
1695986800.07,1.90,-3.84
1695986802.64,2.01,-3.81
1695986804.87,1.89,-3.85
1695986807.26,1.76,-3.83
1695986809.44,1.80,-3.85
1695986811.73,1.98,-3.95
1695986814.15,2.09,-4.21
1695986816.44,2.19,-4.51
1695986819.06,1.91,-4.54
1695986821.49,2.12,-4.63
1695986823.46,2.67,-5.18
1695986825.44,3.18,-5.67
1695986827.45,3.78,-6.21
1695986829.50,4.35,-6.76
1695986832.02,4.83,-7.07
1695986835.03,4.23,-7.19
1695986838.03,4.05,-6.96
1695986841.07,4.24,-6.84
1695986843.52,4.23,-6.84
1695986845.75,4.23,-6.84
1695986848.11,4.23,-6.85
1695986850.19,4.23,-6.85
1695986853.20,4.23,-6.85
1695986854.50,4.61,-6.74
1695986856.64,4.22,-6.85
1695986858.52,4.22,-6.85
1695986860.52,4.22,-6.85
1695986862.84,4.22,-6.85
1695986865.00,4.21,-6.85
1695986866.99,4.21,-6.85
1695986869.13,4.21,-6.85
1695986871.22,4.21,-6.85
1695986875.37,4.42,-6.71
1695986877.62,3.11,-6.43
1695986879.80,2.94,-6.27
1695986881.91,2.64,-5.77
1695986884.04,2.38,-5.93
1695986886.13,2.19,-6.05
1695986888.26,2.10,-6.19
1695986890.54,2.60,-6.43
1695986892.64,2.76,-7.16
1695986894.92,2.99,-8.01
1695986897.11,3.15,-8.43
1695986900.13,3.03,-7.94
1695986902.42,2.81,-7.59
1695986905.02,2.60,-7.38
1695986909.51,2.63,-7.15
1695986911.50,2.88,-7.35
1695986913.75,3.04,-7.96
1695986915.71,3.34,-8.16
1695986917.73,3.57,-7.96
1695986920.00,3.91,-7.67
1695986922.33,4.73,-7.44
1695986924.85,4.77,-7.54
1695986927.03,4.39,-7.74
1695986929.11,4.17,-7.82
1695986932.86,4.70,-7.60
1695986935.31,4.87,-7.75
1695986938.28,4.28,-7.98
1695986940.40,3.96,-7.91
1695986942.39,3.54,-8.46
1695986944.40,3.18,-8.87
1695986946.88,2.66,-9.37
1695986949.42,2.56,-9.04
1695986953.65,2.60,-9.02
1695986955.96,2.59,-9.03
1695986958.07,2.59,-9.03
1695986962.31,2.62,-8.97
1695986964.85,2.91,-8.79
1695986967.50,2.19,-7.88
1695986970.66,2.14,-7.97
1695986972.69,2.05,-7.86
1695986974.63,1.28,-7.75
1695986978.69,1.21,-7.75
1695986980.69,1.22,-7.75
1695986982.72,1.22,-7.75
1695986986.87,1.25,-7.73
1695986989.08,1.48,-7.54
1695986992.18,1.96,-7.75
1695986995.01,2.77,-7.34
1695986997.57,3.22,-7.24
1695986999.98,3.01,-7.34
1695987002.32,2.66,-7.50
1695987006.17,2.75,-7.44
1695987008.91,3.17,-7.52
1695987011.35,2.98,-7.34
1695987013.40,2.85,-6.99
1695987017.37,2.73,-6.20
1695987019.58,2.60,-5.86
1695987022.07,2.26,-6.19
1695987025.22,1.79,-6.88
1695987027.15,1.34,-7.19
1695987029.14,1.06,-7.26
1695987031.18,1.09,-7.23
1695987033.19,0.90,-7.25
1695987035.27,0.29,-7.33
1695987037.46,0.21,-7.23
1695987041.42,0.16,-7.23
1695987043.61,0.18,-7.19
1695987045.57,0.17,-7.19
1695987047.54,0.15,-7.19
1695987049.64,0.14,-7.19
1695987051.78,0.13,-7.18
1695987054.37,0.12,-7.17
1695987057.17,0.25,-7.08
1695987059.45,0.56,-6.86
1695987061.55,0.64,-6.47
1695987063.61,0.63,-6.08
1695987065.84,0.60,-5.68
1695987070.21,0.85,-5.15
1695987072.28,1.06,-5.23
1695987074.32,1.72,-5.15
1695987076.42,2.38,-5.12
1695987078.60,3.15,-5.18
1695987081.15,3.92,-5.28
1695987083.19,4.77,-5.55
1695987085.31,5.51,-5.75
1695987087.41,6.08,-6.00
1695987092.71,6.29,-6.06
1695987093.82,6.30,-6.00
1695987096.84,6.35,-5.96
1695987099.08,6.22,-5.94
1695987101.19,5.99,-5.89
1695987103.30,6.16,-6.39
1695987105.40,6.44,-7.15
1695987107.47,6.49,-7.81
1695987109.63,6.60,-8.66
1695987112.10,6.91,-8.48
1695987114.78,7.13,-8.26
1695987118.67,7.31,-8.35
1695987121.11,7.13,-8.32
1695987123.51,6.93,-8.20
1695987126.06,6.94,-8.05
1695987128.04,7.12,-8.35
1695987130.00,7.49,-8.66
1695987131.99,7.85,-8.74
1695987134.01,8.28,-8.68
1695987136.26,8.49,-8.27
1695987140.22,8.30,-7.90
1695987142.38,8.31,-7.88
1695987144.53,8.32,-7.87
1695987146.52,8.21,-7.90
1695987148.61,8.12,-7.79
1695987150.70,7.97,-7.01
1695987153.14,7.86,-6.17
1695987157.84,7.99,-6.29
1695987160.37,8.00,-6.27
1695987162.92,8.01,-6.26
1695987165.42,8.02,-6.24
1695987168.07,7.86,-6.16
1695987170.19,7.95,-6.26
1695987172.27,7.92,-6.39
1695987174.21,7.78,-6.43
1695987176.19,7.73,-6.47
1695987178.17,7.80,-6.76
1695987180.18,7.70,-7.11
1695987182.36,7.71,-7.95
1695987184.79,7.80,-8.39
1695987187.60,7.91,-8.00
1695987190.26,8.06,-7.40
1695987195.38,7.96,-7.43
1695987197.89,8.02,-7.93
1695987201.85,8.18,-8.67
1695987205.19,8.41,-8.44
1695987208.15,8.70,-8.13
1695987210.78,8.90,-7.80
1695987214.87,8.62,-7.66
1695987217.13,8.09,-6.80
1695987219.80,7.73,-5.87
1695987221.90,7.37,-5.55
1695987224.12,7.44,-5.74
1695987226.49,6.70,-5.79
1695987228.75,6.73,-5.88
1695987231.87,6.82,-5.91
1695987235.43,6.99,-5.68
1695987237.71,7.42,-6.18
1695987240.53,7.91,-6.89
1695987242.72,7.73,-6.71
1695987244.83,7.72,-6.36
1695987246.89,8.03,-6.66
1695987248.95,8.30,-6.75
1695987251.21,8.25,-7.03
1695987253.45,8.50,-6.83
1695987255.45,8.29,-6.95
1695987257.72,8.09,-6.83
1695987259.98,8.03,-6.77
1695987264.19,7.98,-6.64
1695987266.35,7.98,-6.53
1695987268.57,7.86,-6.51
1695987270.69,7.79,-6.58
1695987273.07,7.73,-6.61
1695987275.57,7.79,-6.58
1695987277.88,7.75,-6.58
1695987280.31,7.82,-6.43
1695987282.94,7.94,-6.35
1695987285.74,7.86,-6.05
1695987288.15,7.62,-6.10
1695987290.57,7.68,-5.92
1695987292.95,7.72,-5.76
1695987295.30,7.72,-5.51
1695987297.53,7.61,-5.74
1695987299.67,7.69,-6.13
1695987302.12,7.67,-5.78
1695987304.63,7.63,-5.34
1695987307.15,7.11,-5.14
1695987309.72,6.76,-5.02
1695987311.99,6.27,-4.88
1695987314.20,5.59,-4.72
1695987316.44,5.57,-4.37
1695987318.67,5.63,-4.21
1695987320.98,5.41,-3.88
1695987323.40,5.16,-3.87
1695987325.65,4.62,-4.00
1695987327.94,4.10,-4.03
1695987330.07,3.61,-3.99
1695987332.38,3.27,-4.04
1695987335.41,2.58,-4.06
1695987339.77,1.89,-4.03
1695987342.63,0.16,-3.91
1695987345.58,-0.95,-3.78
1695987348.68,-1.62,-3.82
1695987352.13,-1.79,-3.91
1695987355.78,-1.31,-4.06
1695987358.76,-1.23,-3.95
1695987361.18,-0.84,-4.04
1695987363.56,-0.26,-3.81
1695987366.23,-0.09,-3.60
1695987368.85,0.90,-3.56
1695987371.25,1.61,-3.67
1695987373.75,2.50,-3.82
1695987376.04,3.45,-3.98
1695987378.43,4.37,-4.13
1695987380.97,5.23,-4.06
1695987383.38,6.12,-4.05
1695987386.54,7.29,-4.05
1695987390.91,7.26,-4.07
1695987393.58,7.00,-3.87
1695987396.99,7.20,-3.46
1695987399.39,7.31,-3.43
1695987402.47,7.32,-3.42
1695987404.64,7.32,-3.42
1695987406.82,7.32,-3.42
1695987409.11,7.32,-3.42
1695987411.56,7.32,-3.41
1695987414.54,7.32,-3.41
1695987416.73,7.32,-3.41
1695987419.00,7.23,-3.39
1695987421.38,7.14,-3.41
1695987423.54,7.19,-3.81
1695987425.91,7.27,-4.62
1695987428.24,7.21,-5.32
1695987430.59,6.99,-5.96
1695987432.81,6.76,-6.57
1695987435.13,6.43,-7.43
1695987439.49,6.51,-7.72
1695987442.12,6.51,-7.69
1695987444.94,6.50,-7.67
1695987447.62,6.50,-7.65
1695987450.02,6.49,-7.63
1695987454.39,6.29,-8.23
1695987457.40,5.72,-9.62
1695987460.04,5.82,-9.29
1695987463.43,5.83,-8.89
1695987466.00,5.91,-8.67
1695987470.97,5.74,-8.49
1695987473.57,5.45,-7.87
1695987476.08,5.07,-7.63
1695987478.81,4.75,-7.93
1695987481.29,4.78,-7.96
1695987484.07,4.77,-7.95
1695987489.15,4.48,-7.77
1695987491.46,3.18,-8.54
1695987493.94,2.33,-9.03
1695987496.38,1.85,-9.01
1695987498.98,1.68,-8.63
1695987502.14,1.57,-8.53
1695987504.93,1.48,-8.04
1695987507.53,1.28,-8.26
1695987514.99,1.26,-8.13
1695987517.59,1.25,-8.34
1695987520.06,1.10,-8.46
1695987523.02,1.02,-8.22
1695987525.65,1.08,-8.07
1695987529.00,1.08,-8.07
1695987532.06,1.00,-7.66
1695987535.01,0.08,-6.92
1695987537.35,-0.74,-6.32
1695987539.97,-0.95,-5.94
1695987542.33,-1.21,-5.61
1695987544.77,-0.99,-5.54
1695987547.41,-0.34,-5.58
1695987550.06,-0.35,-5.43
1695987553.08,-0.44,-5.00
1695987555.72,-0.64,-4.56
1695987558.04,-0.88,-4.50
1695987560.37,-1.50,-4.54
1695987562.98,-1.73,-4.65
1695987567.79,-1.57,-4.75
1695987570.93,-1.70,-4.85
1695987575.54,-1.71,-4.97
1695987578.67,-2.31,-5.87
1695987581.10,-2.42,-5.61
1695987583.44,-2.15,-5.38
1695987586.01,-1.86,-5.10
1695987588.52,-1.51,-4.87
1695987591.06,-1.45,-4.25
1695987593.42,-1.59,-3.50
1695987598.25,-1.68,-3.27
1695987600.71,-1.70,-3.23
1695987603.27,-1.72,-3.21
1695987606.62,-1.72,-3.48
1695987611.30,-1.80,-4.21
1695987613.88,-1.93,-4.98
1695987617.01,-2.19,-5.95
1695987619.69,-2.43,-6.84
1695987624.69,-2.42,-6.81
1695987627.16,-2.41,-6.77
1695987629.67,-2.41,-6.75
1695987632.30,-2.40,-6.73
1695987634.97,-2.40,-6.71
1695987637.68,-2.39,-6.68
1695987643.35,-2.64,-6.14
1695987646.02,-2.54,-5.43
1695987648.46,-2.83,-4.87
1695987650.84,-3.21,-4.09
1695987653.69,-3.60,-3.18
1695987656.11,-3.87,-2.37
1695987660.64,-3.97,-2.11
1695987663.03,-3.97,-2.09
1695987666.06,-3.98,-2.07
1695987669.03,-3.99,-2.05
1695987671.57,-4.05,-1.97
1695987674.10,-4.30,-1.87
1695987676.67,-4.37,-2.06
1695987679.68,-3.95,-2.44
1695987682.18,-3.86,-3.37
1695987684.66,-3.74,-4.29
1695987687.50,-3.69,-5.29
1695987689.99,-3.95,-5.68
1695987692.42,-4.06,-5.50
1695987694.98,-3.98,-5.44
1695987697.72,-3.51,-5.35
1695987700.78,-2.94,-5.27
1695987704.16,-2.63,-4.71
1695987709.45,-2.35,-4.35
1695987712.15,-2.44,-4.06
1695987714.69,-2.37,-4.19
1695987717.29,-3.02,-4.34
1695987720.04,-3.98,-4.56
1695987722.78,-4.10,-4.25
1695987725.40,-4.01,-4.33
1695987730.64,-3.89,-4.12
1695987733.78,-3.74,-4.12
1695987736.38,-3.94,-4.29
1695987738.94,-3.87,-4.42
1695987742.01,-3.74,-5.02
1695987744.99,-3.86,-5.74
1695987747.59,-3.49,-6.21
1695987750.55,-3.14,-7.06
1695987753.00,-3.27,-7.34
1695987755.64,-3.24,-7.51
1695987758.60,-3.16,-7.57
1695987763.85,-2.95,-7.50
1695987766.88,-3.10,-7.60
1695987769.57,-3.02,-7.43
1695987772.30,-2.85,-7.89
1695987775.20,-2.86,-7.57
1695987777.94,-2.99,-7.70
1695987783.29,-2.85,-7.38
1695987786.72,-3.35,-6.37
1695987789.89,-3.55,-5.68
1695987793.77,-3.61,-5.01
1695987796.89,-3.38,-4.89
1695987799.58,-3.56,-4.61
1695987802.90,-3.96,-3.98
1695987805.64,-4.71,-2.95
1695987808.58,-5.35,-2.23
1695987811.71,-5.41,-1.74
1695987814.62,-5.14,-1.59
1695987819.84,-5.17,-1.37
1695987822.29,-5.17,-1.35
1695987824.94,-5.17,-1.34
1695987827.45,-5.17,-1.33
1695987830.08,-5.17,-1.32
1695987833.01,-5.18,-1.31
1695987836.00,-5.18,-1.31
1695987838.91,-5.03,-1.32
1695987841.66,-4.58,-1.52
1695987844.09,-4.18,-1.58
1695987846.63,-4.33,-1.68
1695987849.14,-4.03,-2.41
1695987851.71,-3.61,-3.22
1695987854.27,-3.30,-3.97
1695987856.77,-2.95,-4.82
1695987859.56,-2.57,-5.87
1695987862.13,-2.41,-6.61
1695987864.63,-2.30,-7.32
1695987867.34,-2.34,-7.87
1695987870.66,-2.26,-8.38
1695987876.24,-2.10,-8.31
1695987879.10,-1.99,-8.79
1695987882.02,-2.13,-8.73
1695987884.74,-2.36,-8.74
1695987887.96,-1.94,-8.79
1695987890.61,-2.07,-8.75
1695987893.32,-2.42,-8.64
1695987896.33,-2.20,-8.90
1695987901.57,-1.67,-8.69
1695987904.35,-1.68,-7.76
1695987907.02,-1.84,-7.00
1695987910.16,-2.01,-5.96
1695987913.78,-2.22,-4.42
1695987916.61,-2.39,-3.31
1695987922.42,-2.84,-1.63
1695987926.03,-3.24,-0.93
1695987928.64,-3.56,-1.05
1695987931.28,-3.76,-1.36
1695987940.59,-4.77,-1.69
1695987943.20,-4.95,-2.11
1695987945.76,-4.94,-1.82
1695987948.40,-4.94,-1.82
1695987951.40,-5.08,-1.95
1695987954.06,-5.19,-1.93
1695987956.72,-5.43,-2.12
1695987961.73,-5.26,-2.00
1695987964.46,-5.49,-2.09
1695987967.80,-5.39,-2.25
1695987971.01,-5.28,-2.01
1695987973.89,-5.27,-2.01
1695987976.71,-5.42,-2.78
1695987979.40,-5.41,-3.60
1695987981.86,-5.46,-4.25
1695987985.39,-5.45,-4.83
1695987988.57,-5.18,-5.20
1695987991.39,-4.96,-5.31
1695987994.34,-4.87,-6.12
1695987996.84,-4.76,-7.05
1695988000.14,-4.38,-7.80
1695988002.89,-4.15,-7.57
1695988006.30,-4.11,-7.10
1695988012.30,-4.18,-6.82
1695988015.88,-4.75,-6.61
1695988019.27,-5.00,-6.82
1695988022.14,-4.62,-7.09
1695988024.99,-4.59,-8.17
1695988027.87,-4.55,-9.11
1695988030.83,-4.63,-9.49
1695988033.88,-4.89,-8.92
1695988039.10,-4.87,-8.66
1695988042.46,-4.57,-8.73
1695988045.96,-4.81,-8.61
1695988051.15,-4.96,-8.08
1695988054.59,-6.34,-7.02
1695988057.40,-6.40,-7.15
1695988060.90,-6.00,-7.14
1695988063.67,-5.40,-6.96
1695988066.45,-4.75,-6.97
1695988069.34,-3.68,-7.38
1695988072.29,-2.80,-7.87
1695988077.85,-2.51,-7.75
1695988081.34,-2.17,-6.50
1695988084.77,-1.90,-6.69
1695988088.02,-2.22,-6.75
1695988094.20,-2.65,-6.14
1695988100.67,-3.20,-6.79
1695988101.07,-3.92,-7.43
1695988104.13,-4.66,-8.08
1695988106.97,-4.39,-8.05
1695988110.81,-3.99,-7.72
1695988114.87,-3.89,-7.66
1695988118.12,-4.24,-7.62
1695988121.08,-4.56,-7.44
1695988123.76,-4.98,-7.14
1695988126.46,-5.16,-6.75
1695988129.31,-4.81,-6.56
1695988132.32,-4.70,-6.50
1695988135.09,-5.15,-6.29
1695988138.28,-6.01,-5.68
1695988141.49,-6.44,-5.44
1695988147.70,-6.09,-5.54
1695988151.24,-6.22,-5.28
1695988154.50,-6.20,-5.34
1695988157.40,-6.25,-5.43
1695988160.50,-5.93,-5.49
1695988166.87,-5.43,-5.25
1695988166.91,-5.45,-4.66
1695988169.91,-6.02,-3.48
1695988172.67,-6.51,-2.48
1695988175.37,-6.49,-1.94
1695988178.10,-6.17,-1.92
1695988180.95,-6.04,-1.95
1695988183.76,-5.76,-2.10
1695988186.69,-5.35,-2.02
1695988189.54,-5.03,-1.96
1695988192.39,-4.84,-2.15
1695988195.41,-5.01,-2.09
1695988201.58,-5.49,-2.17
1695988204.68,-5.94,-2.03
1695988207.69,-5.79,-1.92
1695988211.09,-6.14,-1.96
1695988214.50,-5.70,-1.83
1695988217.55,-6.60,-2.06
1695988220.60,-6.53,-2.04
1695988223.95,-5.91,-1.94
1695988227.12,-5.47,-1.62
1695988230.43,-5.44,-1.70
1695988237.11,-7.21,-2.17
1695988240.59,-6.81,-1.64
1695988243.98,-6.43,-1.41
1695988247.11,-6.59,-1.57
1695988250.43,-6.33,-2.00
1695988253.13,-6.89,-2.57
1695988255.94,-7.44,-3.21
1695988258.93,-7.87,-3.73
1695988262.01,-7.64,-3.34
1695988265.22,-7.19,-3.18
1695988268.28,-6.95,-3.06
1695988275.06,-8.07,-4.03
1695988278.24,-7.74,-3.84
1695988281.46,-7.35,-3.55
1695988284.99,-6.97,-3.48
1695988291.50,-7.82,-3.96
1695988294.52,-7.78,-4.31
1695988297.33,-7.70,-4.16
1695988300.34,-7.68,-4.07
1695988304.66,-7.85,-4.10
1695988308.18,-7.84,-4.06
1695988311.55,-7.61,-3.55
1695988316.06,-7.17,-3.25
1695988319.47,-8.15,-2.29
1695988322.89,-8.16,-2.10
1695988328.86,-8.02,-2.12
1695988331.97,-8.01,-2.10
1695988334.85,-8.00,-1.67
1695988337.91,-8.22,-0.83
1695988344.09,-7.87,-0.72
1695988346.99,-7.85,-0.64
1695988350.28,-7.79,-0.58
1695988353.64,-7.89,-0.52
1695988356.48,-8.28,0.44
1695988359.24,-7.75,0.43
1695988362.27,-7.45,0.56
1695988367.99,-7.61,0.69
1695988371.27,-8.08,0.50
1695988375.03,-7.96,0.74
1695988381.53,-7.44,0.95
1695988387.91,-7.72,0.54
1695988388.47,-8.16,-0.05
1695988391.58,-7.37,0.02
1695988394.56,-6.88,0.18
1695988397.68,-5.88,0.36
1695988400.73,-4.66,0.35
1695988404.17,-4.70,0.52
1695988410.07,-4.37,0.39
1695988413.07,-3.76,0.64
1695988415.89,-4.45,0.49
1695988419.38,-4.10,0.61
1695988422.34,-3.90,0.35
1695988425.53,-4.18,0.48
1695988428.29,-4.59,0.19
1695988431.77,-4.93,-0.13
1695988434.93,-5.01,-0.22
1695988438.68,-5.60,-0.38
1695988441.99,-6.56,-0.26
1695988444.86,-6.45,-0.04
1695988447.86,-6.13,-0.11
1695988450.96,-6.12,-0.07
1695988454.16,-6.44,-0.28
1695988457.30,-7.06,-0.46
1695988465.34,-8.61,-0.52
1695988468.95,-8.37,-0.54
1695988472.64,-8.60,-0.60
1695988475.96,-8.96,-1.05
1695988480.01,-9.75,-1.54
1695988483.02,-9.30,-1.70
1695988486.64,-8.51,-1.60
1695988493.04,-8.66,-1.45
1695988496.39,-8.45,-1.09
1695988500.24,-9.16,-1.15
1695988503.73,-8.29,-0.99
1695988506.76,-8.49,-0.37
1695988509.82,-8.98,0.20
1695988513.47,-9.53,0.99
1695988517.46,-9.26,1.42
1695988520.37,-9.04,1.48
1695988526.73,-8.34,1.71
1695988530.56,-8.61,1.85
1695988534.13,-8.45,1.66
1695988538.14,-8.23,1.61
1695988541.39,-7.87,0.98
1695988544.28,-7.22,1.20
1695988547.45,-6.40,1.00
1695988550.50,-5.76,0.97
1695988553.58,-5.53,0.99
1695988556.67,-5.22,1.09
1695988559.85,-5.23,1.20
1695988566.34,-5.34,1.30
1695988570.73,-5.35,1.33
1695988574.22,-5.35,1.32
1695988577.53,-5.35,1.31
1695988583.63,-5.35,1.30
1695988583.85,-5.35,1.30
1695988587.06,-5.34,1.29
1695988590.39,-5.34,1.28
1695988594.36,-5.34,1.28
1695988600.83,-5.27,1.12
1695988604.09,-5.01,0.75
1695988607.23,-5.04,0.15
1695988610.24,-5.16,-0.25
1695988613.66,-5.26,-1.19
1695988617.24,-5.45,-1.26
1695988620.34,-5.48,-1.63
1695988623.72,-5.59,-2.04
1695988627.11,-5.56,-2.00
1695988630.34,-5.55,-2.21
1695988633.32,-5.62,-2.51
1695988636.42,-6.02,-3.24
1695988640.19,-6.75,-3.90
1695988643.39,-6.84,-3.97
1695988646.38,-6.76,-3.96
1695988649.96,-6.63,-3.97
1695988653.07,-6.78,-4.18
1695988656.07,-6.68,-4.78
1695988659.36,-6.80,-5.98
1695988662.35,-6.82,-6.75
1695988665.44,-6.94,-7.92
1695988673.12,-6.86,-7.67
1695988676.91,-6.83,-7.87
1695988680.11,-6.60,-7.92
1695988683.31,-6.22,-7.84
1695988686.49,-6.01,-7.45
1695988689.71,-5.45,-8.42
1695988693.26,-5.22,-8.74
1695988701.33,-4.90,-8.57
1695988705.40,-4.79,-8.53
1695988711.50,-4.82,-8.43
1695988712.10,-4.63,-8.06
1695988715.19,-4.45,-7.97
1695988718.06,-5.31,-8.02
1695988721.07,-5.63,-7.98
1695988724.38,-6.17,-7.79
1695988727.88,-7.02,-7.45
1695988731.22,-7.29,-7.16
1695988738.30,-7.28,-7.19
1695988742.13,-7.23,-7.34
1695988745.31,-7.11,-7.04
1695988748.46,-7.21,-6.73
1695988751.89,-8.06,-6.04
1695988758.36,-8.58,-5.37
1695988758.98,-9.04,-5.19
1695988765.49,-8.96,-5.28
1695988768.71,-8.28,-5.18
1695988772.51,-8.25,-5.15
1695988776.26,-8.22,-5.12
1695988779.51,-8.19,-5.09
1695988782.71,-8.16,-5.06
1695988786.47,-8.13,-5.03
1695988790.78,-8.23,-5.14
1695988794.13,-8.27,-4.43
1695988797.52,-8.02,-4.38
1695988800.80,-8.10,-3.44
1695988804.08,-7.96,-2.36
1695988807.58,-7.87,-0.97
1695988811.25,-7.62,0.28
1695988814.46,-7.12,1.12
1695988817.90,-6.56,1.72
1695988821.59,-6.58,1.98
1695988828.07,-6.83,2.05
1695988831.48,-6.70,1.90
1695988834.97,-6.70,1.89
1695988838.45,-6.69,1.88
1695988841.70,-6.69,1.88
1695988845.45,-6.69,1.88
1695988849.45,-6.69,1.88
1695988853.00,-6.69,1.88
1695988856.94,-6.69,1.88
1695988861.11,-6.69,1.88
1695988865.35,-6.69,1.87
1695988869.08,-6.69,1.87
1695988872.44,-6.69,1.87
1695988879.88,-6.80,1.93
1695988883.09,-6.92,1.14
1695988887.07,-6.93,0.18
1695988890.74,-6.61,-0.95
1695988894.56,-6.58,-1.59
1695988899.64,-6.90,-2.25
1695988902.77,-6.85,-2.10
1695988906.81,-6.69,-2.32
1695988910.37,-7.08,-2.45
1695988913.70,-7.04,-2.15
1695988917.58,-6.86,-2.24
1695988921.21,-6.54,-2.27
1695988925.69,-5.92,-2.08
1695988929.76,-6.48,-1.93
1695988933.07,-6.09,-2.03
1695988936.77,-6.40,-2.07
1695988940.35,-6.02,-2.68
1695988943.69,-6.25,-3.74
1695988947.20,-6.39,-4.49
1695988950.77,-6.49,-5.22
1695988953.88,-6.62,-5.75
1695988957.03,-6.79,-6.80
1695988960.32,-7.11,-7.98
1695988964.24,-7.40,-8.91
1695988968.45,-7.00,-8.39
1695988975.85,-6.50,-8.33
1695988979.80,-6.39,-8.45
1695988983.85,-6.96,-8.86
1695988988.21,-6.61,-8.73
1695988992.22,-6.70,-9.15
1695988995.86,-6.29,-8.85
1695989002.10,-5.99,-8.41
1695989006.25,-5.70,-6.84
1695989010.12,-5.17,-5.42
1695989013.76,-4.75,-4.46
1695989016.87,-4.39,-3.15
1695989020.07,-4.03,-1.99
1695989025.36,-3.52,-0.46
1695989028.94,-3.20,0.46
1695989033.18,-3.42,0.62
1695989037.99,-3.53,0.30
1695989045.42,-3.45,-0.24
1695989051.38,-3.52,-0.07
1695989058.86,-3.49,0.05
1695989059.26,-3.47,-0.10
1695989063.26,-3.14,0.02
1695989066.79,-2.84,-0.44
1695989070.90,-1.82,-0.75
1695989074.84,-0.67,-0.91
1695989078.58,0.32,-1.33
1695989082.58,0.96,-1.80
1695989086.22,0.81,-1.78
1695989090.93,1.05,-1.69
1695989095.03,2.49,-2.20
1695989104.13,4.13,-2.92
1695989107.91,4.07,-2.81
1695989115.30,4.15,-2.78
1695989117.37,5.63,-3.70
1695989121.13,6.87,-4.44
1695989124.46,7.80,-4.84
1695989127.87,9.06,-5.38
1695989132.07,9.26,-4.65
1695989135.59,9.13,-4.13
1695989140.09,9.52,-4.26
1695989143.70,9.55,-4.73
1695989148.23,9.56,-4.57
1695989152.80,9.24,-4.31
1695989160.35,9.49,-4.29
1695989161.23,10.20,-4.30
1695989165.17,10.55,-4.36
1695989169.34,10.10,-3.67
1695989175.71,9.86,-3.06
1695989180.01,9.75,-2.50
1695989185.76,8.71,-2.72
1695989190.36,9.30,-2.67
1695989194.86,9.15,-2.84
1695989198.73,9.47,-2.72
1695989202.55,9.17,-2.98
1695989206.72,9.62,-2.74
1695989211.62,9.28,-2.76
1695989216.14,9.06,-3.95
1695989220.24,8.90,-5.31
1695989223.52,9.46,-5.21
1695989226.78,9.19,-5.23
1695989229.98,9.01,-5.71
1695989233.72,8.94,-6.74
1695989238.28,9.18,-6.38
1695989244.97,9.19,-6.07
1695989249.34,9.19,-6.36
1695989253.38,9.00,-6.15
1695989258.23,9.13,-6.57
1695989263.95,9.16,-6.06
1695989268.99,8.92,-6.56
1695989274.21,9.06,-6.19
1695989277.79,8.98,-6.56
1695989282.48,9.15,-5.87
1695989289.89,8.97,-5.04
1695989293.15,8.88,-3.58
1695989299.65,8.63,-2.88
1695989304.29,8.40,-1.53
1695989309.93,8.39,0.22
1695989315.44,8.87,1.72
1695989319.12,8.94,2.14
1695989324.01,9.60,2.40
1695989334.80,9.75,2.42
1695989339.12,9.86,2.54
1695989346.45,9.97,2.64
1695989352.59,10.06,2.74
1695989357.13,10.13,2.81
1695989362.05,10.16,2.85
1695989366.16,10.20,2.88
1695989372.15,10.30,2.94
1695989377.20,10.35,3.03
1695989381.04,10.27,3.23
1695989385.80,10.46,3.31
1695989390.10,10.20,3.73
1695989394.92,10.12,3.65
1695989399.53,10.62,3.42
1695989403.92,9.72,3.14
1695989409.57,8.37,2.55
1695989414.06,8.48,2.28
1695989419.66,8.32,2.10
1695989425.83,8.51,1.95
1695989433.88,9.82,2.34
1695989439.98,10.21,3.00
1695989444.42,9.93,3.49
1695989449.05,9.33,3.33
1695989453.13,8.36,3.30
1695989458.02,8.16,3.36
1695989464.61,7.68,3.63
1695989470.37,5.78,3.64
1695989475.18,4.09,3.54
1695989486.34,4.49,2.45
1695989491.87,4.90,1.58
1695989499.50,5.44,1.93
1695989505.11,5.67,1.66
1695989509.65,4.61,1.41
1695989515.12,2.94,1.09
1695989519.58,2.72,1.17
1695989524.73,2.55,0.78
1695989531.37,1.05,0.26
1695989543.67,1.03,-0.72
1695989551.01,1.35,-0.79
1695989556.79,0.74,-0.15
1695989562.65,1.43,-0.71
1695989568.66,0.99,-0.35
1695989574.89,1.33,-0.64
1695989580.85,0.97,-0.05
1695989586.51,0.93,1.21
1695989592.28,0.56,0.52
1695989599.15,1.10,-0.31
1695989605.10,0.90,-0.04
1695989610.81,0.53,-0.63
1695989616.07,-0.15,-0.94
1695989621.75,-1.94,-1.55
1695989627.38,-3.92,-2.22
1695989632.88,-5.55,-3.13
1695989638.98,-6.57,-3.77
1695989650.93,-6.42,-3.77
1695989658.32,-7.30,-3.37
1695989663.84,-7.85,-1.92
1695989669.91,-8.59,-1.73
1695989675.68,-8.43,0.34
1695989683.31,-8.74,3.34
1695989693.58,-8.51,3.30
1695989700.35,-7.44,2.86
1695989706.70,-6.82,3.14
1695989711.66,-7.00,3.35
1695989716.98,-7.24,2.95
1695989722.37,-8.68,2.74
1695989727.98,-8.42,3.01
1695989738.08,-7.42,2.84
1695989744.69,-6.19,2.70
1695989750.52,-5.74,1.86
1695989755.47,-5.83,1.69
1695989761.18,-4.96,1.76
1695989767.19,-3.23,1.85
1695989773.08,-1.28,2.30
1695989777.92,-1.36,1.88
1695989782.75,-1.33,2.07
1695989787.92,-0.49,2.85
1695989792.66,0.69,3.69
1695989797.73,2.24,4.48
1695989802.73,2.73,4.37
1695989808.67,2.76,3.98
1695989818.21,4.36,5.34
