1,0.34134,-0.0628735,0.141916,-0.00454195,0.0132926,0.010213,0.999849,-0.0815342,-0.120525,-0.465796,0.105083,-0.0272834,0.037629,0.993377
3,0.311584,-0.0842435,0.162333,0.105115,-0.027055,0.0341524,0.993505,-0.100175,-0.123032,-0.468294,0.1051,-0.0269684,0.0343348,0.993503
14,0.208872,-0.122178,0.150951,0.101659,-0.0305297,0.0162072,0.994219,-0.205518,-0.132249,-0.48127,0.101557,-0.0306787,0.0156065,0.994234
25,0.107883,-0.150348,0.146159,0.0936115,-0.040434,0.00139591,0.994786,-0.309159,-0.134343,-0.492669,0.0934075,-0.0407817,-0.00134828,0.994791
42,0.22313,-0.053361,0.156381,0.093954,-0.0264489,0.144112,0.984736,-0.1312,-0.147971,-0.472521,0.0950879,-0.0271826,0.144245,0.984588
43,0.62192,0.0297142,0.220046,0.105075,-0.0510015,0.104941,0.987596,0.215261,-0.0960968,-0.438256,0.104703,-0.0512181,0.100352,0.988101
44,0.755533,0.121455,0.246334,0.100689,-0.0609304,0.191453,0.97442,0.382117,-0.126429,-0.428906,0.0968002,-0.0633414,0.222493,0.968047
45,1.06868,0.362655,0.325973,0.101575,-0.0691955,0.267649,0.955646,0.770556,0.0708011,-0.345967,0.101693,-0.0716502,0.261854,0.957056
46,1.26545,0.576683,0.396797,0.0979844,-0.0865506,0.335903,0.932779,0.982578,0.140281,-0.308581,0.0939167,-0.0882112,0.357576,0.924953
47,1.138,0.514868,0.374764,0.0696987,-0.112969,0.512006,0.848664,0.961981,-0.0304953,-0.348969,0.0670578,-0.115001,0.525459,0.84034
48,1.05964,0.359964,0.322972,0.0497982,-0.111566,0.610164,0.782798,0.960561,-0.205536,-0.388102,0.0484519,-0.110538,0.617702,0.777095
49,1.02646,0.199471,0.268889,0.0332999,-0.0994566,0.660092,0.743827,0.959895,-0.395414,-0.429962,0.0307202,-0.0974216,0.667857,0.737246
50,0.848074,0.0327484,0.211518,0.0113588,-0.0988985,0.774069,0.625225,0.887016,-0.500699,-0.457958,0.0102237,-0.0984379,0.787793,0.607938
51,0.688515,-0.126264,0.168017,-0.00675873,-0.0986838,0.87956,0.465392,0.862828,-0.576085,-0.473444,-0.00845682,-0.0985447,0.888195,0.448695
52,0.578207,-0.287808,0.129111,-0.0276749,-0.0949396,0.960499,0.26012,0.855897,-0.603065,-0.478785,-0.0240692,-0.0959349,0.948388,0.301293
53,0.706485,-0.183862,0.159143,-0.00502183,-0.0987761,0.870775,0.481631,0.865184,-0.641842,-0.48443,-0.00308879,-0.0988554,0.862509,0.496282
54,0.819992,-0.238896,0.157783,0.00426358,-0.0941306,0.795598,0.598452,0.867459,-0.754017,-0.499426,0.00461151,-0.0935386,0.791193,0.604353
55,0.87166,-0.255821,0.163951,0.0151259,-0.0924887,0.757735,0.645798,0.849385,-0.691652,-0.492269,0.015142,-0.0949372,0.759045,0.643901
56,0.948249,-0.150633,0.188369,0.0268431,-0.0951884,0.67156,0.73432,0.885433,-0.659479,-0.485306,0.027161,-0.0951027,0.67043,0.735351
57,0.975196,0.288032,0.291012,0.0388941,-0.108589,0.66675,0.736302,0.92509,-0.179076,-0.38783,0.042605,-0.111313,0.668058,0.734502
58,0.967313,0.745248,0.415619,0.0572234,-0.123825,0.663507,0.73563,0.966205,0.279445,-0.275898,0.0583548,-0.124273,0.666937,0.732356
59,0.976304,1.17766,0.528077,0.055355,-0.123589,0.640337,0.756062,0.951559,0.605046,-0.193735,0.0701015,-0.121325,0.597545,0.789497
60,1.08151,1.50543,0.627444,0.0703679,-0.121814,0.573316,0.807167,1.09225,1.04555,-0.0630874,0.0707622,-0.121524,0.573587,0.806984
61,1.18654,1.91399,0.752519,0.0758104,-0.12653,0.554033,0.819323,1.17741,1.26226,0.00432921,0.0767717,-0.11782,0.532367,0.834751
62,1.29457,1.67473,0.694253,0.0948322,-0.103841,0.404416,0.903699,1.16281,1.15931,-0.0246023,0.0975857,-0.101255,0.365646,0.920069
63,1.34067,1.51344,0.658419,0.113313,-0.0832806,0.227245,0.963631,1.05747,1.14409,-0.0412331,0.114676,-0.0813989,0.188663,0.971921
64,1.20788,1.47565,0.637567,0.114034,-0.0822791,0.218862,0.96557,0.984532,1.11108,-0.0586773,0.108521,-0.0894351,0.258064,0.955839
65,1.46914,1.75933,0.736775,0.112809,-0.0907712,0.314503,0.938148,1.29992,1.29573,0.0329217,0.114622,-0.0879435,0.272185,0.951337
66,1.49668,1.5521,0.682358,0.119404,-0.0742855,0.153143,0.978147,1.25901,1.19355,-0.00404596,0.114824,-0.0811845,0.186843,0.972273
67,1.39977,1.67797,0.703468,0.0943112,-0.104313,0.409955,0.9012,1.27371,1.16746,-0.00917659,0.0903588,-0.107754,0.428327,0.892614
68,1.23432,1.81436,0.72226,0.0687148,-0.122705,0.587965,0.796567,1.2718,1.30305,0.026873,0.0697847,-0.122381,0.58462,0.798982
69,1.31453,2.26777,0.902708,0.095133,-0.154581,0.578343,0.795345,1.39166,1.68532,0.166136,0.0988813,-0.161385,0.577159,0.794396
70,1.45884,2.77874,1.04965,0.110012,-0.117512,0.584586,0.795203,1.58249,2.15679,0.328176,0.111884,-0.112791,0.583459,0.796452
71,1.47408,3.02672,1.12086,0.109352,-0.116791,0.615264,0.771915,1.6468,2.26357,0.364554,0.108211,-0.11634,0.627315,0.762386
72,1.43689,2.80175,1.05089,0.101934,-0.126054,0.660366,0.733237,1.63744,2.04708,0.292957,0.101815,-0.127969,0.666818,0.727057
73,1.43184,2.57217,0.98025,0.0987016,-0.130854,0.678862,0.715739,1.63506,1.8181,0.219223,0.0970098,-0.129128,0.687675,0.707826
74,1.42548,2.35212,0.923051,0.0802325,-0.157443,0.68984,0.702065,1.6125,1.57136,0.143785,0.0759626,-0.139718,0.698935,0.697279
75,1.43918,2.08061,0.808038,0.0602573,-0.124376,0.699735,0.700907,1.61374,1.36534,0.0768987,0.0587796,-0.122237,0.70237,0.69877
76,1.45585,1.84315,0.741224,0.0556136,-0.124089,0.707757,0.693245,1.61286,1.10403,0.00871242,0.0545151,-0.124377,0.717027,0.68369
77,1.44538,1.6095,0.677948,0.0478362,-0.126617,0.740167,0.65866,1.61686,0.884252,-0.0481108,0.0455368,-0.127452,0.754314,0.642412
78,1.39795,1.3717,0.610659,0.0314668,-0.132175,0.800309,0.583991,1.62041,0.645798,-0.108148,0.0232735,-0.134827,0.833299,0.535623
79,1.32314,1.12393,0.539183,0.00761264,-0.139278,0.876957,0.45988,1.62617,0.511926,-0.140188,0.00272737,-0.140275,0.897412,0.41829
80,1.23352,0.854206,0.461082,-0.0166585,-0.138936,0.951473,0.274076,1.62245,0.370319,-0.177983,-0.00796999,-0.140135,0.925137,0.352733
81,1.38616,0.828874,0.4657,0.0144454,-0.136453,0.858978,0.493284,1.63459,0.210996,-0.220888,0.0169712,-0.135668,0.861276,0.489397
82,1.3327,0.623205,0.430832,0.0321071,-0.123515,0.92265,0.363909,1.61932,0.0875219,-0.247813,-0.0182636,-0.134945,0.938455,0.317424
83,1.10029,0.541346,0.366797,-0.0252599,-0.135194,0.963272,0.230634,1.37421,0.198648,-0.252073,-0.0235548,-0.135139,0.964384,0.226154
84,0.697926,0.626345,0.362379,-0.0258623,-0.13652,0.971354,0.192782,1.08428,0.323892,-0.250991,-0.0315294,-0.134226,0.976468,0.16583
85,0.459972,0.540605,0.321375,-0.042953,-0.129281,0.98905,0.0567556,0.885871,0.305,-0.278425,-0.0540611,-0.12439,0.990613,-0.0170438
86,0.12734,0.285567,0.228638,-0.0567463,-0.12051,0.989235,-0.0605903,0.415528,0.250871,-0.344286,-0.0580293,-0.11992,0.989871,-0.0490582
87,-0.124114,0.0691734,0.160423,-0.072596,-0.109514,0.969429,-0.20723,0.248341,0.140303,-0.386779,-0.0767296,-0.102867,0.957885,-0.256881
88,-0.00845738,-0.222646,0.112956,-0.0851312,-0.0855971,0.904474,-0.409087,0.23241,0.0340216,-0.411061,-0.0938906,-0.0826702,0.905742,-0.404946
89,-0.0682574,-0.244517,0.0930734,-0.0936408,-0.0858104,0.932766,-0.337364,0.217734,-0.0450542,-0.428865,-0.0871792,-0.088045,0.949645,-0.287787
90,-0.0176176,-0.394408,0.0850136,-0.0693487,-0.0832927,0.921208,-0.37367,0.233903,-0.188527,-0.458212,-0.0734433,-0.0739411,0.898512,-0.426398
91,0.107394,-0.635129,0.0460857,0.0817657,0.0562164,-0.843449,0.527966,0.197272,-0.299386,-0.483002,-0.0804042,-0.0508138,0.801679,-0.590138
92,0.18593,-0.701958,0.0809991,0.0732092,-0.00155903,-0.700891,0.7095,0.100213,-0.361701,-0.494992,-0.0682703,0.00898194,0.697934,-0.712844
93,0.235436,-0.893651,0.0639825,0.0592309,-0.00387128,-0.671817,0.738335,0.114045,-0.579343,-0.521159,-0.0573274,0.002502,0.662559,-0.746808
94,0.336237,-1.08224,0.0421601,0.0524567,0.00267896,-0.609,0.791429,0.130242,-0.771214,-0.544443,-0.0511771,-0.00415179,0.593384,-0.80328
95,0.470468,-1.2209,0.0224518,0.0460555,0.00744117,-0.500822,0.864292,0.144665,-0.9171,-0.564742,-0.0446566,-0.00781098,0.476759,-0.877864
96,0.597728,-1.23446,0.0134493,0.0419079,0.00677567,-0.335808,0.940973,0.147641,-1.04015,-0.578467,-0.0421942,-0.00509253,0.291555,-0.95561
97,0.716174,-1.19646,0.0177124,0.0423917,-0.000663826,-0.130479,0.990544,0.215968,-1.12342,-0.58422,-0.0426635,0.00250539,0.0893585,-0.995082
98,0.82773,-1.08843,0.0270005,0.0409393,-0.0100922,0.0974898,0.994343,0.335947,-1.21259,-0.590454,-0.0406038,0.0113656,-0.124694,-0.991299
99,0.918194,-0.995749,0.0347121,0.0398125,-0.0156255,0.236678,0.970646,0.593571,-1.1508,-0.571166,-0.0547311,0.0120717,-0.23621,-0.970084
100,1.38989,-0.708137,0.130166,0.0662976,-0.0544329,0.239819,0.96702,0.977643,-0.957014,-0.523924,-0.0684856,0.0655596,-0.233014,-0.967841
101,1.78924,-0.43181,0.2189,0.0712074,-0.0728803,0.241988,0.964914,1.42691,-0.73308,-0.437467,-0.0711288,0.0765221,-0.232666,-0.966929
102,2.00134,-0.222039,0.283243,0.0689204,-0.0851271,0.304409,0.946223,1.55406,-0.658851,-0.4089,-0.0660817,0.0875627,-0.326979,-0.938643
103,1.88446,-0.283192,0.258241,0.0718639,-0.0760933,0.24759,0.963195,1.38536,-0.655809,-0.429581,-0.0730466,0.0722011,-0.197539,-0.9749
104,1.75414,-0.393655,0.220612,0.0783182,-0.0601225,0.128936,0.986725,1.20024,-0.654728,-0.451277,-0.0788659,0.0596929,-0.0939461,-0.990652
105,1.53818,-0.482078,0.188073,0.0822946,-0.0548736,0.0609667,0.993227,0.949541,-0.653587,-0.477533,-0.0823833,0.0547313,-0.0328538,-0.994554
106,1.31852,-0.584504,0.152984,0.0841995,-0.0458219,-0.0292139,0.994966,0.826177,-0.717838,-0.496908,-0.090734,0.0326579,0.116019,-0.988555
107,1.21951,-0.785175,0.103123,0.0962836,-0.0161126,-0.185441,0.977794,0.678255,-0.723429,-0.50755,-0.0988882,0.0100406,0.235217,-0.966847
108,1.04248,-0.897216,0.0788143,0.0894069,-0.00834298,-0.325451,0.941286,0.567423,-0.707201,-0.51517,-0.0830283,0.00741513,0.393075,-0.91572
109,0.864336,-0.972465,0.069517,0.0844846,-0.0100961,-0.49732,0.863385,0.547181,-0.617383,-0.501691,-0.0853869,0.0132088,0.546544,-0.832961
110,0.741823,-0.872569,0.0738411,0.088745,-0.000747434,-0.608058,0.788917,0.550691,-0.450752,-0.478353,-0.0917429,-0.00385182,0.635667,-0.766483
111,0.658067,-0.77833,0.0729584,0.0922469,0.0151368,-0.682576,0.724811,0.576955,-0.440733,-0.475453,-0.0938944,-0.0193617,0.658179,-0.746732
112,0.739367,-0.810906,0.0779701,0.0893315,0.00624942,-0.61432,0.783959,0.562551,-0.544734,-0.490824,-0.0877806,0.00566415,0.596964,-0.797431
113,0.848243,-0.943994,0.0750086,0.0853875,-0.0114538,-0.521524,0.848876,0.574542,-0.69756,-0.511271,-0.0839178,0.00989376,0.485811,-0.86997
114,0.992667,-0.977453,0.0654398,0.082284,-0.005991,-0.357854,0.930126,0.613145,-0.779936,-0.519192,-0.0878267,0.00794711,0.299,-0.95017
115,1.16363,-0.866366,0.0826189,0.0973016,-0.00812729,-0.188689,0.977171,0.752808,-0.79208,-0.510908,-0.0951937,0.0154738,0.161724,-0.982112
116,1.34923,-0.760104,0.120652,0.090071,-0.0328933,-0.0790427,0.992249,0.944051,-0.788388,-0.498985,-0.0882064,0.0411518,0.0759111,-0.992353
117,1.5587,-0.683837,0.152422,0.0868328,-0.0473708,-0.0168281,0.994954,1.14335,-0.814113,-0.484502,-0.0839247,0.0523351,-0.00418245,-0.995088
118,1.69524,-0.576677,0.180366,0.0764171,-0.0627903,0.171367,0.98023,1.22362,-0.904862,-0.491367,-0.0677946,0.0723971,-0.258967,-0.96078
119,1.61867,-0.50617,0.185929,0.0634603,-0.075904,0.346802,0.932705,1.18411,-0.909618,-0.496511,-0.057217,0.080684,-0.388037,-0.91632
120,1.421,-0.397341,0.186834,0.0421472,-0.0894765,0.564279,0.819639,1.1062,-0.895281,-0.502287,-0.0301576,0.0941953,-0.646824,-0.756198
121,1.03329,-0.397561,0.151224,0.00753229,-0.0935574,0.788415,0.607941,0.986717,-0.804809,-0.49883,-0.0102318,0.0975253,-0.783643,-0.613423
122,0.864691,-0.0294533,0.205505,0.0118928,-0.0981861,0.789732,0.605427,0.894672,-0.533016,-0.462673,-0.00375543,0.0989216,-0.826546,-0.554096
123,0.626425,0.184073,0.234126,-0.00373876,-0.112734,0.830916,0.544845,0.725551,-0.198993,-0.409331,0.00590368,0.115791,-0.845076,-0.521924
124,0.499859,0.12266,0.217244,-0.0153592,-0.114184,0.895004,0.430923,0.637178,-0.17324,-0.412237,0.019237,0.119366,-0.887523,-0.444617
125,0.184128,0.36093,0.262797,-0.00239708,-0.125788,0.908359,0.398816,0.473468,-0.0100295,-0.394523,0.0211715,0.126249,-0.925468,-0.356542
126,0.111535,0.0980142,0.188261,-0.0390503,-0.12158,0.975432,0.179515,0.322874,-0.0313157,-0.415426,0.0403824,0.124221,-0.971147,-0.19953
127,-0.374362,0.211507,0.181695,-0.0315073,-0.128031,0.973837,0.185085,-0.0933074,0.136944,-0.42395,0.0316152,0.127501,-0.975288,-0.177642
128,-0.487029,-0.0770792,0.128985,-0.0394347,-0.113793,0.989766,-0.0765503,-0.115574,-0.00317624,-0.45386,0.0367944,0.115356,-0.990994,-0.057185
129,-0.757977,-0.0731293,0.104779,-0.0440276,-0.113286,0.99258,0.00356298,-0.454684,-0.00329755,-0.484455,0.0503597,0.102891,-0.992502,0.042617
130,-0.981075,-0.152537,0.0665462,-0.0506339,-0.105771,0.992927,0.0185905,-0.800639,-0.0330453,-0.522692,0.0526176,0.107412,-0.991883,-0.0431558
131,-1.21122,-0.111986,0.0509334,-0.053009,-0.112581,0.977009,0.173116,-0.875107,-0.110445,-0.538879,0.0552727,0.112386,-0.946665,-0.296882
132,-1.13101,0.00422354,0.0650853,-0.0522271,-0.112935,0.906882,0.402594,-0.880028,-0.161642,-0.550844,0.0485948,0.103162,-0.874152,-0.472076
133,-1.00476,-0.0463765,0.056542,-0.0373443,-0.0906906,0.835596,0.540519,-0.86278,-0.297492,-0.577339,0.030505,0.0811155,-0.802834,-0.58987
134,-0.889856,-0.173126,0.0358469,-0.0151586,-0.0670751,0.779858,0.622168,-0.84753,-0.471092,-0.605031,0.0119719,0.0647482,-0.750171,-0.657957
135,-0.842138,-0.276064,0.0263881,-0.0104463,-0.0650186,0.753546,0.654089,-0.849677,-0.491201,-0.606905,0.0113802,0.0648592,-0.744134,-0.664777
141,-0.855639,0.001421,0.0954913,0.0196978,-0.09157,0.683291,0.724113,-0.901642,-0.0800573,-0.548961,-0.0383069,0.112125,-0.674526,-0.72868
142,-0.877857,0.426097,0.222472,0.0600526,-0.123446,0.676413,0.723616,-0.866472,0.365306,-0.444371,-0.0604298,0.123208,-0.668098,-0.731309
143,-0.862195,0.675982,0.290811,0.0631802,-0.121798,0.658905,0.739606,-0.849968,0.453717,-0.419224,-0.0649322,0.120961,-0.641237,-0.754962
144,-0.819721,0.887262,0.342663,0.0666146,-0.108886,0.637648,0.759678,-0.780401,0.784787,-0.328635,-0.0664124,0.112785,-0.629226,-0.766122
145,-0.759773,1.05746,0.391232,0.0713141,-0.109038,0.606619,0.784244,-0.710344,0.97465,-0.274254,-0.0705326,0.110243,-0.60056,-0.788796
146,-0.684739,1.26285,0.448973,0.0785404,-0.104691,0.555619,0.821072,-0.620597,1.1678,-0.217224,-0.0772039,0.105679,-0.550706,-0.824375
147,-0.533459,1.73894,0.592147,0.0866362,-0.114817,0.557336,0.817733,-0.449667,1.57694,-0.0843463,-0.0926541,0.128101,-0.547623,-0.821654
148,-0.408151,2.20233,0.772608,0.114105,-0.139673,0.554449,0.81244,-0.258941,1.99529,0.0732329,-0.123175,0.148447,-0.545763,-0.815435
149,-0.300042,2.61263,0.935414,0.121286,-0.150338,0.55275,0.810651,-0.0829074,2.42213,0.258758,-0.120184,0.151842,-0.543335,-0.816876
150,-0.150843,3.10475,1.1302,0.122556,-0.149922,0.55114,0.811633,0.0949939,2.83087,0.440088,-0.121679,0.14859,-0.541918,-0.818193
151,-0.0179395,3.57536,1.31111,0.122612,-0.145314,0.549256,0.813737,0.298963,3.28288,0.629405,-0.115846,0.127234,-0.54214,-0.822482
152,0.136026,3.99835,1.43344,0.122916,-0.111756,0.537463,0.826762,0.404143,3.42065,0.680375,-0.1263,0.100361,-0.494791,-0.853907
153,0.305609,4.21938,1.50608,0.130273,-0.102017,0.505275,0.846947,0.569532,3.65007,0.766116,-0.122368,0.114086,-0.542551,-0.823195
154,0.222741,4.12342,1.47144,0.113715,-0.119428,0.605039,0.778931,0.561389,3.43787,0.693809,-0.107295,0.122304,-0.629734,-0.759582
155,0.184503,3.92772,1.40281,0.101712,-0.123372,0.656906,0.736823,0.557092,3.22633,0.622241,-0.0977748,0.124986,-0.669088,-0.726044
156,0.177762,3.68166,1.32191,0.0953272,-0.126875,0.68287,0.713094,0.552597,2.99912,0.54797,-0.093746,0.128044,-0.691427,-0.704802
157,0.167637,3.44695,1.24955,0.0909076,-0.133643,0.703528,0.692043,0.517715,2.74228,0.457103,-0.0884304,0.167475,-0.697841,-0.69076
158,0.167062,3.1941,1.1804,0.0876453,-0.170882,0.696046,0.691837,0.512782,2.49923,0.361709,-0.0880222,0.170189,-0.699136,-0.688837
159,0.186416,2.92081,1.07863,0.0864791,-0.171005,0.700172,0.687777,0.505691,2.2682,0.270883,-0.0848803,0.172943,-0.711785,-0.675462
160,0.173384,2.66492,0.981765,0.0785683,-0.175901,0.727465,0.658544,0.504073,2.04355,0.18312,-0.072932,0.178315,-0.756005,-0.625572
161,0.115375,2.44898,0.895254,0.0599934,-0.183072,0.787133,0.585925,0.499428,1.89163,0.126958,-0.0478069,0.18149,-0.821107,-0.539036
162,0.033832,2.24227,0.804064,0.0207161,-0.178951,0.86191,0.473982,0.485942,1.74242,0.0798508,0.00906397,0.179232,-0.904526,-0.386816
163,-0.00209839,2.04766,0.72093,-0.0113472,-0.175073,0.895932,0.408078,0.490345,1.60782,0.0349415,-0.000115275,0.166324,-0.857933,-0.486094
164,0.14885,1.9609,0.697668,0.0162467,-0.152488,0.809861,0.566223,0.5098,1.43149,-0.0233516,-0.0252954,0.14375,-0.783543,-0.603951
165,0.198947,1.95379,0.704278,0.0461274,-0.149184,0.767839,0.621321,0.461148,1.47903,-0.0157911,-0.0404029,0.142298,-0.742451,-0.653364
166,0.147058,2.16428,0.784862,0.0591904,-0.162952,0.739569,0.65037,0.407484,1.78566,0.0777279,-0.0665775,0.169333,-0.751321,-0.634358
167,0.0655128,2.16048,0.778587,0.0478974,-0.164201,0.781199,0.600393,0.351448,1.83889,0.0901185,-0.0579443,0.175385,-0.785083,-0.591208
168,-0.100877,2.47148,0.889119,0.0603352,-0.182959,0.787557,0.585354,0.258496,2.00558,0.138399,-0.0501673,0.186003,-0.827955,-0.526666
169,-0.320507,2.64022,0.937125,0.0483604,-0.186482,0.82278,0.534714,0.0170319,2.47253,0.290961,-0.0499891,0.186087,-0.82798,-0.526613
170,-0.609438,3.09136,1.08387,0.045852,-0.187544,0.822582,0.534868,-0.155456,2.78178,0.389886,-0.0537045,0.185707,-0.811229,-0.551847
171,-0.59793,3.11549,1.09718,0.0632928,-0.182466,0.77087,0.607009,-0.145922,2.58325,0.313495,-0.0702071,0.179886,-0.757708,-0.62337
172,-0.589592,2.89368,1.01449,0.0567628,-0.184595,0.790685,0.580964,-0.171967,2.47365,0.267764,-0.0529778,0.1859,-0.812057,-0.550634
173,-0.757874,3.08018,1.07092,0.0519413,-0.186678,0.806856,0.558066,-0.285273,2.66221,0.326813,-0.0644768,0.182868,-0.778762,-0.5966
174,-0.685003,2.98356,1.04382,0.0714417,-0.180202,0.746299,0.636759,-0.278222,2.4649,0.250733,-0.0720193,0.179932,-0.752785,-0.629088
175,-0.696968,2.75057,0.954663,0.0606045,-0.184148,0.780835,0.593897,-0.373299,2.59486,0.289216,-0.059787,0.184259,-0.791803,-0.579243
176,-0.864686,3.06535,1.05845,0.0587157,-0.184418,0.782675,0.591577,-0.396497,2.56451,0.274422,-0.0706023,0.180308,-0.754682,-0.626864
177,-0.75547,2.83988,0.985064,0.0767181,-0.177765,0.72556,0.660361,-0.390824,2.36565,0.198705,-0.0748166,0.177886,-0.744872,-0.63869
178,-0.735229,2.68503,0.930801,0.079288,-0.175378,0.726874,0.659249,-0.415558,2.41684,0.215043,-0.0804653,0.175607,-0.721215,-0.665234
179,-0.77451,2.87816,0.997728,0.0798513,-0.176654,0.712437,0.674426,-0.438999,2.45711,0.227416,-0.0855878,0.173386,-0.700027,-0.68744
180,-0.80044,3.10979,1.08272,0.0846619,-0.17407,0.697785,0.689658,-0.461371,2.7483,0.337645,-0.0882103,0.172299,-0.687638,-0.699776
182,-0.809936,3.35157,1.17478,0.0928923,-0.169811,0.668208,0.718355,-0.469491,2.80017,0.356804,-0.0936841,0.169385,-0.66487,-0.721443
184,-0.763746,3.54241,1.24975,0.100224,-0.165599,0.640626,0.743055,-0.401693,3.36368,0.583368,-0.0976279,0.163465,-0.638784,-0.745455
185,-0.720478,3.77733,1.34134,0.113776,-0.155548,0.583656,0.788801,-0.353438,3.59924,0.675273,-0.102629,0.147174,-0.586432,-0.789876
186,-0.640545,4.29445,1.50291,0.0874621,-0.144721,0.59315,0.787134,-0.242413,4.02709,0.832019,-0.0873097,0.154135,-0.583415,-0.79262
187,-0.559121,4.51293,1.59259,0.0968021,-0.1505,0.554101,0.812989,-0.139122,4.20326,0.906078,-0.100402,0.151065,-0.544668,-0.818801
188,-0.406316,5.01228,1.77153,0.112885,-0.142612,0.555309,0.811511,0.0558612,4.61511,1.07046,-0.119253,0.132307,-0.537458,-0.824265
189,-0.24066,5.19484,1.82654,0.130733,-0.106462,0.513287,0.841493,0.240422,4.8399,1.15893,-0.129965,0.105705,-0.500123,-0.849595
190,-0.0942133,5.3062,1.86595,0.141165,-0.0916444,0.429536,0.887227,0.2122,4.69012,1.10603,-0.149532,0.0775642,-0.317567,-0.933153
191,-0.0257643,4.99458,1.76786,0.157418,-0.057881,0.223699,0.960119,0.170749,4.55537,1.05664,-0.157773,0.0572635,-0.18988,-0.967354
192,-0.0271616,4.98234,1.76179,0.150409,-0.074507,0.333124,0.927822,0.401137,4.68122,1.10891,-0.147335,0.0696569,-0.308678,-0.937101
193,0.28695,5.18845,1.80502,0.151791,-0.0461479,0.264783,0.951168,0.411233,4.72994,1.13002,-0.158783,0.0541978,-0.171935,-0.970716
194,0.15199,5.04615,1.78599,0.16223,-0.0430442,0.133434,0.976741,0.274694,4.7258,1.12128,-0.162206,0.0430171,-0.103183,-0.980404
200,0.023175,4.99075,1.76453,0.15671,-0.0419204,0.116055,0.979906,0.271709,4.68593,1.1073,-0.162003,0.0436707,-0.107085,-0.97999
201,0.151614,5.02102,1.7765,0.161006,-0.0474132,0.162109,0.972394,0.339483,4.68374,1.11022,-0.160207,0.0500445,-0.145799,-0.974973
203,-0.0115704,4.71697,1.68257,0.176115,-0.0150684,-0.11749,0.977217,0.265443,4.49107,1.03946,-0.167542,-0.0102496,0.210855,-0.962998
204,0.161319,4.42085,1.57755,0.166212,0.0233474,-0.296378,0.940207,0.507921,4.30143,0.986821,-0.165241,-0.0294568,0.320143,-0.932382
205,0.565112,4.1124,1.48119,0.165431,0.0283305,-0.326485,0.930182,0.935341,3.98466,0.900057,-0.165168,-0.0294798,0.320116,-0.932403
206,1.01046,3.8448,1.39711,0.165048,0.027864,-0.326546,0.930242,1.36912,3.67208,0.812669,-0.157581,-0.0298875,0.320455,-0.933586
207,1.44307,3.60807,1.32061,0.149019,0.0290943,-0.325596,0.933238,1.79077,3.37634,0.727957,-0.144246,-0.0345103,0.319978,-0.935744
208,1.93271,3.31511,1.21686,0.146637,0.0418706,-0.326842,0.932694,2.22531,3.05364,0.634506,-0.147265,-0.0472176,0.321588,-0.934165
209,2.15694,3.02852,1.12068,0.143223,0.059491,-0.418861,0.894709,2.45717,2.74778,0.537377,-0.142673,-0.0603577,0.405779,-0.900747
210,2.5401,2.68348,1.00397,0.143109,0.0590001,-0.415053,0.896532,2.80948,2.36877,0.41795,-0.142274,-0.0605686,0.405994,-0.900699
211,2.92407,2.31144,0.878478,0.141369,0.0626981,-0.437065,0.886035,3.04535,2.0408,0.313746,-0.136205,-0.0741914,0.486862,-0.859598
212,3.11394,1.9502,0.765122,0.132896,0.0714472,-0.494457,0.856006,3.34328,1.64454,0.185566,-0.0935512,-0.0874971,0.484269,-0.865492
213,3.47529,1.58635,0.671491,0.0516796,0.0634975,-0.486291,0.869953,3.60398,1.25316,0.0829501,-0.0591835,-0.0579895,0.487095,-0.86941
214,3.79112,1.1596,0.585261,0.0588351,0.0550633,-0.487474,0.869411,3.89642,0.780912,-0.00455095,-0.0577912,-0.0555245,0.485605,-0.870497
215,4.12298,0.769661,0.504566,0.0564174,0.0616153,-0.47665,0.875115,3.99042,0.51943,-0.0422865,-0.0756142,-0.0341535,0.370229,-0.925228
216,4.26537,0.769738,0.511701,0.0756985,0.0436983,-0.279515,0.956155,3.96252,0.333838,-0.0646147,-0.117573,0.0273018,0.107546,-0.986846
217,4.30967,0.80883,0.568011,0.114243,-0.0360863,-0.0175735,0.992642,4.003,0.207446,-0.101677,-0.0994457,0.0426787,-0.203356,-0.973106
218,4.31711,0.930098,0.543922,0.0915746,-0.030805,0.280589,0.954953,4.07657,0.157291,-0.101337,-0.0985522,0.017896,-0.415931,-0.903863
219,4.2417,0.988097,0.561089,0.0954361,-0.0242323,0.471832,0.876173,3.99771,0.0708753,-0.12007,-0.0696122,0.0927925,-0.547715,-0.828584
220,4.05593,0.914661,0.575803,0.0604519,-0.10587,0.594038,0.795145,3.97577,-0.0918148,-0.150978,-0.0487108,0.107363,-0.632106,-0.765861
221,3.90249,0.772214,0.522588,0.036438,-0.0938081,0.7278,0.678365,3.93424,-0.109714,-0.158362,-0.0433538,0.0962603,-0.758846,-0.642657
222,3.81523,0.755596,0.522253,0.0429673,-0.0946047,0.777417,0.620344,3.89346,-0.258938,-0.177318,0.0293641,0.0841348,-0.851983,-0.51593
223,3.75316,0.606058,0.480186,0.0105708,-0.082864,0.839911,0.536257,3.90261,-0.319237,-0.183941,0.0315801,0.0804073,-0.884929,-0.457645
224,3.63997,0.416632,0.419566,-0.0334963,-0.0771122,0.917244,0.389353,3.91269,-0.431481,-0.198498,0.0340617,0.0685849,-0.953757,-0.290661
225,3.57016,0.144993,0.382861,-0.0345163,-0.0589524,0.981143,0.180806,3.63016,-0.387551,-0.215937,0.0434712,0.0719613,-0.979942,-0.180679
226,3.03462,0.234357,0.36115,-0.0405313,-0.0795169,0.981303,0.170526,3.14121,-0.223153,-0.226918,0.0262005,0.0943795,-0.979295,-0.177163
227,2.53152,0.329965,0.37753,-0.0239172,-0.108662,0.978799,0.171971,2.59617,-0.0498785,-0.222119,0.026561,0.120647,-0.976781,-0.175039
228,2.14024,0.338408,0.376136,-0.0242101,-0.117532,0.987771,0.0995405,2.56107,-0.132257,-0.240751,0.0223211,0.101478,-0.993457,0.0473987
229,2.15374,0.19032,0.348219,-0.0223533,-0.0979575,0.991944,0.0771486,2.20992,-0.139193,-0.258804,0.0229848,0.101544,-0.992841,-0.0585415
230,1.58807,0.15504,0.31908,-0.0332,-0.110928,0.991883,0.0525378,1.91983,-0.196114,-0.288212,0.038621,0.094836,-0.985017,0.138768
231,1.58119,-0.182795,0.27106,-0.0365763,-0.0896402,0.969095,-0.226894,1.93438,-0.34276,-0.309186,0.0360038,0.0667884,-0.913758,0.39911
232,1.71833,-0.437671,0.250611,-0.0367907,-0.060692,0.897592,-0.435076,1.90327,-0.464965,-0.339207,0.05444,0.0600607,-0.92938,0.360115
233,1.60229,-0.517794,0.187291,-0.0679654,-0.0589229,0.957757,-0.273148,1.75269,-0.535035,-0.364776,0.0796521,0.0752328,-0.979597,0.168478
234,1.40013,-0.462704,0.170538,-0.0748742,-0.0780235,0.984008,-0.141546,1.5853,-0.538937,-0.385828,0.0719663,0.0768894,-0.985657,0.131868
235,1.24209,-0.514836,0.149883,-0.0729035,-0.0753362,0.978751,-0.176229,1.38399,-0.549759,-0.411022,0.0808767,0.0641535,-0.943747,0.314141
236,1.14271,-0.661049,0.118168,-0.0812083,-0.0635222,0.936682,-0.334659,1.25696,-0.56105,-0.428065,0.0842063,0.0562408,-0.906469,0.409951
237,1.0611,-0.731409,0.0998029,-0.0831206,-0.0581364,0.910591,-0.400669,1.25206,-0.583417,-0.432954,0.0740216,0.0673618,-0.958125,0.268292
238,0.948288,-0.624107,0.108015,-0.0663039,-0.0732624,0.975635,-0.195888,1.26448,-0.764544,-0.463184,0.0357207,0.0923328,-0.978284,-0.182099
239,0.978546,-0.484285,0.132867,-0.0321147,-0.0936468,0.972276,0.211844,1.15508,-0.788024,-0.478812,0.0411382,0.089938,-0.987408,-0.12347
240,0.827901,-0.644829,0.0923162,-0.0458755,-0.0876149,0.993456,0.0571256,1.0771,-0.943407,-0.513577,0.0695382,0.0703336,-0.969718,0.223302
241,0.85774,-1.08998,0.0183466,-0.0741235,-0.0654799,0.948274,-0.301653,1.05507,-1.00192,-0.525898,0.0842677,0.051782,-0.888823,0.44745
242,0.954334,-1.23712,0.00226545,-0.0851404,-0.0503351,0.877241,-0.469751,0.9798,-1.01184,-0.526478,0.0851033,0.0433184,-0.776824,0.622435
243,1.07624,-1.32166,0.0118891,0.0836445,0.0364816,-0.711354,0.696884,0.864218,-1.02856,-0.534171,0.0789763,-0.00481334,-0.601133,0.795223
244,1.13912,-1.35484,0.0290419,0.0778241,0.0066733,-0.576969,0.813023,0.880755,-1.17244,-0.552949,0.0749273,-0.00339184,-0.498657,0.863549
245,1.27076,-1.42822,0.0267966,0.072818,-0.0035707,-0.442499,0.893801,0.907716,-1.26262,-0.563382,0.075939,-0.00418322,-0.320187,0.944296
246,1.40691,-1.38411,0.0297966,0.0793443,-0.00516174,-0.275547,0.957994,1.02294,-1.27945,-0.556771,0.0882716,-0.00706399,-0.181787,0.979342
247,1.62412,-1.30437,0.0480332,0.0907659,-0.0104092,-0.153823,0.983866,1.42955,-1.41593,-0.547838,0.0974065,-0.025441,-0.158162,0.982268
248,2.01753,-1.34515,0.0802835,0.0941999,-0.0360087,-0.116597,0.988046,1.72263,-1.47105,-0.528704,0.0898608,-0.0550769,-0.0899945,0.99035
249,2.33274,-1.31831,0.124644,0.0877259,-0.0604887,-0.0390674,0.993539,2.16552,-1.53969,-0.481762,0.0871102,-0.0631823,-0.0530739,0.992775
250,2.85177,-1.3198,0.18339,0.0878402,-0.0621642,-0.0417789,0.993315,2.64131,-1.59632,-0.425794,0.0871415,-0.0631378,-0.0535646,0.992749
251,3.37926,-1.30828,0.244914,0.0876047,-0.0621168,-0.0420095,0.993329,3.1661,-1.62381,-0.383511,0.0550712,-0.0439227,-0.0513754,0.996192
252,3.88426,-1.26406,0.262995,0.0486028,-0.0410357,-0.0439132,0.997008,3.37839,-1.67869,-0.37016,0.0431286,-0.0531455,0.0620394,0.995724
253,3.96279,-1.16876,0.282851,0.0403754,-0.053818,0.108756,0.991789,3.45211,-1.64077,-0.357959,0.0313949,-0.0583942,0.223997,0.972332
254,3.96991,-1.00009,0.299598,0.0286389,-0.0588675,0.270902,0.960378,3.46835,-1.63515,-0.354838,0.0201403,-0.0627081,0.383501,0.921189
255,3.86851,-0.888183,0.303203,0.0196765,-0.0646099,0.446495,0.892233,3.34495,-1.63837,-0.36576,0.0110741,-0.0657793,0.601278,0.796251
256,3.52645,-0.832644,0.279989,0.00518299,-0.0679892,0.67408,0.735504,3.19871,-1.67532,-0.380466,-0.00209367,-0.0789608,0.843392,0.531461
257,3.18743,-0.938178,0.256419,-0.00375872,-0.0779405,0.858486,0.506865,3.139,-1.65714,-0.387924,-0.0301724,-0.0520534,0.94393,0.324618
258,2.97928,-1.06673,0.206381,-0.0309365,-0.0548272,0.958306,0.278722,3.11238,-1.67565,-0.392765,-0.0338412,-0.0493715,0.99753,0.0367519
259,2.89863,-1.32944,0.184761,-0.0344495,-0.0447679,0.997646,-0.038881,2.99709,-1.73281,-0.40641,-0.0380601,-0.0377074,0.986387,-0.155465
260,2.82299,-1.51274,0.165649,-0.0376981,-0.0369795,0.984663,-0.166285,2.95938,-1.63847,-0.405333,-0.0605442,-0.0339028,0.928849,-0.363901
261,2.87219,-1.57833,0.143415,-0.0628351,-0.0345037,0.916635,-0.393246,2.92493,-1.66106,-0.407656,-0.0850163,-0.0265904,0.852143,-0.515672
262,2.94733,-1.67008,0.129133,0.0859933,0.026622,-0.846505,0.524715,2.90666,-1.71427,-0.411617,-0.100761,-0.0232152,0.793226,-0.600084
263,3.0245,-1.7567,0.118765,0.104617,0.0229669,-0.776431,0.621034,2.851,-1.80471,-0.432213,-0.0897695,-0.00780353,0.684467,-0.723454
264,3.10874,-1.85524,0.128117,0.0787104,0.0048194,-0.667444,0.740473,2.82762,-1.77163,-0.432644,-0.0708271,0.00419482,0.607622,-0.791051
265,3.15812,-1.81044,0.142195,0.0717169,-0.00482019,-0.590104,0.804121,2.81159,-1.68966,-0.427502,-0.076538,0.00982863,0.509119,-0.85723
266,3.21764,-1.67561,0.155881,0.0776148,-0.0105153,-0.4863,0.870274,2.79042,-1.63104,-0.421682,-0.0821286,0.0272091,0.345162,-0.934547
267,3.30342,-1.51541,0.189207,0.0836877,-0.0329993,-0.29725,0.950552,2.76929,-1.679,-0.422206,-0.0874112,0.0578133,0.0886031,-0.990538
268,3.35628,-1.3647,0.23096,0.0858605,-0.0614908,-0.0317924,0.993899,3.01625,-1.69135,-0.400619,-0.0443465,0.0279986,-0.0308977,-0.998146
269,3.60619,-1.26265,0.246784,0.0585074,-0.0448211,0.0619898,0.995352,3.40011,-1.65945,-0.366961,-0.0464225,0.0578886,-0.0521259,-0.99588
270,4.05454,-1.17509,0.295214,0.0436874,-0.0580994,0.0607863,0.9955,3.78754,-1.62261,-0.321831,-0.0425589,0.0588186,-0.0693098,-0.99495
271,4.34488,-1.07484,0.331075,0.0423774,-0.0589489,0.0893783,0.993348,4.016,-1.60779,-0.296131,-0.0386212,0.0583056,-0.136129,-0.988219
272,4.64396,-0.953291,0.360319,0.0373944,-0.0476155,0.147207,0.987251,4.56414,-1.44313,-0.26102,-0.0217224,-0.00384023,-0.139004,-0.990046
273,5.1541,-0.723545,0.341869,0.0191567,0.0103285,0.144868,0.989212,4.86535,-1.31141,-0.248968,0.00433753,-0.0306648,-0.190687,-0.981162
274,5.44176,-0.506267,0.329418,-0.0103066,0.0281974,0.193669,0.980607,5.2154,-1.18621,-0.256571,-0.000591693,0.00593437,-0.235354,-0.971891
275,5.65602,-0.333621,0.359198,0.00615022,-0.0130788,0.264126,0.96438,5.27304,-1.20916,-0.260665,0.00443989,0.0153478,-0.417899,-0.908353
276,5.61895,-0.234955,0.353917,-0.00471683,-0.0153429,0.435314,0.900136,5.27086,-1.27244,-0.261227,0.00683843,0.0147031,-0.546507,-0.837298
277,5.52052,-0.243239,0.350565,-0.00701961,-0.0147126,0.562886,0.826374,5.27002,-1.28216,-0.261332,0.00699639,0.0146836,-0.55567,-0.831244
281,5.43774,-0.28506,0.347442,-0.0083765,-0.0140513,0.652063,0.757988,5.26803,-1.47774,-0.262867,0.0088279,0.0134978,-0.678258,-0.734647
282,5.41993,-0.444593,0.345204,-0.00887507,-0.0134108,0.686037,0.727389,5.26627,-1.63689,-0.26382,0.00918222,0.0130621,-0.700575,-0.7134
285,5.29905,-0.0840176,0.345479,-0.00514556,-0.00655462,0.780964,0.624521,5.21592,-0.710713,-0.23687,-0.0228388,0.0215162,-0.778386,-0.627002
286,5.15005,0.370823,0.405389,0.0293701,-0.0296117,0.779501,0.625011,5.13697,-0.230872,-0.213116,-0.0527926,0.0136564,-0.777252,-0.626822
287,5.00426,0.849893,0.435755,0.0581247,-0.00248412,0.778651,0.624754,5.10795,0.0961872,-0.197629,-0.0765531,0.00404133,-0.835971,-0.543392
288,4.85247,1.12181,0.466442,0.0768122,-0.00354436,0.837347,0.541237,4.93438,0.521083,-0.135658,-0.0779965,-0.00177078,-0.826952,-0.556834
289,4.7021,1.50003,0.514463,0.0784387,0.0107944,0.797593,0.597977,5.04786,0.404491,-0.154368,-0.0740541,-0.0487782,-0.706368,-0.702269
290,4.92231,1.47179,0.470945,0.0743095,0.0497854,0.707134,0.701399,5.03458,0.243557,-0.167385,-0.0721788,-0.0273951,-0.680527,-0.728645
291,4.96962,1.28951,0.462746,0.071951,0.0308778,0.681766,0.727368,5.03264,0.10301,-0.183256,-0.0727625,-0.0111764,-0.606765,-0.791465
292,5.05373,1.11403,0.447966,0.0730933,0.0162878,0.608584,0.789948,5.03849,-0.0233359,-0.194669,-0.0682655,-0.0230199,-0.497911,-0.864231
293,5.1653,0.964794,0.425329,0.0684947,0.023406,0.50692,0.858949,5.0404,-0.143582,-0.205256,-0.0595835,-0.0297558,-0.318526,-0.945572
294,5.31603,0.745535,0.396535,0.0595751,0.0280843,0.327118,0.942685,5.01054,-0.140652,-0.202312,-0.0525193,-0.0408768,-0.140669,-0.987817
295,5.35914,0.583897,0.376173,0.0519793,0.041957,0.124682,0.989946,5.11014,-0.142151,-0.208587,-0.0585629,-0.0257087,-0.252966,-0.965359
296,5.39985,0.689969,0.391906,0.0587809,0.0257777,0.263313,0.962573,5.14964,-0.216971,-0.219507,-0.0609818,-0.0421794,-0.435873,-0.896948
297,5.34921,0.745743,0.377537,0.0595351,0.0429878,0.454493,0.887718,5.12288,-0.328389,-0.223842,-0.0521269,-0.0169006,-0.399105,-0.915266
298,5.39425,0.57969,0.386003,0.0529462,0.0142963,0.36616,0.928934,5.26822,-0.344253,-0.229063,-0.0483624,-0.00831333,-0.20922,-0.976637
299,5.62773,0.453604,0.376143,0.0456505,0.0093223,0.178393,0.982856,5.4754,-0.343699,-0.250815,-0.0307025,-0.0300535,-0.078272,-0.996006
300,5.86156,0.388135,0.326415,0.0275376,0.0365004,0.0665445,0.996735,5.75485,-0.320477,-0.304942,0.00851001,-0.0975498,-0.0166133,-0.995056
301,6.13851,0.389109,0.205387,-0.0208632,0.118509,0.00984304,0.992685,6.10649,-0.295185,-0.411422,0.0519539,-0.156973,0.00769514,-0.986205
302,6.42299,0.423574,0.0939688,-0.0515011,0.156822,-0.00672595,0.98626,6.30176,-0.257636,-0.470367,0.0744279,-0.179832,0.11622,-0.973968
303,6.65828,0.385681,0.00935512,-0.0763922,0.180925,-0.105528,0.97483,6.3258,-0.220891,-0.47465,0.0921263,-0.181323,0.331125,-0.921407
304,6.61284,0.281675,0.0271744,-0.0963199,0.178734,-0.318101,0.926061,6.28266,-0.278926,-0.461886,0.111689,-0.115052,0.487926,-0.858031
305,6.47713,0.135127,0.110235,-0.112477,0.112955,-0.492068,0.855838,6.30722,-0.348517,-0.471942,0.167105,-0.0417105,0.629384,-0.757768
306,6.35761,0.0144518,0.198303,-0.169051,0.0440832,-0.66051,0.730209,6.39367,-0.839578,-0.406927,0.15171,-0.0362385,0.631866,-0.759221
307,6.49334,-0.525087,0.262547,-0.149591,0.0393874,-0.652443,0.741882,6.48476,-1.31311,-0.347171,0.141651,-0.0266522,0.647813,-0.748039
308,6.5998,-0.9705,0.321379,-0.140306,0.0320164,-0.659543,0.737761,6.60329,-1.31521,-0.372267,0.124406,0.00547686,0.823041,-0.554163
309,6.51698,-0.919542,0.320497,-0.124431,-0.0026153,-0.836978,0.532896,6.61021,-1.29649,-0.377174,0.123946,0.00613416,0.822307,-0.555348
312,6.50821,-0.823997,0.307802,0.12216,0.0223466,0.867641,-0.481431,6.79899,-1.2417,-0.432497,0.0992093,0.0578857,0.944865,-0.306653
313,6.52169,-0.679247,0.266954,0.0991414,0.0563582,0.951567,-0.285509,6.96217,-1.23312,-0.460034,0.092437,0.0773448,0.980561,-0.15483
314,6.60786,-0.554005,0.234041,0.0909591,0.0743701,0.983562,-0.13712,7.17829,-1.21632,-0.501942,0.117244,0.102588,0.98551,-0.0670837
315,6.83618,-0.439645,0.207741,0.119527,0.102886,0.986077,-0.0527332,7.42295,-1.22284,-0.556002,0.118757,0.109553,0.98672,-0.016707
316,7.07226,-0.385838,0.15362,0.118633,0.109266,0.986879,-0.00748565,7.70252,-1.23465,-0.619239,0.111864,0.111825,0.987402,0.00435492
317,7.35227,-0.353293,0.0848929,0.112493,0.111091,0.987357,0.0114364,7.96109,-1.2456,-0.676997,0.108247,0.112671,0.98765,0.0116637
318,7.61547,-0.331806,0.0236547,0.109045,0.111903,0.987525,0.0195186,8.22812,-1.25745,-0.735033,0.107619,0.113375,0.987549,0.0176716
319,7.8476,-0.314513,-0.0249277,0.108452,0.112475,0.987406,0.0248364,8.12856,-1.14879,-0.737503,0.0933968,0.125261,0.978528,0.134421
320,7.85736,-0.117679,-0.0742978,0.0947941,0.124549,0.977187,0.143554,7.65102,-1.0007,-0.660695,0.0957656,0.126916,0.978015,0.134935
321,7.30947,-0.00104864,0.0123402,0.0972041,0.126047,0.976734,0.143716,7.43404,-0.899628,-0.632783,0.0929762,0.130954,0.970633,0.179101
322,7.11226,0.114948,0.0293833,0.0943005,0.130084,0.968909,0.188153,6.97367,-0.711912,-0.565044,0.0949133,0.130612,0.970396,0.179623
323,6.6213,0.260487,0.0994407,0.0960559,0.129764,0.96881,0.187993,6.67023,-0.560112,-0.534906,0.077347,0.122577,0.95147,0.271473
324,6.35703,0.436101,0.101934,0.0753942,0.123396,0.940366,0.307899,6.33002,-0.31393,-0.472168,0.153289,0.095495,0.939239,0.291915
325,5.94268,0.689633,0.253265,0.165631,0.097862,0.940907,0.278719,5.90268,-0.0332301,-0.343555,0.179558,0.0534868,0.935087,0.300848
326,5.55042,0.887371,0.377589,0.179794,0.0612327,0.941169,0.279511,5.47647,0.218401,-0.247388,0.110793,0.020017,0.945777,0.304679
327,5.03402,1.1166,0.441842,0.104881,0.0152916,0.948865,0.297357,5.01602,0.526128,-0.138741,0.113825,-0.00830093,0.945174,0.305975
328,4.61771,1.32412,0.546587,0.1158,-0.00278595,0.947994,0.296461,4.59143,0.792974,-0.0615281,0.0671772,-0.0302499,0.948466,0.308196
329,4.12323,1.54803,0.59992,0.0712861,-0.0312632,0.95057,0.300595,4.1881,1.08653,0.0166976,0.0757464,-0.0326206,0.947056,0.310296
330,3.68549,1.78421,0.68513,0.0759945,-0.032342,0.949353,0.303164,3.95848,1.22253,0.0596517,0.0783608,-0.0255825,0.920395,0.382202
331,3.44892,1.96835,0.733797,0.0787423,-0.0243636,0.920938,0.380894,3.69344,1.48961,0.124024,0.0763944,-0.0262625,0.901203,0.425802
332,3.1783,2.21174,0.796021,0.0785503,-0.0241834,0.899836,0.428416,3.48907,1.72243,0.182169,0.101344,-0.0520281,0.869036,0.481456
333,2.95874,2.46306,0.879863,0.100731,-0.0565384,0.882184,0.456517,3.39589,1.91201,0.243647,0.152407,-0.0792004,0.829651,0.531204
334,2.88686,2.66813,0.987951,0.15277,-0.0762427,0.837353,0.519315,3.17754,2.30013,0.398572,0.138708,-0.120331,0.815139,0.549389
335,2.65439,3.02339,1.16501,0.167171,-0.114229,0.830098,0.519561,3.04531,2.53747,0.473374,0.091509,-0.124664,0.792765,0.589583
336,2.4986,3.26228,1.19304,0.0938227,-0.122957,0.803503,0.574858,3.04348,2.45958,0.448579,0.101771,-0.115601,0.733135,0.662414
337,2.5226,3.29893,1.20612,0.103407,-0.114178,0.752959,0.639784,3.05801,2.2394,0.378298,0.102901,-0.114642,0.726618,0.669548
338,2.60881,3.07041,1.13429,0.105361,-0.112336,0.742854,0.651497,3.06646,1.99063,0.297293,0.106918,-0.114741,0.714033,0.682319
339,2.67463,2.82063,1.05732,0.109031,-0.112309,0.732631,0.662383,3.06421,1.76201,0.22928,0.100106,-0.109285,0.703061,0.695515
340,2.73063,2.57966,0.980804,0.105971,-0.112595,0.721089,0.675368,3.05986,1.53011,0.167707,0.087656,-0.0990045,0.676802,0.724192
341,2.78648,2.36418,0.914212,0.0927004,-0.100586,0.702108,0.698809,3.05791,1.32944,0.11164,0.0827553,-0.0818901,0.635168,0.763549
342,2.85696,2.14687,0.8412,0.0859657,-0.0856605,0.673131,0.729497,3.1312,1.53172,0.172243,0.0966553,-0.0955703,0.600496,0.78799
343,2.97671,2.28137,0.890692,0.100289,-0.0955462,0.623646,0.769336,3.37313,2.06061,0.29303,0.164576,-0.0234639,0.60767,0.776596
344,3.06718,2.74897,0.980971,0.157574,-0.0197932,0.630679,0.75962,3.46938,2.39449,0.367195,0.194469,0.00138123,0.638859,0.744338
345,3.09496,3.15361,1.05601,0.195232,0.0253691,0.658401,0.726463,3.54844,2.66797,0.431283,0.209655,-0.0137942,0.704631,0.677753
346,3.07255,3.45548,1.15561,0.210304,-0.00640586,0.727293,0.653281,3.56246,2.42385,0.351466,0.212235,0.00663969,0.672352,0.709123
348,3.18897,3.13231,1.0526,0.202711,0.000451875,0.664936,0.718866,3.45794,2.36398,0.355294,0.197808,-0.0373387,0.723166,0.660688
349,3.01155,3.10371,1.0807,0.196479,-0.0290191,0.745708,0.635982,3.46212,2.50823,0.397788,0.189941,-0.0260348,0.6904,0.697562
350,2.99209,3.37239,1.14816,0.188487,-0.0188582,0.707928,0.680408,3.46892,2.2858,0.3297,0.191429,-0.00972616,0.665921,0.720978
351,3.07879,3.12836,1.06044,0.19378,-0.00369993,0.691586,0.695805,3.42259,2.10132,0.296995,0.174842,-0.0535111,0.607108,0.773296
352,3.12275,2.93293,1.03342,0.178572,-0.0443974,0.646282,0.740582,3.39693,1.96695,0.276132,0.157487,-0.0651329,0.511049,0.842487
353,3.21187,2.75658,0.998344,0.161412,-0.0574077,0.556985,0.812661,3.58682,2.03183,0.262591,0.165798,0.049551,0.384702,0.906675
354,3.3931,2.75451,0.977265,0.16789,-0.0244441,0.467407,0.86761,3.75804,2.15998,0.257391,0.17223,0.0689116,0.312016,0.931791
355,3.66113,2.89239,0.855973,0.162839,0.0737801,0.35818,0.916377,3.99807,2.33207,0.240933,0.155602,0.0639826,0.247053,0.954285
356,3.87376,2.95889,0.836195,0.162964,0.0689464,0.260628,0.949085,4.31771,2.51199,0.187687,0.102822,0.0660698,0.196449,0.972867
357,4.16336,3.10198,0.791161,0.116828,0.058773,0.209244,0.969079,4.64002,2.58275,0.127687,0.080214,0.101638,0.105111,0.985995
358,4.50526,3.22053,0.692586,0.0783729,0.0852662,0.145541,0.98255,4.89355,2.55151,0.0664399,0.0631852,0.125989,-0.0189921,0.989835
359,4.84658,3.17759,0.584829,0.0705836,0.12163,0.028939,0.98964,5.21135,2.55063,-0.0217638,0.0284887,0.165183,-0.112938,0.979361
360,5.15935,3.11224,0.462855,0.0317852,0.169475,-0.0640328,0.982938,5.595,2.39974,-0.137415,0.0373657,0.135737,-0.180835,0.973385
361,5.53731,2.93777,0.364586,0.037783,0.14049,-0.156369,0.976926,5.82557,2.32586,-0.204694,0.0129198,0.111908,-0.288661,0.950781
362,5.84182,2.84,0.312528,0.0135014,0.111398,-0.202395,0.972854,6.20621,2.07949,-0.303549,-0.0130369,0.138888,-0.322206,0.936335
363,6.14581,2.61098,0.24479,0.0173976,0.0979059,-0.281193,0.954485,6.53965,1.82119,-0.436936,-0.0668866,0.159391,-0.36629,0.914304
364,6.45837,2.38343,0.104806,-0.0842842,0.171333,-0.349185,0.917394,6.63546,1.70001,-0.469838,-0.000788695,0.201131,-0.0910671,0.975322
365,6.67882,2.3924,0.0186821,-0.0301496,0.185015,-0.192931,0.96314,6.86938,1.68489,-0.567643,0.00455724,0.207483,-0.074562,0.975382
366,6.86212,2.44301,-0.0574017,0.00279153,0.205988,-0.0633554,0.976497,7.07048,1.67086,-0.649289,-0.0050315,0.210533,-0.178418,0.961154
367,7.18936,2.38152,-0.189326,-0.00906173,0.210361,-0.161279,0.964186,7.35936,1.59987,-0.771623,-0.0141445,0.20573,-0.298492,0.931868
368,7.327,2.31471,-0.197763,-0.112704,0.167226,-0.327792,0.922977,7.48935,1.62782,-0.824253,-0.0289423,0.174565,-0.171217,0.969213
369,7.54182,2.3054,-0.315316,-0.0255333,0.193304,-0.223245,0.955062,7.65759,1.66258,-0.881747,-0.0322587,0.166338,-0.106886,0.979728
370,7.73999,2.44693,-0.366539,-0.0302998,0.173465,-0.109589,0.978255,7.82517,1.68926,-0.942164,-0.0384855,0.14846,-0.0878352,0.984258
371,7.93208,2.5356,-0.417607,-0.0391987,0.157321,-0.0819846,0.983358,8.02149,1.70202,-1.00614,-0.0358967,0.144706,-0.0621009,0.986871
372,8.11794,2.59762,-0.47179,-0.0389842,0.143518,-0.0619939,0.986934,8.21579,1.70034,-1.06466,-0.0337714,0.146546,-0.0332642,0.988067
373,8.32574,2.65699,-0.535211,-0.0372298,0.145697,-0.0316784,0.988121,8.52702,1.69001,-1.16013,-0.0281264,0.148753,-0.0101045,0.988423
374,8.5726,2.70228,-0.609221,-0.0321663,0.147233,-0.00929651,0.988535,8.75736,1.68347,-1.23048,-0.0301229,0.148275,-0.0282268,0.988084
375,8.80902,2.73615,-0.680217,-0.0289954,0.14854,0.0018165,0.98848,8.92693,1.67503,-1.27875,-0.0304894,0.146452,-0.0751177,0.98589
376,9.04823,2.73511,-0.748803,-0.0331954,0.147545,-0.0299283,0.988045,9.09809,1.66858,-1.33004,-0.0449697,0.138989,-0.158507,0.976491
377,9.23894,2.69773,-0.797593,-0.0355432,0.144697,-0.0957686,0.984189,9.22401,1.65863,-1.36587,-0.0599332,0.131179,-0.280133,0.949066
378,9.41486,2.61827,-0.838045,-0.0616049,0.130822,-0.222074,0.964248,9.38878,1.63935,-1.40772,-0.0942573,0.101,-0.490717,0.860297
379,9.4539,2.49853,-0.834738,-0.0808772,0.112804,-0.400476,0.905733,9.55574,1.63525,-1.45081,-0.143731,0.0619611,-0.713431,0.683021
380,9.43542,2.4027,-0.802577,-0.125438,0.074643,-0.638009,0.756068,9.52461,1.37244,-1.42601,-0.132735,0.0423338,-0.827433,0.544008
381,9.34251,2.32996,-0.754799,-0.148512,0.0385043,-0.828976,0.53783,9.3189,0.86907,-1.34422,-0.112827,0.0574735,-0.830803,0.541971
382,9.18248,1.83686,-0.714152,-0.109631,0.053998,-0.83021,0.54389,9.11842,0.372875,-1.27281,-0.118225,0.061902,-0.8296,0.542176
383,9.05672,1.35675,-0.645363,-0.116822,0.0631352,-0.828695,0.54372,8.9664,-0.0136846,-1.19127,-0.172226,0.0286969,-0.82024,0.544721
384,8.91465,0.855279,-0.549382,-0.140403,0.0489099,-0.827704,0.541111,8.76459,-0.408189,-1.08554,-0.176858,-0.0317853,-0.813123,0.553663
385,8.80773,0.47444,-0.388916,-0.195928,-0.00139264,-0.824698,0.53055,8.61115,-0.822921,-0.935475,-0.17499,-0.0333231,-0.814168,0.552629
386,8.65316,0.0571664,-0.269755,-0.176768,-0.0292473,-0.8245,0.536747,8.44093,-1.26294,-0.781486,-0.162628,-0.0307221,-0.820754,0.546783
387,8.49441,-0.446758,-0.0991788,-0.17417,-0.0286426,-0.828162,0.531971,8.25892,-1.70066,-0.639508,-0.152864,-0.032324,-0.823383,0.545553
388,8.34509,-0.892181,0.0235793,-0.153387,-0.0297595,-0.832751,0.531142,8.32954,-1.82259,-0.630136,-0.15254,0.0135396,-0.64877,0.745416
389,8.35125,-1.2515,0.101528,-0.151605,-0.00661862,-0.775051,0.613407,8.5241,-1.83548,-0.668667,-0.144091,0.0604047,-0.366637,0.917151
390,8.75113,-1.1959,0.012337,-0.152263,0.0350251,-0.544124,0.824329,8.69928,-1.85003,-0.70557,-0.130484,0.0850848,-0.197038,0.967941
391,9.05038,-1.0708,-0.0757116,-0.140447,0.068458,-0.3239,0.9331,8.61319,-1.85099,-0.688421,-0.115418,0.0981941,-0.0925947,0.984105
392,9.29742,-0.955484,-0.152065,-0.126877,0.0881031,-0.170353,0.973201,8.60177,-1.84973,-0.686474,-0.112858,0.100458,-0.074559,0.985704
393,9.20956,-0.895248,-0.151885,-0.114064,0.0992641,-0.0772017,0.985483,8.80039,-1.85593,-0.729335,-0.123927,0.0919281,-0.154755,0.975829
395,9.42514,-0.967914,-0.178618,-0.130315,0.0875224,-0.202318,0.966657,9.09847,-1.84481,-0.793937,-0.163154,0.0356964,-0.462536,0.870728
396,9.51977,-1.06956,-0.162351,-0.151797,0.0557372,-0.382836,0.909553,9.24725,-1.80531,-0.826737,-0.178125,-0.0197162,-0.689312,0.701948
397,9.47735,-1.13384,-0.117505,-0.174292,0.00960151,-0.607168,0.775163,9.3384,-1.68777,-0.883118,-0.163067,-0.0596089,-0.833941,0.523831
398,9.39011,-1.0715,-0.0980795,-0.173917,-0.0499762,-0.809396,0.558689,9.21531,-1.85523,-0.814248,-0.155674,-0.0672023,-0.878189,0.44725
399,9.318,-0.856768,-0.152648,0.158565,0.0764041,0.881908,-0.437331,9.06194,-2.06026,-0.721673,-0.130528,-0.0875122,-0.918266,0.363445
400,9.11557,-1.15737,-0.0459808,0.144598,0.0787547,0.906281,-0.389286,8.74592,-2.38498,-0.604925,-0.117562,-0.0559693,-0.922075,0.36445
401,8.84267,-1.44659,0.0596617,0.124092,0.0713861,0.921373,-0.361354,8.37536,-2.74146,-0.472767,-0.12031,-0.0488278,-0.920354,0.368904
402,8.52358,-1.84852,0.175023,0.119174,0.0521993,0.922809,-0.362625,8.18936,-2.92007,-0.403904,-0.119582,-0.0594838,-0.945347,0.297458
403,8.23162,-2.21031,0.289945,0.12089,0.0451727,0.920855,-0.367928,7.77314,-3.22753,-0.280281,-0.113914,-0.0412066,-0.94647,0.2992
404,8.00809,-2.33873,0.357427,0.121154,0.0535049,0.944801,-0.299683,7.69912,-3.18199,-0.272126,-0.130547,-0.0133083,-0.874538,0.466865
405,7.68382,-2.68334,0.45662,0.112852,0.0372127,0.938748,-0.323468,7.7191,-3.01617,-0.300213,-0.128469,-0.0250638,-0.91683,0.377215
406,7.82813,-2.63786,0.424886,-0.129897,-0.00818889,-0.855484,0.501205,7.58548,-3.02116,-0.276757,-0.123598,-0.0108813,-0.823497,0.553587
407,7.63144,-2.60673,0.435657,0.0981366,0.0307326,0.889097,-0.446016,7.59755,-2.99571,-0.282705,-0.12424,-0.0103651,-0.825004,0.551203
408,7.74381,-2.52557,0.416559,-0.123666,-0.0101663,-0.826694,0.548798,7.60498,-2.98022,-0.286348,-0.124626,-0.010037,-0.825878,0.549812
414,7.67988,-2.30521,0.39974,0.129383,0.0201986,0.895592,-0.425168,7.31919,-2.90776,-0.251318,-0.0893731,-0.0513137,-0.963925,0.245412
415,7.48245,-2.12412,0.400777,0.113502,0.0381479,0.955675,-0.268976,7.04028,-2.96122,-0.201347,-0.08503,-0.0593092,-0.981832,0.158926
416,7.23689,-2.15942,0.420757,0.0829762,0.0609923,0.983877,-0.146223,6.57151,-3.11355,-0.108784,-0.0842318,-0.0587101,-0.981728,0.160216
417,6.74929,-2.38945,0.521588,0.084864,0.0593093,0.980644,-0.166188,6.1112,-3.20751,-0.0862526,0.0289668,-0.0718013,-0.991595,0.103654
418,6.27869,-2.60703,0.551706,0.0265083,0.0578482,0.984541,-0.163185,5.67728,-3.23859,-0.103572,0.0105511,-0.0723802,-0.995633,0.0580132
419,5.93811,-2.56854,0.488675,-0.0298137,0.0685032,0.995785,-0.0532091,5.16531,-3.31443,-0.122938,0.0183918,-0.057118,-0.996417,0.0596045
420,5.44423,-2.68614,0.489044,-0.0123299,0.0664299,0.996192,-0.0551063,4.62552,-3.37948,-0.134857,0.00948076,-0.057647,-0.996491,0.059944
421,4.90883,-2.82141,0.464585,-0.0169383,0.0572427,0.996663,-0.0556787,4.10299,-3.44745,-0.130194,-0.016516,-0.0529531,-0.99676,0.0582518
422,4.39722,-2.9454,0.476636,0.00318348,0.057023,0.996716,-0.0574145,3.73113,-3.43534,-0.120676,-0.00924538,-0.0585738,-0.987083,0.148834
423,3.92261,-3.06105,0.496581,0.0164728,0.0539347,0.996745,-0.0576147,3.29015,-3.46892,-0.122531,0.050172,-0.098406,-0.992528,0.0518321
424,3.62952,-3.18589,0.510776,0.0148117,0.0572924,0.986236,-0.15439,3.19626,-3.43949,-0.139316,0.0559769,-0.0953441,-0.993861,0.00413029
425,3.29369,-3.14287,0.446522,-0.0534691,0.0994952,0.993325,-0.0233805,3.18667,-3.43978,-0.140376,0.0561997,-0.0952933,-0.993856,0.00338206
426,3.18918,-3.08492,0.423293,-0.0551611,0.0958186,0.99386,0.00425038,3.17768,-3.44004,-0.141371,0.0564083,-0.0952462,-0.993851,0.00268298
430,3.0061,-3.09497,0.399457,-0.0583744,0.0956942,0.993671,0.00723131,2.0026,-3.41009,-0.291173,0.0571983,-0.0991162,-0.992067,0.0520283
431,2.4901,-3.15327,0.335823,-0.0598578,0.0957615,0.99358,0.00671193,1.5049,-3.41018,-0.336956,0.0306207,-0.0979348,-0.994605,-0.0152599
432,2.13676,-3.16566,0.285114,-0.0645348,0.0936881,0.992212,0.050717,1.5049,-3.41018,-0.336956,0.0306207,-0.0979348,-0.994605,-0.0152599
433,1.86011,-3.22955,0.259702,-0.0568954,0.0999866,0.992478,-0.0418636,1.52221,-3.3242,-0.347043,0.0624117,-0.0994435,-0.971016,-0.208193
434,1.54799,-3.20467,0.243405,-0.0364692,0.098191,0.994344,0.0175719,1.30876,-3.33564,-0.364988,0.0205955,-0.0965282,-0.991566,-0.0839916
435,1.49372,-2.99501,0.197137,-0.0583038,0.099489,0.972698,0.2014,0.895613,-3.32274,-0.377931,0.0133021,-0.0977963,-0.995073,-0.00944735
436,1.40435,-3.05676,0.212041,-0.0361748,0.0972193,0.986284,0.128385,0.710505,-3.24235,-0.397423,-0.00996959,-0.0988452,-0.974323,0.202052
437,1.17774,-3.14501,0.220528,-0.016728,0.0972685,0.994066,0.0457439,0.709534,-3.24235,-0.397448,-0.0100573,-0.0988321,-0.974152,0.202875
438,0.925245,-3.19498,0.217942,-0.0134178,0.0977926,0.995058,0.010799,0.582282,-3.20153,-0.407881,-0.0312576,-0.0912889,-0.896937,0.431501
439,0.738333,-3.27731,0.226407,-0.000771773,0.0988044,0.989121,-0.108984,0.594116,-3.01434,-0.443371,-0.0255679,-0.0923294,-0.930447,0.353681
440,0.698404,-3.36535,0.243184,0.0174237,0.0984072,0.954784,-0.28,0.594267,-3.01431,-0.44337,-0.025504,-0.0923599,-0.930721,0.352956
441,0.704251,-3.45188,0.256043,0.0305241,0.0915796,0.895712,-0.434029,0.767268,-3.00685,-0.441245,-0.00747238,-0.0994591,-0.98419,0.146362
442,0.644726,-3.2105,0.211608,0.0253851,0.0922035,0.927222,-0.362095,0.933392,-2.94741,-0.449919,0.012926,-0.0972338,-0.994406,-0.0391703
443,0.639886,-3.08136,0.190018,0.0121871,0.0978251,0.973112,-0.20817,0.767695,-2.61059,-0.518594,0.0420526,-0.0827668,-0.917638,-0.386421
444,0.777499,-2.97722,0.17537,0.000749079,0.099023,0.990169,-0.0987845,0.441903,-2.21854,-0.587773,0.0530938,-0.067669,-0.864607,-0.495032
445,0.877402,-2.65087,0.11611,-0.0252595,0.093902,0.980258,0.172156,0.441903,-2.21854,-0.587773,0.0530938,-0.067669,-0.864607,-0.495032
446,0.947076,-2.35822,0.0606846,-0.0467569,0.0847932,0.914684,0.392399,0.345747,-2.1174,-0.60084,0.0682276,-0.0541702,-0.792168,-0.604053
447,0.708548,-2.07418,0.00558022,-0.0456035,0.0766986,0.878603,0.469143,0.345226,-2.11645,-0.600855,0.0678337,-0.0539755,-0.792199,-0.604075
448,0.48814,-1.78979,-0.0468465,-0.0520918,0.0718735,0.850145,0.519013,0.274695,-1.80202,-0.620943,0.00177997,0.00831881,-0.744269,-0.667826
449,0.45455,-1.65499,-0.0613173,-0.0712061,0.0516015,0.800275,0.59315,0.274534,-1.6082,-0.624305,-0.0253485,0.0336949,-0.701262,-0.711656
450,0.423405,-1.48604,-0.0442819,-0.047012,0.0227576,0.765727,0.641041,0.279368,-0.944993,-0.557633,-0.0336554,0.0484885,-0.700521,-0.711187
451,0.457762,-1.29449,-0.00110651,0.0128237,-0.0229818,0.703111,0.710593,0.279337,-0.944249,-0.557538,-0.0336547,0.0485406,-0.700545,-0.71116
452,0.430245,-0.96455,0.0289034,0.0252872,-0.0338689,0.698201,0.714653,0.218453,-0.929753,-0.559225,-0.012425,0.0469526,-0.785795,-0.616577
453,0.379735,-0.468201,0.0956186,0.0353711,-0.0505865,0.697437,0.713983,0.220703,-0.941586,-0.560639,-0.0127081,0.0465112,-0.787631,-0.614258
454,0.206121,-0.481395,0.0777462,0.0121668,-0.047084,0.782989,0.620132,0.222454,-0.952071,-0.561908,-0.0130086,0.0461475,-0.789925,-0.611327
460,0.278443,-0.636312,0.0581801,0.022188,-0.0360525,0.749819,0.660288,0.222964,-1.69457,-0.629493,-0.0239106,0.0314973,-0.661977,-0.74848
461,0.351874,-0.884657,0.0358446,0.0244126,-0.0343737,0.715351,0.697492,0.223186,-1.6938,-0.629502,-0.0239815,0.0312473,-0.661819,-0.748628
462,0.395285,-1.11778,0.0167134,0.0250929,-0.0338789,0.70101,0.711904,0.217676,-1.60701,-0.624911,-0.031016,0.0285585,-0.561183,-0.826617
463,0.439242,-1.25176,0.00574873,0.0255266,-0.0283386,0.65529,0.754414,0.218896,-1.54636,-0.619816,-0.0379288,0.0184057,-0.298292,-0.953543
464,0.499084,-1.18946,0.0114626,0.029934,-0.0297127,0.586049,0.809177,0.15067,-1.61818,-0.625913,-0.0418876,0.00570353,0.0488786,-0.99791
465,0.590899,-1.17554,0.0137405,0.0336534,-0.0254165,0.472491,0.880326,0.142998,-1.54398,-0.620665,-0.0417946,-0.00710823,0.338939,-0.939853
466,0.713634,-1.27062,0.00714374,0.0384822,-0.0172262,0.264332,0.96351,0.143029,-1.54397,-0.620663,-0.0417915,-0.00713724,0.339899,-0.939506
467,0.750171,-1.51435,-0.0126086,0.0415835,-0.00691139,0.0101025,0.99906,0.519031,-1.90366,-0.598122,0.00866347,0.0584668,0.422235,-0.904557
468,0.653745,-1.6995,-0.0276774,0.0428182,0.00275765,-0.261639,0.964212,0.909708,-2.29678,-0.575328,0.0785811,0.0475957,0.465297,-0.880374
469,0.722645,-1.87487,-0.0111745,0.0268347,-0.0110603,-0.384057,0.922853,0.909943,-2.29657,-0.575325,0.0786882,0.0477275,0.466143,-0.879909
470,0.992553,-2.11049,0.0527911,-0.0099845,-0.056336,-0.417542,0.906855,0.897761,-2.56311,-0.523846,0.0714126,0.0663662,0.628746,-0.771475
471,1.24402,-2.37537,0.0880596,-0.056898,-0.0553155,-0.448801,0.890101,0.856626,-2.53319,-0.529934,0.0544224,0.0757022,0.757014,-0.646712
472,1.26047,-2.53045,0.0978342,-0.0689515,-0.0587289,-0.590565,0.801891,0.85671,-2.53241,-0.530082,0.0544915,0.0757196,0.757204,-0.646482
473,1.29315,-2.89596,0.174134,-0.069844,-0.0675537,-0.629622,0.770802,0.863818,-2.27415,-0.579215,0.0501587,0.0764856,0.794712,-0.600056
474,1.09099,-2.85356,0.157259,-0.0523706,-0.0759986,-0.752459,0.652141,0.889573,-2.1452,-0.600167,0.0608884,0.0681599,0.746238,-0.659375
475,1.05614,-2.63537,0.116603,-0.051802,-0.075451,-0.767159,0.634895,0.845648,-2.40153,-0.555222,0.0508965,0.0763549,0.781256,-0.617428
476,1.05604,-2.45581,0.0833266,-0.0544467,-0.0731088,-0.751097,0.653868,0.84574,-2.40064,-0.555391,0.0509453,0.0763884,0.781542,-0.617059
478,1.03009,-2.68349,0.123649,-0.0482922,-0.0767223,-0.779129,0.620274,0.815406,-2.20819,-0.592567,0.0525509,0.0739206,0.777233,-0.622642
479,1.03781,-2.48182,0.0876694,-0.0552397,-0.0728575,-0.753676,0.650855,0.877742,-2.19012,-0.595177,0.065623,0.0629686,0.647374,-0.756727
480,0.974413,-2.58425,0.104573,-0.0513085,-0.0764753,-0.787415,0.609506,0.97139,-2.81186,-0.475162,0.0687142,0.0710465,0.649306,-0.754077
481,0.976619,-2.43101,0.0830293,-0.0563687,-0.0699583,-0.775557,0.624852,0.97139,-2.81186,-0.475162,0.0687142,0.0710465,0.649306,-0.754077
482,1.17661,-2.40687,0.0740663,-0.0577576,-0.0566327,-0.637745,0.765989,1.06662,-3.46683,-0.345028,0.0657563,0.0732527,0.649616,-0.753863
483,1.30684,-2.90235,0.179255,-0.0711031,-0.0700692,-0.646297,0.756529,1.207,-3.93754,-0.251405,0.0676519,0.0581897,0.528745,-0.844077
484,1.43534,-3.37765,0.270919,-0.0657819,-0.0736172,-0.646527,0.756476,1.20693,-3.93749,-0.25141,0.0677608,0.0581254,0.527675,-0.844742
485,1.57438,-3.87243,0.368844,-0.0625156,-0.0722057,-0.648768,0.754969,1.18558,-3.92354,-0.254825,0.0762319,0.0465658,0.392235,-0.915517
486,1.89446,-4.09777,0.417677,-0.0722586,-0.0520863,-0.457275,0.884853,1.17154,-3.90702,-0.258178,0.0759377,0.046819,0.396591,-0.913651
487,1.93498,-4.04953,0.410455,-0.0763266,-0.0465072,-0.391121,0.915989,1.15754,-3.8903,-0.261568,0.0756813,0.0470996,0.400943,-0.911756
494,1.87546,-3.95519,0.39069,-0.0777221,-0.0438038,-0.362305,0.92778,1.74558,-4.02488,-0.199422,0.0919615,0.0693567,0.117062,-0.986422
495,1.96299,-3.8311,0.375079,-0.0890536,-0.0332973,-0.206699,0.973774,1.74592,-4.02463,-0.199459,0.0922047,0.0696026,0.116545,-0.986444
496,2.08752,-3.82066,0.377806,-0.0895174,-0.0266785,-0.133365,0.986655,2.29445,-4.10156,-0.125682,0.0830792,0.0681244,0.079657,-0.991015
497,2.48903,-3.8905,0.44999,-0.089442,-0.0575492,-0.133557,0.985318,2.8303,-4.1613,-0.0482555,0.0850485,0.0638536,0.0390162,-0.993563
498,2.7892,-3.86217,0.485559,-0.081706,-0.0673018,-0.0839904,0.990828,2.8341,-4.16154,-0.0477346,0.0850393,0.0638598,0.0390583,-0.993562
499,3.30451,-3.89174,0.561088,-0.0834621,-0.0675717,-0.0879226,0.990322,3.67423,-4.22355,-0.00720052,0.0863311,-0.00997742,0.0438076,-0.995253
500,3.61952,-3.85478,0.599755,-0.0854205,-0.0626949,-0.0425113,0.993461,3.76723,-3.953,-0.0491878,0.0741135,0.0175104,0.48127,-0.873258
501,4.07676,-3.83488,0.610029,-0.0869614,-0.0238913,-0.0427259,0.995008,3.76722,-3.95285,-0.0492103,0.0741031,0.0175224,0.481412,-0.87318
502,4.67543,-3.8145,0.593527,-0.0867937,0.00963772,-0.0374576,0.995475,3.75879,-3.47124,-0.118643,0.0478612,0.0285634,0.692416,-0.719343
503,4.56897,-3.87471,0.604896,-0.0829033,-0.00734211,-0.306942,0.948082,3.75885,-3.46957,-0.118823,0.0478512,0.0285918,0.692804,-0.718968
504,4.42356,-3.83478,0.596581,-0.0728428,-0.0176942,-0.498561,0.863607,3.76914,-3.14562,-0.153852,0.0480372,0.0282436,0.687685,-0.723868
505,4.30129,-3.71599,0.576004,-0.0610583,-0.0244698,-0.609099,0.790361,3.76914,-3.14493,-0.153925,0.0480413,0.0282358,0.687568,-0.723979
506,4.22187,-3.54516,0.544087,-0.0504233,-0.0232096,-0.661009,0.748322,3.79225,-3.09223,-0.160198,0.0504815,0.0230416,0.607599,-0.792303
507,4.1471,-3.34958,0.522755,-0.0469671,-0.0301245,-0.709837,0.702153,3.79224,-3.09164,-0.160261,0.0504878,0.0230263,0.607356,-0.79249
508,4.15108,-3.09309,0.494675,-0.0480164,-0.0282599,-0.682292,0.728954,3.94503,-3.32384,-0.139394,0.0515266,0.0193807,0.569133,-0.8204
510,4.26804,-2.99212,0.481068,-0.0511037,-0.0214173,-0.576892,0.814939,3.93976,-2.93864,-0.180621,0.0481257,0.0286703,0.685599,-0.725821
511,4.42803,-3.14347,0.493947,-0.0522785,-0.0172829,-0.528325,0.847255,3.95046,-3.03998,-0.170082,0.049825,0.0245786,0.631462,-0.773414
512,4.40206,-3.1579,0.497891,-0.0500243,-0.0241094,-0.619616,0.782938,3.95046,-3.03982,-0.170099,0.049838,0.0245735,0.6314,-0.773464
513,4.30789,-2.92747,0.474537,-0.0482241,-0.0278863,-0.677178,0.733708,3.94677,-2.79424,-0.196339,0.0487936,0.0267895,0.665186,-0.7446
514,4.35048,-3.10408,0.493087,-0.0484168,-0.0274975,-0.671677,0.738748,3.94676,-2.7932,-0.196457,0.04879,0.026809,0.665401,-0.744407
515,4.38746,-2.95935,0.476505,-0.0501226,-0.0238997,-0.616331,0.785527,3.88271,-2.44997,-0.255593,0.0310926,0.104368,0.695847,-0.709885
516,4.332,-2.79992,0.459997,-0.0491781,-0.0260159,-0.648877,0.758856,3.85554,-2.20492,-0.305433,0.0211113,0.0984175,0.752485,-0.650872
517,4.27255,-2.64726,0.44233,-0.0423426,-0.0323739,-0.682709,0.728744,3.85549,-2.20515,-0.30539,0.0210696,0.0984356,0.752718,-0.650602
518,4.16995,-2.41117,0.433784,-0.0307718,-0.104901,-0.694884,0.710764,3.83901,-2.28882,-0.291436,0.00606614,0.104306,0.836751,-0.537524
519,4.12591,-2.15308,0.383185,-0.0296081,-0.104886,-0.702154,0.703635,3.52596,-2.80134,-0.225983,0.000645998,0.108568,0.867373,-0.485671
520,4.00988,-2.14461,0.363621,-0.0166175,-0.0995577,-0.775457,0.623281,3.52596,-2.80134,-0.225983,0.000645998,0.108568,0.867373,-0.485671
521,3.92815,-2.17904,0.361835,-0.00604982,-0.104172,-0.834643,0.540816,3.13642,-3.1982,-0.191241,-0.0149975,0.111806,0.900427,-0.420126
522,3.75665,-2.4322,0.389224,0.000266251,0.108762,0.866986,-0.486318,2.46812,-3.89669,-0.140819,-0.0254247,0.106352,0.932017,-0.345524
523,3.57923,-2.69509,0.411925,-0.00697683,0.108634,0.898082,-0.426143,2.46544,-3.89914,-0.140727,-0.0255242,0.106174,0.932027,-0.345544
524,3.27828,-3.06231,0.437142,-0.0131682,0.110558,0.901046,-0.41919,1.99208,-4.25973,-0.134959,-0.0339423,0.101902,0.95409,-0.279599
525,2.97526,-3.50671,0.471622,-0.0147904,0.111604,0.901155,-0.418622,1.98997,-4.26108,-0.134979,-0.0339482,0.1019,0.95409,-0.279599
526,2.75805,-3.67895,0.471479,-0.0237636,0.110256,0.932945,-0.341895,1.28808,-4.7255,-0.104995,0.0104399,0.0931324,0.956503,-0.276261
527,2.39717,-4.06238,0.479957,-0.0262718,0.104148,0.933642,-0.341725,1.28808,-4.7255,-0.104995,0.0104399,0.0931324,0.956503,-0.276261
528,2.14361,-4.20085,0.467488,-0.0333338,0.102108,0.955739,-0.273909,1.13029,-4.84005,-0.0905228,0.0354542,0.0839151,0.845178,-0.526665
529,1.75286,-4.51785,0.516957,0.00431257,0.113144,0.953802,-0.278284,1.13031,-4.84001,-0.0905298,0.0354538,0.0839153,0.845179,-0.526662
530,1.36787,-4.88165,0.541478,0.0128723,0.0901827,0.949856,-0.299125,1.13693,-4.82544,-0.0929925,0.0354212,0.0839292,0.845386,-0.526331
531,1.51353,-5.04061,0.57557,-0.0355496,-0.0838749,-0.840807,0.533615,1.13695,-4.82539,-0.0930041,0.0354273,0.0839311,0.845384,-0.526333
543,1.49154,-4.87888,0.547253,0.028793,0.0864242,0.880246,-0.465692,1.00612,-4.61564,-0.134487,0.0365402,0.082648,0.834991,-0.542793
544,1.28797,-4.86023,0.536459,0.0148629,0.0899583,0.943499,-0.318585,1.00612,-4.61548,-0.134517,0.0365405,0.082643,0.834918,-0.542907
545,1.33542,-4.9526,0.551612,0.0309411,0.0852073,0.866436,-0.490989,1.0108,-4.26048,-0.198434,0.0494906,0.0749652,0.738907,-0.667793
546,1.36458,-4.85881,0.536755,-0.0351207,-0.0833134,-0.840511,0.534198,1.01081,-4.25929,-0.198648,0.049518,0.0749568,0.7387,-0.66802
548,1.42022,-4.77113,0.523226,-0.041736,-0.0797488,-0.79441,0.600675,1.17515,-4.14546,-0.215004,0.0744689,0.0501147,0.427442,-0.899575
549,1.46342,-4.5732,0.490375,-0.0483261,-0.0754666,-0.743375,0.662845,1.3979,-4.15067,-0.201239,0.0869014,0.0450435,0.198071,-0.975288
550,1.59416,-4.38432,0.46146,-0.0599731,-0.0663792,-0.631731,0.770008,1.39986,-4.15138,-0.200959,0.0870424,0.0453352,0.198071,-0.975262
551,1.88646,-4.2675,0.45195,-0.0754319,-0.0487727,-0.419388,0.903352,1.62918,-4.28026,-0.162489,0.0904068,0.0541165,0.0944895,-0.989934
552,2.02211,-4.14942,0.436265,-0.0823698,-0.0363778,-0.270355,0.958541,2.29488,-4.23947,-0.100857,0.0894876,0.0593959,-0.0205424,-0.994003
553,2.42366,-4.16054,0.49628,-0.0911965,-0.0605909,-0.205262,0.972563,2.29781,-4.23932,-0.100519,0.0894874,0.059397,-0.0205428,-0.994003
554,2.55558,-4.13434,0.506809,-0.0918828,-0.0611037,-0.132502,0.985021,3.23776,-4.20183,-0.0154393,0.0853711,0.0170447,-0.011312,-0.996139
555,2.68575,-4.10695,0.519711,-0.0914593,-0.0647844,-0.0687043,0.991321,3.24115,-4.20175,-0.0152952,0.0853716,0.016582,-0.0112799,-0.996147
556,3.10442,-3.93825,0.543594,-0.0901895,-0.0583254,0.00868657,0.994177,3.8928,-3.98552,-0.0472498,0.0699171,-0.0302482,-0.34856,-0.934185
557,3.61316,-3.86934,0.602783,-0.0892898,-0.0575749,0.00695097,0.994316,3.89303,-3.98108,-0.0478942,0.0694013,-0.0307014,-0.354976,-0.93179
558,4.13771,-3.80459,0.601174,-0.0854741,-0.0105672,0.00715084,0.996259,3.90312,-3.8368,-0.069675,0.0550746,-0.039114,-0.508146,-0.858618
559,4.59323,-3.7063,0.576192,-0.085437,0.0169672,0.0396254,0.995411,3.90312,-3.83676,-0.0696807,0.055075,-0.0390903,-0.508148,-0.858618
560,4.68794,-3.42075,0.537485,-0.0773628,0.0250213,0.232463,0.969201,3.91365,-3.51751,-0.117776,0.031467,-0.0451785,-0.655026,-0.753598
561,4.55254,-3.13925,0.503919,-0.0610092,0.0354664,0.45483,0.887778,3.91367,-3.51655,-0.117874,0.0314578,-0.0451847,-0.655276,-0.753381
562,4.50405,-3.01664,0.486734,-0.0550146,0.0393175,0.507309,0.859107,3.90282,-3.34516,-0.135986,0.0410424,-0.0367131,-0.464481,-0.883869
563,4.40657,-2.85014,0.460423,-0.0415494,0.0561802,0.607549,0.791203,3.90276,-3.34519,-0.135984,0.0410585,-0.0366681,-0.46373,-0.884265
564,4.32835,-2.65621,0.444158,-0.0306367,0.0457285,0.664439,0.745313,3.86899,-3.20578,-0.149975,0.0542809,-0.0101964,0.0560426,-0.9969
565,4.3596,-2.47189,0.423915,-0.0327516,0.044255,0.628511,0.77585,3.86986,-3.20488,-0.150076,0.0544727,-0.00991899,0.0578391,-0.996789
566,4.50522,-2.5612,0.429673,-0.0423674,0.035148,0.425834,0.903125,4.10786,-3.13278,-0.163248,0.0514197,-0.0227807,-0.191969,-0.979788
567,4.62206,-2.72754,0.444502,-0.0505204,0.0218697,0.153756,0.986574,4.05194,-2.91823,-0.185856,0.044161,-0.0312287,-0.423514,-0.904274
568,4.83645,-2.79412,0.447064,-0.0538388,0.0105224,-0.0693941,0.99608,4.05201,-2.9165,-0.186046,0.044099,-0.0312925,-0.42544,-0.90337
569,4.8815,-2.51381,0.419911,-0.0536513,0.0217017,0.158527,0.985657,4.04243,-2.64443,-0.214962,0.0537926,-0.0120446,0.0201211,-0.998277
570,4.73856,-2.47359,0.415181,-0.0490649,0.0249794,0.207471,0.976691,4.04238,-2.64343,-0.21507,0.053863,-0.0118714,0.0221204,-0.998233
571,4.66485,-2.24811,0.394736,-0.0458842,0.0293346,0.351285,0.934683,3.95296,-2.44814,-0.260541,0.0716713,0.0524407,0.255103,-0.962827
572,4.68195,-2.10184,0.380607,-0.0500143,0.0234804,0.280848,0.95816,3.95237,-2.4479,-0.260561,0.0719066,0.0526239,0.254322,-0.963006
573,4.73064,-2.18096,0.383114,-0.0533799,0.0134082,-0.01693,0.998341,4.42031,-2.61977,-0.21762,0.056215,0.0133072,0.132899,-0.989445
574,4.60994,-2.25641,0.405691,-0.0664974,-0.0393587,-0.27698,0.957763,4.42408,-2.61995,-0.217532,0.0572429,0.0145166,0.132838,-0.989377
576,4.77464,-2.15947,0.404744,-0.0783301,-0.0310397,-0.186834,0.978772,5.1575,-2.6341,-0.198458,0.0548443,0.0196616,0.00663568,-0.998279
577,5.04661,-2.1935,0.385962,-0.0361092,0.00841119,-0.143252,0.988992,6.31934,-2.62692,-0.172404,0.0710252,-0.0148168,0.00516051,-0.997351
578,5.37096,-2.16545,0.412803,-0.0526736,-0.0203831,-0.0841307,0.994853,6.32218,-2.62702,-0.172571,0.0709628,-0.0151797,0.00517722,-0.99735
579,5.78103,-2.04786,0.421542,-0.0550455,-0.019119,-0.0181734,0.998135,7.5124,-2.6467,-0.322524,0.0719599,-0.0818841,0.00429129,-0.994031
580,6.29607,-2.00375,0.430937,-0.0570126,-0.0110078,-0.0151479,0.998198,7.51404,-2.64672,-0.322829,0.0719648,-0.082009,0.00428287,-0.994021
581,6.77563,-1.94873,0.465082,-0.0682762,-0.0218228,-0.0152317,0.997311,7.67769,-2.32181,-0.395155,0.0113448,-0.130123,-0.487094,-0.863527
582,7.36628,-1.88533,0.346403,-0.0719329,0.0760627,-0.00529379,0.994491,7.67769,-2.32181,-0.395155,0.0113448,-0.130123,-0.487094,-0.863527
583,7.90432,-1.83439,0.270894,-0.0715512,0.0734169,-0.00496342,0.994719,7.69836,-1.88735,-0.475824,-0.00177722,-0.14531,-0.652881,-0.74339
584,8.26842,-1.72771,0.184629,-0.0657669,0.0969399,0.0541004,0.99164,7.69844,-1.88563,-0.476157,-0.00173967,-0.145426,-0.653107,-0.743169
585,8.12356,-1.17906,0.125836,-0.0128027,0.130638,0.452659,0.881969,8.13443,-1.81624,-0.585598,0.0930829,-0.124317,-0.13765,-0.97823
586,8.00773,-0.945994,0.108387,-0.000688441,0.1253,0.574708,0.808709,8.13712,-1.81622,-0.586252,0.0932089,-0.124186,-0.136179,-0.97844
587,7.94124,-0.6994,0.063525,0.00489543,0.14148,0.632344,0.761643,8.74654,-1.82371,-0.726162,0.104034,-0.111614,-0.00607462,-0.988272
588,8.12193,-0.621545,0.00296459,-0.0301543,0.140308,0.492603,0.85834,8.74831,-1.82369,-0.726571,0.104102,-0.111669,-0.00599189,-0.98826
589,8.42366,-0.687997,-0.0457143,-0.0735091,0.138438,0.281967,0.946533,8.74982,-1.82367,-0.726921,0.104163,-0.111714,-0.00591981,-0.988248
590,8.6877,-0.78401,-0.078694,-0.0941036,0.123132,0.126326,0.979809,9.03486,-1.67062,-0.822517,0.0944415,-0.14551,-0.252643,-0.951882
591,8.94806,-0.818316,-0.125679,-0.100067,0.115175,0.0510798,0.986971,9.03541,-1.67059,-0.822652,0.0943806,-0.145553,-0.253255,-0.951719
592,9.16412,-0.823066,-0.166512,-0.102413,0.11126,0.0170857,0.988353,9.2501,-1.44962,-0.929405,0.0215948,-0.165107,-0.649772,-0.741667
593,9.44631,-0.804588,-0.231398,-0.110629,0.11582,0.00220026,0.987088,9.25014,-1.44782,-0.929883,0.0215319,-0.165129,-0.650063,-0.741409
594,9.54687,-0.542743,-0.311089,-0.106199,0.138307,0.167248,0.970372,9.1866,-0.982681,-1.03476,-0.0301109,-0.176779,-0.850993,-0.493613
595,9.5859,-0.342767,-0.364031,-0.0765001,0.153346,0.360219,0.916992,9.18512,-0.980049,-1.03511,-0.030148,-0.17684,-0.850974,-0.493621
596,9.53738,-0.178466,-0.390127,-0.0373491,0.160811,0.538584,0.82624,9.18388,-0.977864,-1.0354,-0.0301795,-0.176882,-0.850966,-0.493618
597,9.48053,0.0262817,-0.431484,-0.0158026,0.166055,0.633177,0.75582,8.72949,-0.17308,-1.1051,-0.106153,-0.137351,-0.84351,-0.508288
598,9.36745,0.0681517,-0.418671,0.0282081,0.167785,0.832188,0.527745,8.72835,-0.17096,-1.1051,-0.106661,-0.137045,-0.843446,-0.50837
599,9.13824,0.469802,-0.479897,0.0355732,0.176536,0.836338,0.517791,8.24453,0.679773,-1.03789,-0.107776,-0.0769012,-0.844452,-0.519009
600,8.86068,0.885588,-0.529304,0.0454863,0.174986,0.835677,0.518608,8.24453,0.679773,-1.03789,-0.107776,-0.0769012,-0.844452,-0.519009
601,8.58211,1.29932,-0.463169,0.121211,0.128441,0.843648,0.50702,7.87707,1.45002,-0.953935,-0.11807,-0.0720024,-0.891981,-0.430402
602,8.26661,1.68768,-0.429996,0.107671,0.0733166,0.849356,0.511494,7.87556,1.45201,-0.953596,-0.118008,-0.0720462,-0.89199,-0.430392
603,8.007,2.0937,-0.38583,0.106788,0.0793023,0.848524,0.512166,7.32574,2.28644,-0.785971,-0.168751,-0.120153,-0.881758,-0.423779
604,7.73383,2.50432,-0.334019,0.108349,0.0854228,0.84842,0.511025,7.32386,2.28901,-0.785364,-0.168752,-0.120107,-0.881757,-0.423794
605,7.49506,2.71569,-0.283059,0.117077,0.0734419,0.896218,0.421536,7.60463,2.25673,-0.886807,-0.0729904,-0.170442,-0.458091,-0.869353
606,7.17267,3.11366,-0.203137,0.1333,0.137943,0.890194,0.413228,7.60463,2.25673,-0.886807,-0.0729904,-0.170442,-0.458091,-0.869353
607,6.81657,3.47031,-0.0892082,0.168505,0.122411,0.890502,0.40451,8.01105,2.30582,-1.04222,-0.123815,-0.099739,-0.912173,-0.377708
608,6.98962,3.50661,-0.166135,0.13945,0.148879,0.800094,0.564126,8.01336,2.30558,-1.04311,-0.124023,-0.0990642,-0.913533,-0.374517
609,7.41107,3.53156,-0.315762,0.0951401,0.17025,0.563054,0.803077,7.53741,2.70029,-0.897803,-0.1618,-0.108895,-0.923559,-0.330155
610,7.64203,3.50969,-0.383132,0.0714584,0.166267,0.462067,0.868184,7.53829,2.70089,-0.898144,-0.161178,-0.109737,-0.923197,-0.33119
611,7.51802,3.59608,-0.369995,0.113098,0.124693,0.842339,0.511982,7.93403,2.63612,-1.04005,-0.045424,-0.156942,-0.453067,-0.876377
612,7.52882,3.45652,-0.371266,0.13076,0.0807666,0.951557,0.266305,7.93498,2.63615,-1.0404,-0.045102,-0.156935,-0.45159,-0.877157
613,7.08956,3.68566,-0.242916,0.146885,0.105868,0.951121,0.250172,8.23453,2.71439,-1.13918,-0.112842,-0.104444,-0.822467,-0.547637
614,7.00399,3.85542,-0.214331,0.153562,0.115786,0.913924,0.357429,8.23447,2.71514,-1.1392,-0.112819,-0.104363,-0.822809,-0.547143
615,7.33296,3.94152,-0.342741,0.115368,0.146898,0.781589,0.595172,8.23444,2.71558,-1.13923,-0.11282,-0.104321,-0.823014,-0.546843
616,7.84363,3.90734,-0.498794,0.0556861,0.15594,0.470061,0.866963,8.41848,2.83299,-1.1919,-0.110756,-0.0573226,-0.973141,-0.193503
617,7.95915,3.95665,-0.544843,0.0515872,0.146559,0.522223,0.838536,8.41848,2.83299,-1.1919,-0.110756,-0.0573226,-0.973141,-0.193503
618,7.87884,4.00672,-0.509847,0.102943,0.113986,0.764592,0.625946,7.277,3.39314,-0.851379,-0.198279,-0.0783144,-0.957534,-0.194117
619,7.79797,4.06098,-0.49452,0.112028,0.0960273,0.856906,0.493904,7.27503,3.39408,-0.850572,-0.198297,-0.0783105,-0.957533,-0.194104
620,7.7116,4.04014,-0.481989,0.112142,0.0741877,0.939159,0.316071,6.39767,3.82183,-0.469864,-0.220172,-0.0792201,-0.952845,-0.193222
621,7.71952,4.00495,-0.477361,0.120011,0.050958,0.972279,0.1941,6.39543,3.82291,-0.468835,-0.220342,-0.0791763,-0.952806,-0.193239
622,7.22931,4.18523,-0.367305,0.12369,0.0848928,0.969868,0.191964,6.39356,3.82381,-0.467979,-0.220479,-0.0791454,-0.952774,-0.193253
623,6.76694,4.33773,-0.17572,0.186863,0.0825369,0.961646,0.183049,5.40341,4.29753,-0.00157908,-0.198565,-0.0719447,-0.958258,-0.19271
624,6.28488,4.49078,0.00560321,0.200265,0.0803347,0.959696,0.180067,5.40163,4.29822,-0.000853625,-0.198372,-0.0718437,-0.958305,-0.192714
625,5.83237,4.63939,0.178232,0.204078,0.0845198,0.95894,0.177884,4.96764,4.51424,0.150156,-0.158411,-0.0712622,-0.91414,-0.3663
626,5.37177,4.78419,0.384524,0.228412,0.0817858,0.95453,0.173237,4.96889,4.51389,0.149665,-0.158316,-0.0714187,-0.913575,-0.367716
627,4.91064,4.92732,0.582703,0.229735,0.0818897,0.954176,0.17339,4.9698,4.51368,0.149308,-0.158244,-0.0715524,-0.913149,-0.36878
628,4.35308,5.10575,0.772122,0.190527,0.0697212,0.962218,0.181588,5.30123,4.74711,0.0140275,-0.140264,-0.152933,-0.759228,-0.616855
629,3.83236,5.23214,0.912343,0.160081,0.0511446,0.96802,0.186268,5.30184,4.74776,0.013724,-0.140485,-0.152725,-0.760135,-0.615739
630,3.93794,5.34055,0.884924,0.159294,0.0694865,0.930739,0.321748,5.43472,5.0584,-0.0644698,-0.198339,-0.0808584,-0.949229,-0.23041
631,4.20586,5.40934,0.789604,0.136222,0.101719,0.835456,0.5226,5.43344,5.05903,-0.0639616,-0.198195,-0.0807814,-0.949267,-0.230404
632,4.64015,5.47232,0.629491,0.112835,0.166803,0.641241,0.740443,5.43344,5.05903,-0.0639616,-0.198195,-0.0807814,-0.949267,-0.230404
633,4.57627,5.71057,0.633496,0.136768,0.156059,0.735696,0.644741,4.47726,5.7653,0.32754,-0.178877,-0.0663145,-0.930086,-0.31392
634,4.40907,5.74353,0.694172,0.183821,0.100388,0.927179,0.310598,4.47729,5.76544,0.32756,-0.17886,-0.0661595,-0.930511,-0.312699
635,4.39482,5.6663,0.703384,0.202252,0.0576735,0.971922,0.105527,4.93478,5.71061,0.136102,-0.199209,0.0112939,-0.979801,0.0133792
636,4.25056,5.92918,0.737284,0.191341,0.0808229,0.953866,0.216785,4.93958,5.71062,0.13428,-0.199699,0.0111301,-0.979711,0.0127374
637,4.06993,6.09056,0.808271,0.193821,0.0961457,0.927483,0.304901,4.94333,5.71067,0.132849,-0.200182,0.0109397,-0.97962,0.0123501
638,3.5568,6.4013,0.994933,0.193694,0.0674778,0.931772,0.29955,5.74238,5.68349,-0.218508,-0.220175,-0.000360763,-0.972803,-0.0719497
639,3.36895,6.45444,1.04371,0.181703,0.0515235,0.958467,0.213707,5.74489,5.68338,-0.219536,-0.220637,-0.000477529,-0.972666,-0.0723839
640,3.54404,6.37274,0.982584,0.191269,0.0205564,0.976025,0.101829,5.74689,5.68332,-0.220355,-0.221026,-0.000579355,-0.972554,-0.0727035
641,3.73264,6.25128,0.916323,0.198998,-0.0128247,0.979687,-0.0211712,6.28779,5.61036,-0.49058,-0.240898,0.0370387,-0.966303,0.082796
642,4.04833,6.29697,0.799786,0.208135,-0.00388136,0.978086,0.00342843,6.28779,5.61036,-0.49058,-0.240898,0.0370387,-0.966303,0.082796
643,4.32598,6.32774,0.695125,0.204051,-0.0118834,0.978529,0.0265154,6.28779,5.61036,-0.49058,-0.240898,0.0370387,-0.966303,0.082796
644,4.63828,6.39479,0.570973,0.224179,0.00344534,0.972253,0.0667564,5.39712,5.58765,-0.0570944,-0.20364,-0.00134597,-0.978517,-0.0321484
645,4.81359,6.3553,0.511543,0.237246,-0.0104792,0.971229,0.0178657,5.39669,5.5877,-0.056932,-0.203639,-0.00136864,-0.978517,-0.0321407
646,5.05834,6.315,0.396544,0.237539,-0.02175,0.970987,-0.0169532,5.08587,5.7321,0.0764968,-0.210685,-0.0330582,-0.961877,-0.171209
647,4.80937,6.14114,0.522981,0.242815,-0.0317734,0.966873,-0.0720323,5.08608,5.73204,0.0764029,-0.210696,-0.0330689,-0.961874,-0.171208
648,4.51053,6.23686,0.624035,0.214279,0.000465893,0.976406,0.0267434,5.01892,5.72012,0.102519,-0.207274,0.0121911,-0.978004,0.0199315
649,4.24491,6.2591,0.723108,0.200977,0.0110896,0.977542,0.0624294,5.02045,5.71752,0.101718,-0.207063,0.0133649,-0.977908,0.0253246
650,3.998,6.44225,0.827528,0.210602,0.0386589,0.964406,0.155153,5.02045,5.71752,0.101718,-0.207063,0.0133649,-0.977908,0.0253246
654,3.61546,6.22299,0.961492,0.197339,-0.0142065,0.979836,-0.0278759,3.2851,5.63051,0.802632,-0.153194,0.00930331,-0.985991,0.0653154
655,3.07715,6.13088,1.17302,0.200863,-0.00157383,0.979178,-0.0293698,3.2851,5.63051,0.802632,-0.153194,0.00930331,-0.985991,0.0653154
656,2.62471,6.0559,1.34981,0.200863,0.00135163,0.979212,-0.02821,2.94226,5.00822,0.902844,-0.133786,0.044707,-0.915502,0.376773
658,2.42951,6.05657,1.41915,0.191731,0.00699956,0.981407,-0.00551965,2.93993,5.0058,0.903569,-0.133786,0.0447072,-0.915502,0.376773
659,2.01486,5.94314,1.53085,0.148721,-0.0120751,0.986678,-0.0648302,3.13527,4.70029,0.852913,-0.141023,-0.00311558,-0.988961,0.0453656
660,2.20621,5.81588,1.47573,0.15402,-0.0312123,0.966194,-0.204386,3.13734,4.70031,0.852306,-0.141018,-0.00317468,-0.98898,0.0449666
661,2.22882,5.47917,1.49871,0.160895,-0.0664485,0.915743,-0.362095,3.13919,4.70032,0.851769,-0.141017,-0.00322475,-0.988996,0.0446154
662,1.89666,5.10538,1.58234,0.133335,-0.0460321,0.919201,-0.367657,3.92727,4.69906,0.569606,-0.20205,-0.0153417,-0.97841,-0.0406639
663,1.52354,4.70269,1.59864,0.0604434,-0.0705321,0.948895,-0.301612,3.92861,4.69902,0.569027,-0.202047,-0.0153932,-0.978398,-0.0409472
664,1.65923,4.84488,1.64256,0.107737,-0.0462215,0.985094,-0.125878,3.93018,4.69895,0.568353,-0.202056,-0.0154311,-0.978382,-0.0412823
665,1.89814,4.99432,1.59778,0.141052,0.000833828,0.988629,-0.0521082,4.31181,4.83416,0.402155,-0.185063,-0.0787885,-0.9133,-0.354157
666,2.16883,5.05657,1.52348,0.144303,0.00485964,0.989345,-0.0186979,4.30856,4.8374,0.403506,-0.185065,-0.0787943,-0.913299,-0.354158
667,2.43462,5.1204,1.45567,0.176336,0.0111477,0.984137,0.015977,4.30856,4.8374,0.403506,-0.185065,-0.0787943,-0.913299,-0.354158
668,2.71034,5.1541,1.38131,0.202455,0.0135333,0.978764,0.0291615,3.58787,5.37279,0.702563,-0.188936,-0.0574306,-0.950491,-0.23994
669,2.99063,5.22834,1.26834,0.200017,0.0277397,0.97544,0.0879799,3.5846,5.37471,0.703821,-0.18874,-0.0574872,-0.950532,-0.239918
670,3.23386,5.32164,1.17038,0.194564,0.0512904,0.961058,0.189422,3.58175,5.3764,0.704927,-0.188567,-0.057539,-0.950569,-0.239898
671,3.48047,5.45901,1.06953,0.176061,0.0831809,0.917166,0.347693,3.5181,5.33778,0.722795,-0.147403,-0.10355,-0.802611,-0.568653
672,3.22205,5.59045,1.16081,0.188867,0.0691553,0.941049,0.27198,3.51816,5.33638,0.722766,-0.147261,-0.103656,-0.802117,-0.569367
673,2.6531,5.87336,1.36678,0.192027,0.0590414,0.953329,0.225398,3.62088,4.81779,0.696229,-0.0935819,-0.173765,-0.510983,-0.836627
674,2.35462,6.08923,1.45059,0.160026,0.0679748,0.929726,0.324625,3.62104,4.81683,0.696226,-0.0934801,-0.173924,-0.510113,-0.837136
675,2.444,6.20307,1.4245,0.166636,0.0890179,0.88165,0.432436,3.62121,4.81587,0.696219,-0.0933965,-0.174083,-0.509241,-0.837643
676,2.63771,6.03887,1.3578,0.135983,0.112038,0.768162,0.615535,3.67536,5.30587,0.66121,-0.131298,-0.135032,-0.706607,-0.68208
677,2.82535,5.89407,1.29108,0.112786,0.137298,0.65256,0.73661,3.67536,5.30587,0.66121,-0.131298,-0.135032,-0.706607,-0.68208
678,2.97861,5.70972,1.2471,0.10282,0.160948,0.551292,0.812158,3.7111,5.8917,0.643374,-0.184307,-0.0796116,-0.913998,-0.352562
680,2.93587,5.85896,1.25503,0.113605,0.148082,0.620812,0.761419,3.71115,5.89198,0.643352,-0.184442,-0.0793667,-0.914501,-0.351241
681,2.85347,6.06323,1.27474,0.129088,0.134794,0.696755,0.692603,3.77502,5.89593,0.615396,-0.198849,-0.000970074,-0.979278,0.0383774
682,2.79894,6.33432,1.28507,0.144012,0.128831,0.754385,0.627349,3.77675,5.89603,0.614713,-0.198957,-0.000985933,-0.979259,0.0382935
683,2.68979,6.5201,1.31991,0.163435,0.116476,0.831406,0.518157,3.77799,5.89609,0.61422,-0.199057,-0.00098488,-0.979242,0.0382122
684,2.592,6.58073,1.35297,0.178114,0.0926139,0.900108,0.386656,3.48551,5.90525,0.727789,-0.179682,-0.00853718,-0.983685,-0.00217371
685,2.49614,6.43869,1.39398,0.194681,0.0486632,0.963946,0.174755,3.48268,5.90527,0.728899,-0.179512,-0.00853789,-0.983716,-0.00217373
686,2.2988,6.30273,1.45212,0.183343,0.00201516,0.982829,-0.0206859,3.47986,5.90529,0.730009,-0.179341,-0.00853861,-0.983748,-0.00217377
687,2.50693,6.27617,1.39233,0.199803,-0.000242184,0.979267,-0.0333883,2.29108,5.88165,1.09666,-0.140929,0.0155506,-0.989773,-0.0156716
690,2.07984,6.28354,1.52318,0.171357,0.00830543,0.985165,0.0041577,2.87711,5.929,0.928284,-0.129238,-0.0588373,-0.849135,-0.50873
691,1.59505,6.21383,1.64487,0.139029,-0.0190073,0.990082,0.00685324,2.87824,5.92909,0.927965,-0.129083,-0.0592177,-0.848096,-0.510455
692,1.06789,6.15378,1.79354,0.140685,-0.0176449,0.989876,0.00649315,3.25446,6.0132,0.811206,-0.162321,-0.0486658,-0.951745,-0.255861
694,1.40681,6.24813,1.70116,0.141717,-0.00436271,0.985623,0.0918956,3.25466,6.01283,0.811193,-0.162469,-0.048412,-0.952277,-0.253826
695,1.5967,6.42093,1.65233,0.141107,0.0225763,0.954633,0.261257,3.05671,5.994,0.876413,-0.160296,-0.0301349,-0.961102,-0.22289
696,1.87102,6.63057,1.57195,0.121564,0.0803521,0.809648,0.568538,3.05885,5.99552,0.875843,-0.1617,-0.0316258,-0.960298,-0.225124
697,2.10911,6.73478,1.5002,0.11524,0.109659,0.730526,0.664098,3.35086,5.81334,0.782652,-0.100127,-0.143058,-0.613552,-0.770106
698,2.0009,6.51013,1.54287,0.166627,0.0407251,0.969247,0.176456,3.35093,5.81221,0.782646,-0.100034,-0.143156,-0.613053,-0.770497
699,1.80764,6.2822,1.5896,0.135229,-0.0217507,0.990514,0.0110061,3.35099,5.81124,0.782649,-0.099966,-0.143235,-0.612632,-0.770826
701,1.86405,6.56451,1.58087,0.154609,0.0444986,0.941555,0.295957,3.49321,5.71637,0.727738,-0.0329288,-0.172604,-0.192641,-0.965408
702,2.08357,6.68062,1.50599,0.133418,0.082413,0.844531,0.512031,3.49714,5.71782,0.72635,-0.0330451,-0.173362,-0.19256,-0.965284
703,2.45263,6.67643,1.39106,0.112316,0.130367,0.668205,0.723803,4.2299,5.95318,0.428598,0.00239648,-0.200096,0.0277918,-0.979379
704,2.63639,6.49721,1.33478,0.0934496,0.150942,0.542507,0.821078,4.23125,5.95437,0.428144,0.00282506,-0.200015,0.0308536,-0.979303
705,2.78287,6.30816,1.29269,0.0726621,0.163227,0.389486,0.903536,4.23327,5.95576,0.427439,0.00334218,-0.199916,0.0346236,-0.979195
706,2.90969,6.18805,1.25708,0.0305889,0.157644,0.16755,0.972697,4.69763,5.843,0.241934,0.0865387,-0.189336,0.489121,-0.847009
707,3.34985,6.32458,1.05797,0.013686,0.205191,0.0828836,0.97511,4.69765,5.84237,0.241899,0.0867219,-0.189258,0.489923,-0.846544
708,3.76616,6.45327,0.895623,0.0176426,0.20063,0.0827252,0.976009,4.88768,5.55199,0.166158,0.211154,-0.0880661,0.880231,-0.415753
709,4.07815,6.32296,0.798761,-0.0233945,0.184274,-0.145237,0.971803,4.8877,5.55168,0.166165,0.211201,-0.0878577,0.880708,-0.414764
710,4.20309,6.20743,0.733429,-0.0548317,0.192642,-0.300827,0.932409,4.88771,5.55143,0.166178,0.211224,-0.0876805,0.88111,-0.413935
711,4.1385,6.05975,0.756773,-0.0876817,0.188771,-0.459312,0.863545,5.04334,5.70589,0.0922661,0.207712,-0.00783663,0.978131,-0.00727683
712,4.03581,5.88654,0.796515,-0.125163,0.166125,-0.64805,0.732644,5.0429,5.70589,0.0924651,0.207708,-0.00783079,0.978132,-0.00726657
713,3.98016,5.82909,0.843712,-0.172402,0.121493,-0.811063,0.545614,5.0429,5.70589,0.0924651,0.207708,-0.00783079,0.978132,-0.00726657
714,3.90134,5.79211,0.898557,0.208377,-0.0933855,0.897966,-0.376184,4.88032,5.69866,0.166515,0.185514,-0.113487,0.832346,-0.509809
715,3.75001,6.07288,0.923756,0.195691,-0.022068,0.978344,-0.0637246,4.88032,5.69866,0.166515,0.185514,-0.113487,0.832346,-0.509809
716,3.67587,6.27161,0.946284,0.195745,-0.000904523,0.980196,0.0299882,4.88029,5.69964,0.166494,0.185279,-0.113715,0.831825,-0.510693
717,3.68357,6.19891,0.948504,0.19847,-0.0181881,0.979508,-0.0290259,4.92119,6.29909,0.159463,0.12003,-0.165716,0.649214,-0.732565
718,3.80006,6.24188,0.905055,0.200764,-0.00960375,0.979592,-0.00121963,4.92126,6.30081,0.159563,0.119896,-0.165848,0.648779,-0.732943
719,3.70158,6.08078,0.94657,0.200064,-0.0477429,0.968515,-0.140264,4.92129,6.30124,0.159589,0.119852,-0.165901,0.64865,-0.733052
720,3.8823,5.86343,0.900518,0.205046,-0.0986093,0.89652,-0.38011,5.93255,5.40021,-0.30724,0.0999486,-0.239959,0.362877,-0.894847
721,3.99658,5.89671,0.830934,-0.168174,0.127285,-0.816337,0.537689,5.93465,5.39789,-0.308389,0.100067,-0.239633,0.362836,-0.894937
722,4.06389,6.05047,0.780915,-0.13988,0.144391,-0.748163,0.632326,5.93703,5.39524,-0.309701,0.100198,-0.23926,0.362789,-0.895041
723,4.16413,6.27253,0.739282,-0.125511,0.159476,-0.671194,0.712961,6.43636,5.20122,-0.569841,0.176343,-0.15241,0.651689,-0.721786
724,4.31374,6.5086,0.68088,-0.100908,0.18434,-0.528568,0.822467,6.43762,5.20139,-0.570418,0.175994,-0.152799,0.649648,-0.723627
725,4.65142,6.44326,0.56122,-0.0632263,0.186879,-0.364824,0.909935,6.43886,5.20154,-0.570991,0.175594,-0.1532,0.647604,-0.725469
726,5.41051,5.90443,0.231245,-0.0993916,0.251838,-0.336667,0.901862,6.71537,4.97201,-0.687733,0.134297,-0.167652,0.554431,-0.80403
727,5.6718,5.68422,0.143131,-0.115256,0.21862,-0.370168,0.895487,6.71537,4.97201,-0.687733,0.134297,-0.167652,0.554431,-0.80403
728,5.80672,5.47283,0.0988339,-0.149854,0.184249,-0.529504,0.814384,6.71597,4.97148,-0.687909,0.134479,-0.16763,0.555637,-0.803171
729,5.78413,5.4939,0.10794,-0.184335,0.143888,-0.736582,0.634637,7.08599,4.50655,-0.825274,0.112143,-0.161623,0.490371,-0.849022
730,6.14282,5.54937,-0.0487857,-0.142794,0.174718,-0.534273,0.814638,7.08615,4.50534,-0.825272,0.112404,-0.161632,0.491567,-0.848294
731,6.11757,5.37956,-0.026089,-0.159419,0.156328,-0.641595,0.733828,7.0863,4.50424,-0.825271,0.112634,-0.161637,0.492625,-0.847648
732,6.31855,5.34143,-0.109242,-0.132917,0.172378,-0.531379,0.818691,7.41476,4.06396,-0.936692,0.10366,-0.153215,0.428235,-0.884531
733,6.33967,5.21541,-0.109337,-0.142777,0.162342,-0.595175,0.773968,7.41476,4.06396,-0.936692,0.10366,-0.153215,0.428235,-0.884531
734,6.56743,5.21455,-0.197376,-0.119391,0.161639,-0.528092,0.825068,7.41476,4.06396,-0.936692,0.10366,-0.153215,0.428235,-0.884531
735,6.86466,4.92187,-0.287178,-0.107961,0.162831,-0.462979,0.86457,7.63134,3.77179,-1.00197,0.107671,-0.131907,0.430692,-0.886291
736,6.77728,4.75559,-0.251496,-0.134833,0.163697,-0.597367,0.773419,7.63141,3.7717,-1.00199,0.107661,-0.131899,0.430703,-0.886288
737,6.9404,4.91915,-0.308863,-0.102201,0.163913,-0.414908,0.889123,7.6315,3.77158,-1.00202,0.107649,-0.131904,0.430716,-0.886283
738,7.30751,4.50752,-0.406166,-0.104377,0.149352,-0.431834,0.883357,7.94121,3.51225,-1.09571,0.119995,-0.0531459,0.906291,-0.401763
739,7.50454,4.3044,-0.44289,-0.108366,0.133936,-0.43533,0.883632,7.94234,3.51242,-1.09617,0.119939,-0.0526693,0.907082,-0.400054
742,7.49901,4.16939,-0.451619,-0.10305,0.120139,-0.598796,0.785106,7.69822,2.84651,-0.969721,0.127803,-0.135584,0.372037,-0.909325
743,7.40553,3.96067,-0.415288,-0.122091,0.112755,-0.75829,0.630378,7.69822,2.84651,-0.969721,0.127803,-0.135584,0.372037,-0.909325
744,7.34881,4.06715,-0.411788,0.118795,-0.0557069,0.914968,-0.381599,7.88961,2.48837,-1.01136,0.159375,-0.0353167,0.914432,-0.37036
745,6.99147,3.64158,-0.225037,0.175034,-0.0582776,0.922574,-0.338857,7.88781,2.48628,-1.0105,0.15945,-0.0354604,0.914423,-0.370336
746,6.78799,3.30721,-0.0989445,0.198947,-0.0636705,0.895017,-0.394094,7.8857,2.48383,-1.00951,0.159528,-0.0356438,0.914415,-0.370305
747,7.318,3.24982,-0.289255,-0.160575,0.123713,-0.636969,0.743762,7.8839,2.48171,-1.00866,0.159586,-0.0358139,0.91441,-0.370276
748,7.72706,3.41147,-0.429845,-0.119388,0.137882,-0.346421,0.920178,8.19025,2.3233,-1.10308,0.13638,-0.0708568,0.726156,-0.670132
749,7.73337,3.28521,-0.429677,-0.130961,0.11121,-0.579059,0.796977,8.19025,2.3233,-1.10308,0.13638,-0.0708568,0.726156,-0.670132
750,7.61198,3.31631,-0.410273,0.140922,-0.0460361,0.872155,-0.466228,8.19416,2.32415,-1.10436,0.136948,-0.0697467,0.731567,-0.664222
751,7.4252,3.17092,-0.335301,0.15559,-0.0332172,0.925272,-0.344326,8.28329,2.12736,-1.11527,0.134781,-0.0738491,0.711181,-0.686004
752,7.16948,2.78845,-0.201891,0.164494,-0.0609344,0.911673,-0.371594,8.28349,2.12732,-1.11533,0.134751,-0.0739086,0.710887,-0.686308
753,7.62461,2.74893,-0.345928,-0.138189,0.0874475,-0.711633,0.683254,8.28349,2.12732,-1.11533,0.134751,-0.0739086,0.710887,-0.686308
754,8.0037,2.80142,-0.472029,-0.115452,0.101442,-0.571647,0.805978,8.83252,1.82152,-1.25652,0.136078,-0.0607929,0.839213,-0.522981
755,7.83786,2.927,-0.432391,0.150074,-0.0331443,0.900944,-0.405807,8.8336,1.82172,-1.25683,0.136163,-0.060474,0.840252,-0.521324
756,7.62816,2.89632,-0.367563,0.153328,-0.0105213,0.949074,-0.275025,8.83462,1.82186,-1.25712,0.136232,-0.0602137,0.841223,-0.519768
757,7.71483,2.69165,-0.373955,0.148141,-0.0409906,0.878376,-0.452582,8.00225,1.16905,-0.980447,0.13371,-0.0264711,0.952181,-0.273445
758,8.33705,2.64674,-0.549848,-0.111249,0.106019,-0.532533,0.832341,8.00225,1.16905,-0.980447,0.13371,-0.0264711,0.952181,-0.273445
759,8.68955,2.71217,-0.654088,-0.0955105,0.117995,-0.400532,0.90362,8.00225,1.16905,-0.980447,0.13371,-0.0264711,0.952181,-0.273445
760,8.54049,2.35441,-0.590616,-0.126111,0.0848926,-0.724577,0.672218,6.53173,0.258756,-0.55276,0.144774,-0.0755887,0.963539,-0.211941
761,8.4782,2.48193,-0.578876,0.142004,-0.0442317,0.912385,-0.381355,6.53173,0.258756,-0.55276,0.144774,-0.0755887,0.963539,-0.211941
762,8.31994,2.44283,-0.526064,0.150644,-0.0207996,0.955563,-0.252533,6.53173,0.258756,-0.55276,0.144774,-0.0755887,0.963539,-0.211941
763,7.90727,2.12381,-0.387449,0.148538,-0.0238143,0.955542,-0.253592,4.65815,-0.597579,-0.208515,0.0408563,-0.0481153,0.974056,-0.217325
764,7.38459,1.72173,-0.24189,0.124588,-0.0328301,0.957929,-0.256461,4.65056,-0.6011,-0.20808,0.0408442,-0.0480264,0.974072,-0.217276
765,6.92734,1.35943,-0.110032,0.123413,-0.0447355,0.959396,-0.249655,4.6461,-0.603179,-0.207815,0.0408319,-0.0479843,0.974081,-0.217247
766,6.57401,1.17176,0.0376302,0.165896,-0.028397,0.965632,-0.198057,4.64432,-0.604012,-0.207717,0.0408258,-0.0479701,0.974084,-0.217236
767,6.06656,0.816995,0.156451,0.145406,-0.0754194,0.967002,-0.195129,4.24932,-1.20518,-0.24912,-0.0476773,-0.0105271,0.766804,-0.640021
768,5.65209,0.566902,0.323783,0.185799,-0.0769715,0.961907,-0.185175,4.24932,-1.20518,-0.24912,-0.0476773,-0.0105271,0.766804,-0.640021
769,5.15213,0.305049,0.431267,0.113066,-0.042965,0.972034,-0.201298,4.24932,-1.20518,-0.24912,-0.0476773,-0.0105271,0.766804,-0.640021
770,4.57264,-0.0267295,0.393041,0.0190214,-0.0498815,0.975554,-0.213177,4.2081,-1.72775,-0.291028,-0.0590539,0.00176013,0.620582,-0.781913
771,3.95339,-0.412194,0.392435,-0.00199824,-0.0513287,0.975738,-0.212829,4.20832,-1.72773,-0.291005,-0.0590508,0.00142773,0.620288,-0.782147
772,4.0523,-0.694197,0.343568,-0.0524285,-0.0140513,0.88616,-0.460189,4.20869,-1.72761,-0.290977,-0.0590608,0.000844535,0.619813,-0.782523
773,4.1791,-0.930412,0.333827,0.051985,0.00848607,-0.804924,0.591035,4.1802,-1.67021,-0.284467,-0.0374768,0.0335579,0.0668488,-0.996494
774,4.27527,-1.14713,0.316848,0.0477244,0.0107203,-0.752317,0.656983,4.18168,-1.67107,-0.284492,-0.0375164,0.0336123,0.0655854,-0.996575
775,4.33358,-1.36251,0.29797,0.0503264,0.0111053,-0.722078,0.68989,4.18416,-1.6722,-0.284436,-0.0377023,0.0338829,0.0643514,-0.996639
776,4.39898,-1.55479,0.286555,0.056824,0.00103235,-0.656248,0.752402,5.95294,-1.83036,-0.235943,0.0164384,0.00464822,0.0572639,-0.998213